ISO-10303-21;
HEADER;
FILE_DESCRIPTION((''),'2;1');
FILE_NAME('5037762410','2018-09-28T',('gga'),(''),
'PRO/ENGINEER BY PARAMETRIC TECHNOLOGY CORPORATION, 2016010',
'PRO/ENGINEER BY PARAMETRIC TECHNOLOGY CORPORATION, 2016010','');
FILE_SCHEMA(('CONFIG_CONTROL_DESIGN'));
ENDSEC;
DATA;
#1=CARTESIAN_POINT('',(-2.44E0,0.E0,-3.E-1));
#2=DIRECTION('',(0.E0,1.E0,0.E0));
#3=DIRECTION('',(0.E0,0.E0,-1.E0));
#4=AXIS2_PLACEMENT_3D('',#1,#2,#3);
#6=DIRECTION('',(0.E0,0.E0,1.E0));
#7=VECTOR('',#6,6.E-1);
#8=CARTESIAN_POINT('',(-2.54E0,0.E0,-3.E-1));
#9=LINE('',#8,#7);
#10=CARTESIAN_POINT('',(-2.44E0,0.E0,3.E-1));
#11=DIRECTION('',(0.E0,1.E0,0.E0));
#12=DIRECTION('',(-1.E0,0.E0,0.E0));
#13=AXIS2_PLACEMENT_3D('',#10,#11,#12);
#15=DIRECTION('',(1.E0,0.E0,0.E0));
#16=VECTOR('',#15,4.88E0);
#17=CARTESIAN_POINT('',(-2.44E0,0.E0,4.E-1));
#18=LINE('',#17,#16);
#19=CARTESIAN_POINT('',(2.44E0,0.E0,3.E-1));
#20=DIRECTION('',(0.E0,1.E0,0.E0));
#21=DIRECTION('',(0.E0,0.E0,1.E0));
#22=AXIS2_PLACEMENT_3D('',#19,#20,#21);
#24=DIRECTION('',(0.E0,0.E0,-1.E0));
#25=VECTOR('',#24,6.E-1);
#26=CARTESIAN_POINT('',(2.54E0,0.E0,3.E-1));
#27=LINE('',#26,#25);
#28=CARTESIAN_POINT('',(2.44E0,0.E0,-3.E-1));
#29=DIRECTION('',(0.E0,1.E0,0.E0));
#30=DIRECTION('',(1.E0,0.E0,0.E0));
#31=AXIS2_PLACEMENT_3D('',#28,#29,#30);
#33=DIRECTION('',(-1.E0,0.E0,0.E0));
#34=VECTOR('',#33,4.88E0);
#35=CARTESIAN_POINT('',(2.44E0,0.E0,-4.E-1));
#36=LINE('',#35,#34);
#37=DIRECTION('',(-1.E0,0.E0,0.E0));
#38=VECTOR('',#37,5.8E-1);
#39=CARTESIAN_POINT('',(3.035E0,0.E0,-7.2E-1));
#40=LINE('',#39,#38);
#41=DIRECTION('',(0.E0,0.E0,-1.E0));
#42=VECTOR('',#41,1.44E0);
#43=CARTESIAN_POINT('',(3.035E0,0.E0,7.2E-1));
#44=LINE('',#43,#42);
#45=DIRECTION('',(1.E0,0.E0,0.E0));
#46=VECTOR('',#45,5.8E-1);
#47=CARTESIAN_POINT('',(2.455E0,0.E0,7.2E-1));
#48=LINE('',#47,#46);
#49=DIRECTION('',(7.071067811865E-1,0.E0,7.071067811866E-1));
#50=VECTOR('',#49,1.414213562373E-2);
#51=CARTESIAN_POINT('',(2.445E0,0.E0,7.1E-1));
#52=LINE('',#51,#50);
#53=DIRECTION('',(1.E0,0.E0,0.E0));
#54=VECTOR('',#53,4.89E0);
#55=CARTESIAN_POINT('',(-2.445E0,0.E0,7.1E-1));
#56=LINE('',#55,#54);
#57=DIRECTION('',(7.071067811865E-1,0.E0,-7.071067811866E-1));
#58=VECTOR('',#57,1.414213562373E-2);
#59=CARTESIAN_POINT('',(-2.455E0,0.E0,7.2E-1));
#60=LINE('',#59,#58);
#61=DIRECTION('',(1.E0,0.E0,0.E0));
#62=VECTOR('',#61,5.8E-1);
#63=CARTESIAN_POINT('',(-3.035E0,0.E0,7.2E-1));
#64=LINE('',#63,#62);
#65=DIRECTION('',(0.E0,0.E0,1.E0));
#66=VECTOR('',#65,1.44E0);
#67=CARTESIAN_POINT('',(-3.035E0,0.E0,-7.2E-1));
#68=LINE('',#67,#66);
#69=DIRECTION('',(-1.E0,0.E0,0.E0));
#70=VECTOR('',#69,5.8E-1);
#71=CARTESIAN_POINT('',(-2.455E0,0.E0,-7.2E-1));
#72=LINE('',#71,#70);
#73=DIRECTION('',(-7.071067811865E-1,0.E0,-7.071067811866E-1));
#74=VECTOR('',#73,1.414213562373E-2);
#75=CARTESIAN_POINT('',(-2.445E0,0.E0,-7.1E-1));
#76=LINE('',#75,#74);
#77=DIRECTION('',(-1.E0,0.E0,0.E0));
#78=VECTOR('',#77,4.89E0);
#79=CARTESIAN_POINT('',(2.445E0,0.E0,-7.1E-1));
#80=LINE('',#79,#78);
#81=DIRECTION('',(-7.071067811865E-1,0.E0,7.071067811866E-1));
#82=VECTOR('',#81,1.414213562373E-2);
#83=CARTESIAN_POINT('',(2.455E0,0.E0,-7.2E-1));
#84=LINE('',#83,#82);
#85=DIRECTION('',(0.E0,-1.E0,0.E0));
#86=VECTOR('',#85,5.4E-1);
#87=CARTESIAN_POINT('',(-2.44E0,0.E0,-4.E-1));
#88=LINE('',#87,#86);
#89=DIRECTION('',(0.E0,-1.E0,0.E0));
#90=VECTOR('',#89,5.4E-1);
#91=CARTESIAN_POINT('',(2.44E0,0.E0,-4.E-1));
#92=LINE('',#91,#90);
#93=DIRECTION('',(0.E0,-1.E0,0.E0));
#94=VECTOR('',#93,5.4E-1);
#95=CARTESIAN_POINT('',(2.54E0,0.E0,-3.E-1));
#96=LINE('',#95,#94);
#97=DIRECTION('',(0.E0,-1.E0,0.E0));
#98=VECTOR('',#97,5.4E-1);
#99=CARTESIAN_POINT('',(2.54E0,0.E0,3.E-1));
#100=LINE('',#99,#98);
#101=DIRECTION('',(0.E0,-1.E0,0.E0));
#102=VECTOR('',#101,5.4E-1);
#103=CARTESIAN_POINT('',(2.44E0,0.E0,4.E-1));
#104=LINE('',#103,#102);
#105=DIRECTION('',(0.E0,-1.E0,0.E0));
#106=VECTOR('',#105,5.4E-1);
#107=CARTESIAN_POINT('',(-2.44E0,0.E0,4.E-1));
#108=LINE('',#107,#106);
#109=DIRECTION('',(0.E0,-1.E0,0.E0));
#110=VECTOR('',#109,5.4E-1);
#111=CARTESIAN_POINT('',(-2.54E0,0.E0,3.E-1));
#112=LINE('',#111,#110);
#113=DIRECTION('',(0.E0,-1.E0,0.E0));
#114=VECTOR('',#113,5.4E-1);
#115=CARTESIAN_POINT('',(-2.54E0,0.E0,-3.E-1));
#116=LINE('',#115,#114);
#117=CARTESIAN_POINT('',(-2.44E0,-5.4E-1,-3.E-1));
#118=DIRECTION('',(0.E0,1.E0,0.E0));
#119=DIRECTION('',(0.E0,0.E0,-1.E0));
#120=AXIS2_PLACEMENT_3D('',#117,#118,#119);
#122=DIRECTION('',(-1.E0,0.E0,0.E0));
#123=VECTOR('',#122,4.88E0);
#124=CARTESIAN_POINT('',(2.44E0,-5.4E-1,-4.E-1));
#125=LINE('',#124,#123);
#126=CARTESIAN_POINT('',(2.44E0,-5.4E-1,-3.E-1));
#127=DIRECTION('',(0.E0,1.E0,0.E0));
#128=DIRECTION('',(1.E0,0.E0,0.E0));
#129=AXIS2_PLACEMENT_3D('',#126,#127,#128);
#131=DIRECTION('',(0.E0,0.E0,-1.E0));
#132=VECTOR('',#131,6.E-1);
#133=CARTESIAN_POINT('',(2.54E0,-5.4E-1,3.E-1));
#134=LINE('',#133,#132);
#135=CARTESIAN_POINT('',(2.44E0,-5.4E-1,3.E-1));
#136=DIRECTION('',(0.E0,1.E0,0.E0));
#137=DIRECTION('',(0.E0,0.E0,1.E0));
#138=AXIS2_PLACEMENT_3D('',#135,#136,#137);
#140=DIRECTION('',(1.E0,0.E0,0.E0));
#141=VECTOR('',#140,4.88E0);
#142=CARTESIAN_POINT('',(-2.44E0,-5.4E-1,4.E-1));
#143=LINE('',#142,#141);
#144=CARTESIAN_POINT('',(-2.44E0,-5.4E-1,3.E-1));
#145=DIRECTION('',(0.E0,1.E0,0.E0));
#146=DIRECTION('',(-1.E0,0.E0,0.E0));
#147=AXIS2_PLACEMENT_3D('',#144,#145,#146);
#149=DIRECTION('',(0.E0,0.E0,1.E0));
#150=VECTOR('',#149,6.E-1);
#151=CARTESIAN_POINT('',(-2.54E0,-5.4E-1,-3.E-1));
#152=LINE('',#151,#150);
#153=DIRECTION('',(5.773502691896E-1,-5.773502691896E-1,-5.773502691896E-1));
#154=VECTOR('',#153,1.732050807569E-1);
#155=CARTESIAN_POINT('',(2.455E0,0.E0,-7.2E-1));
#156=LINE('',#155,#154);
#157=DIRECTION('',(0.E0,-1.E0,0.E0));
#158=VECTOR('',#157,5.6E-1);
#159=CARTESIAN_POINT('',(2.555E0,-1.E-1,-8.2E-1));
#160=LINE('',#159,#158);
#161=DIRECTION('',(0.E0,1.E0,0.E0));
#162=VECTOR('',#161,8.E-2);
#163=CARTESIAN_POINT('',(2.13E0,-6.6E-1,-7.1E-1));
#164=LINE('',#163,#162);
#165=DIRECTION('',(1.E0,0.E0,0.E0));
#166=VECTOR('',#165,1.4E-1);
#167=CARTESIAN_POINT('',(2.13E0,-5.8E-1,-7.1E-1));
#168=LINE('',#167,#166);
#169=DIRECTION('',(0.E0,1.E0,0.E0));
#170=VECTOR('',#169,8.E-2);
#171=CARTESIAN_POINT('',(2.27E0,-6.6E-1,-7.1E-1));
#172=LINE('',#171,#170);
#173=DIRECTION('',(0.E0,-1.E0,0.E0));
#174=VECTOR('',#173,6.6E-1);
#175=CARTESIAN_POINT('',(2.445E0,0.E0,-7.1E-1));
#176=LINE('',#175,#174);
#177=DIRECTION('',(0.E0,1.E0,0.E0));
#178=VECTOR('',#177,8.E-2);
#179=CARTESIAN_POINT('',(-2.27E0,-6.6E-1,-7.1E-1));
#180=LINE('',#179,#178);
#181=DIRECTION('',(1.E0,0.E0,0.E0));
#182=VECTOR('',#181,1.4E-1);
#183=CARTESIAN_POINT('',(-2.27E0,-5.8E-1,-7.1E-1));
#184=LINE('',#183,#182);
#185=DIRECTION('',(0.E0,1.E0,0.E0));
#186=VECTOR('',#185,8.E-2);
#187=CARTESIAN_POINT('',(-2.13E0,-6.6E-1,-7.1E-1));
#188=LINE('',#187,#186);
#189=DIRECTION('',(0.E0,1.E0,0.E0));
#190=VECTOR('',#189,8.E-2);
#191=CARTESIAN_POINT('',(-1.87E0,-6.6E-1,-7.1E-1));
#192=LINE('',#191,#190);
#193=DIRECTION('',(1.E0,0.E0,0.E0));
#194=VECTOR('',#193,1.4E-1);
#195=CARTESIAN_POINT('',(-1.87E0,-5.8E-1,-7.1E-1));
#196=LINE('',#195,#194);
#197=DIRECTION('',(0.E0,1.E0,0.E0));
#198=VECTOR('',#197,8.E-2);
#199=CARTESIAN_POINT('',(-1.73E0,-6.6E-1,-7.1E-1));
#200=LINE('',#199,#198);
#201=DIRECTION('',(0.E0,1.E0,0.E0));
#202=VECTOR('',#201,8.E-2);
#203=CARTESIAN_POINT('',(-1.47E0,-6.6E-1,-7.1E-1));
#204=LINE('',#203,#202);
#205=DIRECTION('',(1.E0,0.E0,0.E0));
#206=VECTOR('',#205,1.4E-1);
#207=CARTESIAN_POINT('',(-1.47E0,-5.8E-1,-7.1E-1));
#208=LINE('',#207,#206);
#209=DIRECTION('',(0.E0,1.E0,0.E0));
#210=VECTOR('',#209,8.E-2);
#211=CARTESIAN_POINT('',(-1.33E0,-6.6E-1,-7.1E-1));
#212=LINE('',#211,#210);
#213=DIRECTION('',(0.E0,1.E0,0.E0));
#214=VECTOR('',#213,8.E-2);
#215=CARTESIAN_POINT('',(-1.07E0,-6.6E-1,-7.1E-1));
#216=LINE('',#215,#214);
#217=DIRECTION('',(1.E0,0.E0,0.E0));
#218=VECTOR('',#217,1.4E-1);
#219=CARTESIAN_POINT('',(-1.07E0,-5.8E-1,-7.1E-1));
#220=LINE('',#219,#218);
#221=DIRECTION('',(0.E0,1.E0,0.E0));
#222=VECTOR('',#221,8.E-2);
#223=CARTESIAN_POINT('',(-9.3E-1,-6.6E-1,-7.1E-1));
#224=LINE('',#223,#222);
#225=DIRECTION('',(0.E0,1.E0,0.E0));
#226=VECTOR('',#225,8.E-2);
#227=CARTESIAN_POINT('',(-6.7E-1,-6.6E-1,-7.1E-1));
#228=LINE('',#227,#226);
#229=DIRECTION('',(1.E0,0.E0,0.E0));
#230=VECTOR('',#229,1.4E-1);
#231=CARTESIAN_POINT('',(-6.7E-1,-5.8E-1,-7.1E-1));
#232=LINE('',#231,#230);
#233=DIRECTION('',(0.E0,1.E0,0.E0));
#234=VECTOR('',#233,8.E-2);
#235=CARTESIAN_POINT('',(-5.3E-1,-6.6E-1,-7.1E-1));
#236=LINE('',#235,#234);
#237=DIRECTION('',(0.E0,1.E0,0.E0));
#238=VECTOR('',#237,8.E-2);
#239=CARTESIAN_POINT('',(-2.7E-1,-6.6E-1,-7.1E-1));
#240=LINE('',#239,#238);
#241=DIRECTION('',(1.E0,0.E0,0.E0));
#242=VECTOR('',#241,1.4E-1);
#243=CARTESIAN_POINT('',(-2.7E-1,-5.8E-1,-7.1E-1));
#244=LINE('',#243,#242);
#245=DIRECTION('',(0.E0,1.E0,0.E0));
#246=VECTOR('',#245,8.E-2);
#247=CARTESIAN_POINT('',(-1.3E-1,-6.6E-1,-7.1E-1));
#248=LINE('',#247,#246);
#249=DIRECTION('',(0.E0,1.E0,0.E0));
#250=VECTOR('',#249,8.E-2);
#251=CARTESIAN_POINT('',(1.3E-1,-6.6E-1,-7.1E-1));
#252=LINE('',#251,#250);
#253=DIRECTION('',(1.E0,0.E0,0.E0));
#254=VECTOR('',#253,1.4E-1);
#255=CARTESIAN_POINT('',(1.3E-1,-5.8E-1,-7.1E-1));
#256=LINE('',#255,#254);
#257=DIRECTION('',(0.E0,1.E0,0.E0));
#258=VECTOR('',#257,8.E-2);
#259=CARTESIAN_POINT('',(2.7E-1,-6.6E-1,-7.1E-1));
#260=LINE('',#259,#258);
#261=DIRECTION('',(0.E0,1.E0,0.E0));
#262=VECTOR('',#261,8.E-2);
#263=CARTESIAN_POINT('',(5.3E-1,-6.6E-1,-7.1E-1));
#264=LINE('',#263,#262);
#265=DIRECTION('',(1.E0,0.E0,0.E0));
#266=VECTOR('',#265,1.4E-1);
#267=CARTESIAN_POINT('',(5.3E-1,-5.8E-1,-7.1E-1));
#268=LINE('',#267,#266);
#269=DIRECTION('',(0.E0,1.E0,0.E0));
#270=VECTOR('',#269,8.E-2);
#271=CARTESIAN_POINT('',(6.7E-1,-6.6E-1,-7.1E-1));
#272=LINE('',#271,#270);
#273=DIRECTION('',(0.E0,1.E0,0.E0));
#274=VECTOR('',#273,8.E-2);
#275=CARTESIAN_POINT('',(9.3E-1,-6.6E-1,-7.1E-1));
#276=LINE('',#275,#274);
#277=DIRECTION('',(1.E0,0.E0,0.E0));
#278=VECTOR('',#277,1.4E-1);
#279=CARTESIAN_POINT('',(9.3E-1,-5.8E-1,-7.1E-1));
#280=LINE('',#279,#278);
#281=DIRECTION('',(0.E0,1.E0,0.E0));
#282=VECTOR('',#281,8.E-2);
#283=CARTESIAN_POINT('',(1.07E0,-6.6E-1,-7.1E-1));
#284=LINE('',#283,#282);
#285=DIRECTION('',(0.E0,1.E0,0.E0));
#286=VECTOR('',#285,8.E-2);
#287=CARTESIAN_POINT('',(1.33E0,-6.6E-1,-7.1E-1));
#288=LINE('',#287,#286);
#289=DIRECTION('',(1.E0,0.E0,0.E0));
#290=VECTOR('',#289,1.4E-1);
#291=CARTESIAN_POINT('',(1.33E0,-5.8E-1,-7.1E-1));
#292=LINE('',#291,#290);
#293=DIRECTION('',(0.E0,1.E0,0.E0));
#294=VECTOR('',#293,8.E-2);
#295=CARTESIAN_POINT('',(1.47E0,-6.6E-1,-7.1E-1));
#296=LINE('',#295,#294);
#297=DIRECTION('',(0.E0,1.E0,0.E0));
#298=VECTOR('',#297,8.E-2);
#299=CARTESIAN_POINT('',(1.73E0,-6.6E-1,-7.1E-1));
#300=LINE('',#299,#298);
#301=DIRECTION('',(1.E0,0.E0,0.E0));
#302=VECTOR('',#301,1.4E-1);
#303=CARTESIAN_POINT('',(1.73E0,-5.8E-1,-7.1E-1));
#304=LINE('',#303,#302);
#305=DIRECTION('',(0.E0,1.E0,0.E0));
#306=VECTOR('',#305,8.E-2);
#307=CARTESIAN_POINT('',(1.87E0,-6.6E-1,-7.1E-1));
#308=LINE('',#307,#306);
#309=DIRECTION('',(0.E0,0.E0,1.E0));
#310=VECTOR('',#309,1.2E-1);
#311=CARTESIAN_POINT('',(2.13E0,-5.8E-1,-8.3E-1));
#312=LINE('',#311,#310);
#313=DIRECTION('',(0.E0,0.E0,-1.E0));
#314=VECTOR('',#313,1.2E-1);
#315=CARTESIAN_POINT('',(2.13E0,-6.6E-1,-7.1E-1));
#316=LINE('',#315,#314);
#317=DIRECTION('',(0.E0,-7.071067811866E-1,-7.071067811865E-1));
#318=VECTOR('',#317,2.828427124746E-2);
#319=CARTESIAN_POINT('',(2.13E0,-6.6E-1,-8.3E-1));
#320=LINE('',#319,#318);
#321=DIRECTION('',(0.E0,0.E0,-1.E0));
#322=VECTOR('',#321,2.E-1);
#323=CARTESIAN_POINT('',(2.13E0,-6.8E-1,-8.5E-1));
#324=LINE('',#323,#322);
#325=DIRECTION('',(0.E0,1.E0,0.E0));
#326=VECTOR('',#325,8.E-2);
#327=CARTESIAN_POINT('',(2.13E0,-6.8E-1,-1.05E0));
#328=LINE('',#327,#326);
#329=DIRECTION('',(0.E0,0.E0,1.E0));
#330=VECTOR('',#329,2.E-1);
#331=CARTESIAN_POINT('',(2.13E0,-6.E-1,-1.05E0));
#332=LINE('',#331,#330);
#333=DIRECTION('',(0.E0,7.071067811866E-1,7.071067811865E-1));
#334=VECTOR('',#333,2.828427124746E-2);
#335=CARTESIAN_POINT('',(2.13E0,-6.E-1,-8.5E-1));
#336=LINE('',#335,#334);
#337=DIRECTION('',(0.E0,0.E0,-1.E0));
#338=VECTOR('',#337,1.2E-1);
#339=CARTESIAN_POINT('',(2.13E0,-6.6E-1,8.3E-1));
#340=LINE('',#339,#338);
#341=DIRECTION('',(0.E0,0.E0,1.E0));
#342=VECTOR('',#341,1.2E-1);
#343=CARTESIAN_POINT('',(2.13E0,-5.8E-1,7.1E-1));
#344=LINE('',#343,#342);
#345=DIRECTION('',(0.E0,-7.071067811866E-1,7.071067811865E-1));
#346=VECTOR('',#345,2.828427124746E-2);
#347=CARTESIAN_POINT('',(2.13E0,-5.8E-1,8.3E-1));
#348=LINE('',#347,#346);
#349=DIRECTION('',(0.E0,0.E0,1.E0));
#350=VECTOR('',#349,2.E-1);
#351=CARTESIAN_POINT('',(2.13E0,-6.E-1,8.5E-1));
#352=LINE('',#351,#350);
#353=DIRECTION('',(0.E0,-1.E0,0.E0));
#354=VECTOR('',#353,8.E-2);
#355=CARTESIAN_POINT('',(2.13E0,-6.E-1,1.05E0));
#356=LINE('',#355,#354);
#357=DIRECTION('',(0.E0,0.E0,-1.E0));
#358=VECTOR('',#357,2.E-1);
#359=CARTESIAN_POINT('',(2.13E0,-6.8E-1,1.05E0));
#360=LINE('',#359,#358);
#361=DIRECTION('',(0.E0,7.071067811866E-1,-7.071067811865E-1));
#362=VECTOR('',#361,2.828427124746E-2);
#363=CARTESIAN_POINT('',(2.13E0,-6.8E-1,8.5E-1));
#364=LINE('',#363,#362);
#365=DIRECTION('',(1.E0,0.E0,0.E0));
#366=VECTOR('',#365,1.4E-1);
#367=CARTESIAN_POINT('',(2.13E0,-5.8E-1,-8.3E-1));
#368=LINE('',#367,#366);
#369=DIRECTION('',(1.E0,0.E0,0.E0));
#370=VECTOR('',#369,1.4E-1);
#371=CARTESIAN_POINT('',(2.13E0,-6.E-1,-8.5E-1));
#372=LINE('',#371,#370);
#373=DIRECTION('',(1.E0,0.E0,0.E0));
#374=VECTOR('',#373,1.4E-1);
#375=CARTESIAN_POINT('',(2.13E0,-6.E-1,-1.05E0));
#376=LINE('',#375,#374);
#377=DIRECTION('',(1.E0,0.E0,0.E0));
#378=VECTOR('',#377,1.4E-1);
#379=CARTESIAN_POINT('',(2.13E0,-6.8E-1,-1.05E0));
#380=LINE('',#379,#378);
#381=DIRECTION('',(1.E0,0.E0,0.E0));
#382=VECTOR('',#381,1.4E-1);
#383=CARTESIAN_POINT('',(2.13E0,-6.8E-1,-8.5E-1));
#384=LINE('',#383,#382);
#385=DIRECTION('',(1.E0,0.E0,0.E0));
#386=VECTOR('',#385,1.4E-1);
#387=CARTESIAN_POINT('',(2.13E0,-6.6E-1,-8.3E-1));
#388=LINE('',#387,#386);
#389=DIRECTION('',(1.E0,0.E0,0.E0));
#390=VECTOR('',#389,2.6E-1);
#391=CARTESIAN_POINT('',(1.87E0,-6.6E-1,7.1E-1));
#392=LINE('',#391,#390);
#393=DIRECTION('',(1.E0,0.E0,0.E0));
#394=VECTOR('',#393,1.4E-1);
#395=CARTESIAN_POINT('',(2.13E0,-6.6E-1,8.3E-1));
#396=LINE('',#395,#394);
#397=DIRECTION('',(1.E0,0.E0,0.E0));
#398=VECTOR('',#397,1.75E-1);
#399=CARTESIAN_POINT('',(2.27E0,-6.6E-1,7.1E-1));
#400=LINE('',#399,#398);
#401=DIRECTION('',(7.071067811865E-1,0.E0,7.071067811865E-1));
#402=VECTOR('',#401,1.555634918610E-1);
#403=CARTESIAN_POINT('',(2.445E0,-6.6E-1,7.1E-1));
#404=LINE('',#403,#402);
#405=DIRECTION('',(1.E0,0.E0,0.E0));
#406=VECTOR('',#405,3.E-2);
#407=CARTESIAN_POINT('',(2.555E0,-6.6E-1,8.2E-1));
#408=LINE('',#407,#406);
#409=DIRECTION('',(0.E0,0.E0,-1.E0));
#410=VECTOR('',#409,1.64E0);
#411=CARTESIAN_POINT('',(2.585E0,-6.6E-1,8.2E-1));
#412=LINE('',#411,#410);
#413=DIRECTION('',(-1.E0,0.E0,0.E0));
#414=VECTOR('',#413,3.E-2);
#415=CARTESIAN_POINT('',(2.585E0,-6.6E-1,-8.2E-1));
#416=LINE('',#415,#414);
#417=DIRECTION('',(-7.071067811865E-1,0.E0,7.071067811865E-1));
#418=VECTOR('',#417,1.555634918610E-1);
#419=CARTESIAN_POINT('',(2.555E0,-6.6E-1,-8.2E-1));
#420=LINE('',#419,#418);
#421=DIRECTION('',(-1.E0,0.E0,0.E0));
#422=VECTOR('',#421,1.75E-1);
#423=CARTESIAN_POINT('',(2.445E0,-6.6E-1,-7.1E-1));
#424=LINE('',#423,#422);
#425=DIRECTION('',(-1.E0,0.E0,0.E0));
#426=VECTOR('',#425,2.6E-1);
#427=CARTESIAN_POINT('',(2.13E0,-6.6E-1,-7.1E-1));
#428=LINE('',#427,#426);
#429=DIRECTION('',(-1.E0,0.E0,0.E0));
#430=VECTOR('',#429,2.6E-1);
#431=CARTESIAN_POINT('',(1.73E0,-6.6E-1,-7.1E-1));
#432=LINE('',#431,#430);
#433=DIRECTION('',(-1.E0,0.E0,0.E0));
#434=VECTOR('',#433,2.6E-1);
#435=CARTESIAN_POINT('',(1.33E0,-6.6E-1,-7.1E-1));
#436=LINE('',#435,#434);
#437=DIRECTION('',(-1.E0,0.E0,0.E0));
#438=VECTOR('',#437,2.6E-1);
#439=CARTESIAN_POINT('',(9.3E-1,-6.6E-1,-7.1E-1));
#440=LINE('',#439,#438);
#441=DIRECTION('',(-1.E0,0.E0,0.E0));
#442=VECTOR('',#441,2.6E-1);
#443=CARTESIAN_POINT('',(5.3E-1,-6.6E-1,-7.1E-1));
#444=LINE('',#443,#442);
#445=DIRECTION('',(-1.E0,0.E0,0.E0));
#446=VECTOR('',#445,2.6E-1);
#447=CARTESIAN_POINT('',(1.3E-1,-6.6E-1,-7.1E-1));
#448=LINE('',#447,#446);
#449=DIRECTION('',(-1.E0,0.E0,0.E0));
#450=VECTOR('',#449,2.6E-1);
#451=CARTESIAN_POINT('',(-2.7E-1,-6.6E-1,-7.1E-1));
#452=LINE('',#451,#450);
#453=DIRECTION('',(-1.E0,0.E0,0.E0));
#454=VECTOR('',#453,2.6E-1);
#455=CARTESIAN_POINT('',(-6.7E-1,-6.6E-1,-7.1E-1));
#456=LINE('',#455,#454);
#457=DIRECTION('',(-1.E0,0.E0,0.E0));
#458=VECTOR('',#457,2.6E-1);
#459=CARTESIAN_POINT('',(-1.07E0,-6.6E-1,-7.1E-1));
#460=LINE('',#459,#458);
#461=DIRECTION('',(-1.E0,0.E0,0.E0));
#462=VECTOR('',#461,2.6E-1);
#463=CARTESIAN_POINT('',(-1.47E0,-6.6E-1,-7.1E-1));
#464=LINE('',#463,#462);
#465=DIRECTION('',(-1.E0,0.E0,0.E0));
#466=VECTOR('',#465,2.6E-1);
#467=CARTESIAN_POINT('',(-1.87E0,-6.6E-1,-7.1E-1));
#468=LINE('',#467,#466);
#469=DIRECTION('',(-1.E0,0.E0,0.E0));
#470=VECTOR('',#469,1.75E-1);
#471=CARTESIAN_POINT('',(-2.27E0,-6.6E-1,-7.1E-1));
#472=LINE('',#471,#470);
#473=DIRECTION('',(-7.071067811865E-1,0.E0,-7.071067811865E-1));
#474=VECTOR('',#473,1.555634918610E-1);
#475=CARTESIAN_POINT('',(-2.445E0,-6.6E-1,-7.1E-1));
#476=LINE('',#475,#474);
#477=DIRECTION('',(-1.E0,0.E0,0.E0));
#478=VECTOR('',#477,3.E-2);
#479=CARTESIAN_POINT('',(-2.555E0,-6.6E-1,-8.2E-1));
#480=LINE('',#479,#478);
#481=DIRECTION('',(0.E0,0.E0,-1.E0));
#482=VECTOR('',#481,1.64E0);
#483=CARTESIAN_POINT('',(-2.585E0,-6.6E-1,8.2E-1));
#484=LINE('',#483,#482);
#485=DIRECTION('',(1.E0,0.E0,0.E0));
#486=VECTOR('',#485,3.E-2);
#487=CARTESIAN_POINT('',(-2.585E0,-6.6E-1,8.2E-1));
#488=LINE('',#487,#486);
#489=DIRECTION('',(7.071067811865E-1,0.E0,-7.071067811865E-1));
#490=VECTOR('',#489,1.555634918610E-1);
#491=CARTESIAN_POINT('',(-2.555E0,-6.6E-1,8.2E-1));
#492=LINE('',#491,#490);
#493=DIRECTION('',(1.E0,0.E0,0.E0));
#494=VECTOR('',#493,1.75E-1);
#495=CARTESIAN_POINT('',(-2.445E0,-6.6E-1,7.1E-1));
#496=LINE('',#495,#494);
#497=DIRECTION('',(1.E0,0.E0,0.E0));
#498=VECTOR('',#497,1.4E-1);
#499=CARTESIAN_POINT('',(-2.27E0,-6.6E-1,8.3E-1));
#500=LINE('',#499,#498);
#501=DIRECTION('',(1.E0,0.E0,0.E0));
#502=VECTOR('',#501,2.6E-1);
#503=CARTESIAN_POINT('',(-2.13E0,-6.6E-1,7.1E-1));
#504=LINE('',#503,#502);
#505=DIRECTION('',(1.E0,0.E0,0.E0));
#506=VECTOR('',#505,1.4E-1);
#507=CARTESIAN_POINT('',(-1.87E0,-6.6E-1,8.3E-1));
#508=LINE('',#507,#506);
#509=DIRECTION('',(1.E0,0.E0,0.E0));
#510=VECTOR('',#509,2.6E-1);
#511=CARTESIAN_POINT('',(-1.73E0,-6.6E-1,7.1E-1));
#512=LINE('',#511,#510);
#513=DIRECTION('',(1.E0,0.E0,0.E0));
#514=VECTOR('',#513,1.4E-1);
#515=CARTESIAN_POINT('',(-1.47E0,-6.6E-1,8.3E-1));
#516=LINE('',#515,#514);
#517=DIRECTION('',(1.E0,0.E0,0.E0));
#518=VECTOR('',#517,2.6E-1);
#519=CARTESIAN_POINT('',(-1.33E0,-6.6E-1,7.1E-1));
#520=LINE('',#519,#518);
#521=DIRECTION('',(1.E0,0.E0,0.E0));
#522=VECTOR('',#521,1.4E-1);
#523=CARTESIAN_POINT('',(-1.07E0,-6.6E-1,8.3E-1));
#524=LINE('',#523,#522);
#525=DIRECTION('',(1.E0,0.E0,0.E0));
#526=VECTOR('',#525,2.6E-1);
#527=CARTESIAN_POINT('',(-9.3E-1,-6.6E-1,7.1E-1));
#528=LINE('',#527,#526);
#529=DIRECTION('',(1.E0,0.E0,0.E0));
#530=VECTOR('',#529,1.4E-1);
#531=CARTESIAN_POINT('',(-6.7E-1,-6.6E-1,8.3E-1));
#532=LINE('',#531,#530);
#533=DIRECTION('',(1.E0,0.E0,0.E0));
#534=VECTOR('',#533,2.6E-1);
#535=CARTESIAN_POINT('',(-5.3E-1,-6.6E-1,7.1E-1));
#536=LINE('',#535,#534);
#537=DIRECTION('',(1.E0,0.E0,0.E0));
#538=VECTOR('',#537,1.4E-1);
#539=CARTESIAN_POINT('',(-2.7E-1,-6.6E-1,8.3E-1));
#540=LINE('',#539,#538);
#541=DIRECTION('',(1.E0,0.E0,0.E0));
#542=VECTOR('',#541,2.6E-1);
#543=CARTESIAN_POINT('',(-1.3E-1,-6.6E-1,7.1E-1));
#544=LINE('',#543,#542);
#545=DIRECTION('',(1.E0,0.E0,0.E0));
#546=VECTOR('',#545,1.4E-1);
#547=CARTESIAN_POINT('',(1.3E-1,-6.6E-1,8.3E-1));
#548=LINE('',#547,#546);
#549=DIRECTION('',(1.E0,0.E0,0.E0));
#550=VECTOR('',#549,2.6E-1);
#551=CARTESIAN_POINT('',(2.7E-1,-6.6E-1,7.1E-1));
#552=LINE('',#551,#550);
#553=DIRECTION('',(1.E0,0.E0,0.E0));
#554=VECTOR('',#553,1.4E-1);
#555=CARTESIAN_POINT('',(5.3E-1,-6.6E-1,8.3E-1));
#556=LINE('',#555,#554);
#557=DIRECTION('',(1.E0,0.E0,0.E0));
#558=VECTOR('',#557,2.6E-1);
#559=CARTESIAN_POINT('',(6.7E-1,-6.6E-1,7.1E-1));
#560=LINE('',#559,#558);
#561=DIRECTION('',(1.E0,0.E0,0.E0));
#562=VECTOR('',#561,1.4E-1);
#563=CARTESIAN_POINT('',(9.3E-1,-6.6E-1,8.3E-1));
#564=LINE('',#563,#562);
#565=DIRECTION('',(1.E0,0.E0,0.E0));
#566=VECTOR('',#565,2.6E-1);
#567=CARTESIAN_POINT('',(1.07E0,-6.6E-1,7.1E-1));
#568=LINE('',#567,#566);
#569=DIRECTION('',(1.E0,0.E0,0.E0));
#570=VECTOR('',#569,1.4E-1);
#571=CARTESIAN_POINT('',(1.33E0,-6.6E-1,8.3E-1));
#572=LINE('',#571,#570);
#573=DIRECTION('',(1.E0,0.E0,0.E0));
#574=VECTOR('',#573,2.6E-1);
#575=CARTESIAN_POINT('',(1.47E0,-6.6E-1,7.1E-1));
#576=LINE('',#575,#574);
#577=DIRECTION('',(1.E0,0.E0,0.E0));
#578=VECTOR('',#577,1.4E-1);
#579=CARTESIAN_POINT('',(1.73E0,-6.6E-1,8.3E-1));
#580=LINE('',#579,#578);
#581=DIRECTION('',(0.E0,1.E0,0.E0));
#582=VECTOR('',#581,8.E-2);
#583=CARTESIAN_POINT('',(2.13E0,-6.6E-1,7.1E-1));
#584=LINE('',#583,#582);
#585=DIRECTION('',(0.E0,1.E0,0.E0));
#586=VECTOR('',#585,8.E-2);
#587=CARTESIAN_POINT('',(1.87E0,-6.6E-1,7.1E-1));
#588=LINE('',#587,#586);
#589=DIRECTION('',(1.E0,0.E0,0.E0));
#590=VECTOR('',#589,1.4E-1);
#591=CARTESIAN_POINT('',(1.73E0,-5.8E-1,7.1E-1));
#592=LINE('',#591,#590);
#593=DIRECTION('',(0.E0,1.E0,0.E0));
#594=VECTOR('',#593,8.E-2);
#595=CARTESIAN_POINT('',(1.73E0,-6.6E-1,7.1E-1));
#596=LINE('',#595,#594);
#597=DIRECTION('',(0.E0,1.E0,0.E0));
#598=VECTOR('',#597,8.E-2);
#599=CARTESIAN_POINT('',(1.47E0,-6.6E-1,7.1E-1));
#600=LINE('',#599,#598);
#601=DIRECTION('',(1.E0,0.E0,0.E0));
#602=VECTOR('',#601,1.4E-1);
#603=CARTESIAN_POINT('',(1.33E0,-5.8E-1,7.1E-1));
#604=LINE('',#603,#602);
#605=DIRECTION('',(0.E0,1.E0,0.E0));
#606=VECTOR('',#605,8.E-2);
#607=CARTESIAN_POINT('',(1.33E0,-6.6E-1,7.1E-1));
#608=LINE('',#607,#606);
#609=DIRECTION('',(0.E0,1.E0,0.E0));
#610=VECTOR('',#609,8.E-2);
#611=CARTESIAN_POINT('',(1.07E0,-6.6E-1,7.1E-1));
#612=LINE('',#611,#610);
#613=DIRECTION('',(1.E0,0.E0,0.E0));
#614=VECTOR('',#613,1.4E-1);
#615=CARTESIAN_POINT('',(9.3E-1,-5.8E-1,7.1E-1));
#616=LINE('',#615,#614);
#617=DIRECTION('',(0.E0,1.E0,0.E0));
#618=VECTOR('',#617,8.E-2);
#619=CARTESIAN_POINT('',(9.3E-1,-6.6E-1,7.1E-1));
#620=LINE('',#619,#618);
#621=DIRECTION('',(0.E0,1.E0,0.E0));
#622=VECTOR('',#621,8.E-2);
#623=CARTESIAN_POINT('',(6.7E-1,-6.6E-1,7.1E-1));
#624=LINE('',#623,#622);
#625=DIRECTION('',(1.E0,0.E0,0.E0));
#626=VECTOR('',#625,1.4E-1);
#627=CARTESIAN_POINT('',(5.3E-1,-5.8E-1,7.1E-1));
#628=LINE('',#627,#626);
#629=DIRECTION('',(0.E0,1.E0,0.E0));
#630=VECTOR('',#629,8.E-2);
#631=CARTESIAN_POINT('',(5.3E-1,-6.6E-1,7.1E-1));
#632=LINE('',#631,#630);
#633=DIRECTION('',(0.E0,1.E0,0.E0));
#634=VECTOR('',#633,8.E-2);
#635=CARTESIAN_POINT('',(2.7E-1,-6.6E-1,7.1E-1));
#636=LINE('',#635,#634);
#637=DIRECTION('',(1.E0,0.E0,0.E0));
#638=VECTOR('',#637,1.4E-1);
#639=CARTESIAN_POINT('',(1.3E-1,-5.8E-1,7.1E-1));
#640=LINE('',#639,#638);
#641=DIRECTION('',(0.E0,1.E0,0.E0));
#642=VECTOR('',#641,8.E-2);
#643=CARTESIAN_POINT('',(1.3E-1,-6.6E-1,7.1E-1));
#644=LINE('',#643,#642);
#645=DIRECTION('',(0.E0,1.E0,0.E0));
#646=VECTOR('',#645,8.E-2);
#647=CARTESIAN_POINT('',(-1.3E-1,-6.6E-1,7.1E-1));
#648=LINE('',#647,#646);
#649=DIRECTION('',(1.E0,0.E0,0.E0));
#650=VECTOR('',#649,1.4E-1);
#651=CARTESIAN_POINT('',(-2.7E-1,-5.8E-1,7.1E-1));
#652=LINE('',#651,#650);
#653=DIRECTION('',(0.E0,1.E0,0.E0));
#654=VECTOR('',#653,8.E-2);
#655=CARTESIAN_POINT('',(-2.7E-1,-6.6E-1,7.1E-1));
#656=LINE('',#655,#654);
#657=DIRECTION('',(0.E0,1.E0,0.E0));
#658=VECTOR('',#657,8.E-2);
#659=CARTESIAN_POINT('',(-5.3E-1,-6.6E-1,7.1E-1));
#660=LINE('',#659,#658);
#661=DIRECTION('',(1.E0,0.E0,0.E0));
#662=VECTOR('',#661,1.4E-1);
#663=CARTESIAN_POINT('',(-6.7E-1,-5.8E-1,7.1E-1));
#664=LINE('',#663,#662);
#665=DIRECTION('',(0.E0,1.E0,0.E0));
#666=VECTOR('',#665,8.E-2);
#667=CARTESIAN_POINT('',(-6.7E-1,-6.6E-1,7.1E-1));
#668=LINE('',#667,#666);
#669=DIRECTION('',(0.E0,1.E0,0.E0));
#670=VECTOR('',#669,8.E-2);
#671=CARTESIAN_POINT('',(-9.3E-1,-6.6E-1,7.1E-1));
#672=LINE('',#671,#670);
#673=DIRECTION('',(1.E0,0.E0,0.E0));
#674=VECTOR('',#673,1.4E-1);
#675=CARTESIAN_POINT('',(-1.07E0,-5.8E-1,7.1E-1));
#676=LINE('',#675,#674);
#677=DIRECTION('',(0.E0,1.E0,0.E0));
#678=VECTOR('',#677,8.E-2);
#679=CARTESIAN_POINT('',(-1.07E0,-6.6E-1,7.1E-1));
#680=LINE('',#679,#678);
#681=DIRECTION('',(0.E0,1.E0,0.E0));
#682=VECTOR('',#681,8.E-2);
#683=CARTESIAN_POINT('',(-1.33E0,-6.6E-1,7.1E-1));
#684=LINE('',#683,#682);
#685=DIRECTION('',(1.E0,0.E0,0.E0));
#686=VECTOR('',#685,1.4E-1);
#687=CARTESIAN_POINT('',(-1.47E0,-5.8E-1,7.1E-1));
#688=LINE('',#687,#686);
#689=DIRECTION('',(0.E0,1.E0,0.E0));
#690=VECTOR('',#689,8.E-2);
#691=CARTESIAN_POINT('',(-1.47E0,-6.6E-1,7.1E-1));
#692=LINE('',#691,#690);
#693=DIRECTION('',(0.E0,1.E0,0.E0));
#694=VECTOR('',#693,8.E-2);
#695=CARTESIAN_POINT('',(-1.73E0,-6.6E-1,7.1E-1));
#696=LINE('',#695,#694);
#697=DIRECTION('',(1.E0,0.E0,0.E0));
#698=VECTOR('',#697,1.4E-1);
#699=CARTESIAN_POINT('',(-1.87E0,-5.8E-1,7.1E-1));
#700=LINE('',#699,#698);
#701=DIRECTION('',(0.E0,1.E0,0.E0));
#702=VECTOR('',#701,8.E-2);
#703=CARTESIAN_POINT('',(-1.87E0,-6.6E-1,7.1E-1));
#704=LINE('',#703,#702);
#705=DIRECTION('',(0.E0,1.E0,0.E0));
#706=VECTOR('',#705,8.E-2);
#707=CARTESIAN_POINT('',(-2.13E0,-6.6E-1,7.1E-1));
#708=LINE('',#707,#706);
#709=DIRECTION('',(1.E0,0.E0,0.E0));
#710=VECTOR('',#709,1.4E-1);
#711=CARTESIAN_POINT('',(-2.27E0,-5.8E-1,7.1E-1));
#712=LINE('',#711,#710);
#713=DIRECTION('',(0.E0,1.E0,0.E0));
#714=VECTOR('',#713,8.E-2);
#715=CARTESIAN_POINT('',(-2.27E0,-6.6E-1,7.1E-1));
#716=LINE('',#715,#714);
#717=DIRECTION('',(0.E0,-1.E0,0.E0));
#718=VECTOR('',#717,6.6E-1);
#719=CARTESIAN_POINT('',(-2.445E0,0.E0,7.1E-1));
#720=LINE('',#719,#718);
#721=DIRECTION('',(0.E0,1.E0,0.E0));
#722=VECTOR('',#721,8.E-2);
#723=CARTESIAN_POINT('',(2.27E0,-6.6E-1,7.1E-1));
#724=LINE('',#723,#722);
#725=DIRECTION('',(1.E0,0.E0,0.E0));
#726=VECTOR('',#725,1.4E-1);
#727=CARTESIAN_POINT('',(2.13E0,-5.8E-1,7.1E-1));
#728=LINE('',#727,#726);
#729=DIRECTION('',(0.E0,0.E0,1.E0));
#730=VECTOR('',#729,1.2E-1);
#731=CARTESIAN_POINT('',(1.87E0,-5.8E-1,-8.3E-1));
#732=LINE('',#731,#730);
#733=DIRECTION('',(0.E0,7.071067811866E-1,7.071067811865E-1));
#734=VECTOR('',#733,2.828427124746E-2);
#735=CARTESIAN_POINT('',(1.87E0,-6.E-1,-8.5E-1));
#736=LINE('',#735,#734);
#737=DIRECTION('',(0.E0,0.E0,1.E0));
#738=VECTOR('',#737,2.E-1);
#739=CARTESIAN_POINT('',(1.87E0,-6.E-1,-1.05E0));
#740=LINE('',#739,#738);
#741=DIRECTION('',(0.E0,1.E0,0.E0));
#742=VECTOR('',#741,8.E-2);
#743=CARTESIAN_POINT('',(1.87E0,-6.8E-1,-1.05E0));
#744=LINE('',#743,#742);
#745=DIRECTION('',(0.E0,0.E0,-1.E0));
#746=VECTOR('',#745,2.E-1);
#747=CARTESIAN_POINT('',(1.87E0,-6.8E-1,-8.5E-1));
#748=LINE('',#747,#746);
#749=DIRECTION('',(0.E0,-7.071067811866E-1,-7.071067811865E-1));
#750=VECTOR('',#749,2.828427124746E-2);
#751=CARTESIAN_POINT('',(1.87E0,-6.6E-1,-8.3E-1));
#752=LINE('',#751,#750);
#753=DIRECTION('',(0.E0,0.E0,-1.E0));
#754=VECTOR('',#753,1.2E-1);
#755=CARTESIAN_POINT('',(1.87E0,-6.6E-1,-7.1E-1));
#756=LINE('',#755,#754);
#757=DIRECTION('',(0.E0,0.E0,-1.E0));
#758=VECTOR('',#757,1.2E-1);
#759=CARTESIAN_POINT('',(1.87E0,-6.6E-1,8.3E-1));
#760=LINE('',#759,#758);
#761=DIRECTION('',(0.E0,7.071067811866E-1,-7.071067811865E-1));
#762=VECTOR('',#761,2.828427124746E-2);
#763=CARTESIAN_POINT('',(1.87E0,-6.8E-1,8.5E-1));
#764=LINE('',#763,#762);
#765=DIRECTION('',(0.E0,0.E0,-1.E0));
#766=VECTOR('',#765,2.E-1);
#767=CARTESIAN_POINT('',(1.87E0,-6.8E-1,1.05E0));
#768=LINE('',#767,#766);
#769=DIRECTION('',(0.E0,-1.E0,0.E0));
#770=VECTOR('',#769,8.E-2);
#771=CARTESIAN_POINT('',(1.87E0,-6.E-1,1.05E0));
#772=LINE('',#771,#770);
#773=DIRECTION('',(0.E0,0.E0,1.E0));
#774=VECTOR('',#773,2.E-1);
#775=CARTESIAN_POINT('',(1.87E0,-6.E-1,8.5E-1));
#776=LINE('',#775,#774);
#777=DIRECTION('',(0.E0,-7.071067811866E-1,7.071067811865E-1));
#778=VECTOR('',#777,2.828427124746E-2);
#779=CARTESIAN_POINT('',(1.87E0,-5.8E-1,8.3E-1));
#780=LINE('',#779,#778);
#781=DIRECTION('',(0.E0,0.E0,1.E0));
#782=VECTOR('',#781,1.2E-1);
#783=CARTESIAN_POINT('',(1.87E0,-5.8E-1,7.1E-1));
#784=LINE('',#783,#782);
#785=DIRECTION('',(1.E0,0.E0,0.E0));
#786=VECTOR('',#785,1.4E-1);
#787=CARTESIAN_POINT('',(1.73E0,-5.8E-1,-8.3E-1));
#788=LINE('',#787,#786);
#789=DIRECTION('',(0.E0,0.E0,1.E0));
#790=VECTOR('',#789,1.2E-1);
#791=CARTESIAN_POINT('',(1.73E0,-5.8E-1,-8.3E-1));
#792=LINE('',#791,#790);
#793=DIRECTION('',(0.E0,0.E0,-1.E0));
#794=VECTOR('',#793,1.2E-1);
#795=CARTESIAN_POINT('',(1.73E0,-6.6E-1,-7.1E-1));
#796=LINE('',#795,#794);
#797=DIRECTION('',(0.E0,-7.071067811866E-1,-7.071067811865E-1));
#798=VECTOR('',#797,2.828427124746E-2);
#799=CARTESIAN_POINT('',(1.73E0,-6.6E-1,-8.3E-1));
#800=LINE('',#799,#798);
#801=DIRECTION('',(0.E0,0.E0,-1.E0));
#802=VECTOR('',#801,2.E-1);
#803=CARTESIAN_POINT('',(1.73E0,-6.8E-1,-8.5E-1));
#804=LINE('',#803,#802);
#805=DIRECTION('',(0.E0,1.E0,0.E0));
#806=VECTOR('',#805,8.E-2);
#807=CARTESIAN_POINT('',(1.73E0,-6.8E-1,-1.05E0));
#808=LINE('',#807,#806);
#809=DIRECTION('',(0.E0,0.E0,1.E0));
#810=VECTOR('',#809,2.E-1);
#811=CARTESIAN_POINT('',(1.73E0,-6.E-1,-1.05E0));
#812=LINE('',#811,#810);
#813=DIRECTION('',(0.E0,7.071067811866E-1,7.071067811865E-1));
#814=VECTOR('',#813,2.828427124746E-2);
#815=CARTESIAN_POINT('',(1.73E0,-6.E-1,-8.5E-1));
#816=LINE('',#815,#814);
#817=DIRECTION('',(0.E0,0.E0,-1.E0));
#818=VECTOR('',#817,1.2E-1);
#819=CARTESIAN_POINT('',(1.73E0,-6.6E-1,8.3E-1));
#820=LINE('',#819,#818);
#821=DIRECTION('',(0.E0,0.E0,1.E0));
#822=VECTOR('',#821,1.2E-1);
#823=CARTESIAN_POINT('',(1.73E0,-5.8E-1,7.1E-1));
#824=LINE('',#823,#822);
#825=DIRECTION('',(0.E0,-7.071067811866E-1,7.071067811865E-1));
#826=VECTOR('',#825,2.828427124746E-2);
#827=CARTESIAN_POINT('',(1.73E0,-5.8E-1,8.3E-1));
#828=LINE('',#827,#826);
#829=DIRECTION('',(0.E0,0.E0,1.E0));
#830=VECTOR('',#829,2.E-1);
#831=CARTESIAN_POINT('',(1.73E0,-6.E-1,8.5E-1));
#832=LINE('',#831,#830);
#833=DIRECTION('',(0.E0,-1.E0,0.E0));
#834=VECTOR('',#833,8.E-2);
#835=CARTESIAN_POINT('',(1.73E0,-6.E-1,1.05E0));
#836=LINE('',#835,#834);
#837=DIRECTION('',(0.E0,0.E0,-1.E0));
#838=VECTOR('',#837,2.E-1);
#839=CARTESIAN_POINT('',(1.73E0,-6.8E-1,1.05E0));
#840=LINE('',#839,#838);
#841=DIRECTION('',(0.E0,7.071067811866E-1,-7.071067811865E-1));
#842=VECTOR('',#841,2.828427124746E-2);
#843=CARTESIAN_POINT('',(1.73E0,-6.8E-1,8.5E-1));
#844=LINE('',#843,#842);
#845=DIRECTION('',(1.E0,0.E0,0.E0));
#846=VECTOR('',#845,1.4E-1);
#847=CARTESIAN_POINT('',(1.73E0,-6.6E-1,-8.3E-1));
#848=LINE('',#847,#846);
#849=DIRECTION('',(1.E0,0.E0,0.E0));
#850=VECTOR('',#849,1.4E-1);
#851=CARTESIAN_POINT('',(1.73E0,-6.8E-1,-8.5E-1));
#852=LINE('',#851,#850);
#853=DIRECTION('',(1.E0,0.E0,0.E0));
#854=VECTOR('',#853,1.4E-1);
#855=CARTESIAN_POINT('',(1.73E0,-6.8E-1,-1.05E0));
#856=LINE('',#855,#854);
#857=DIRECTION('',(1.E0,0.E0,0.E0));
#858=VECTOR('',#857,1.4E-1);
#859=CARTESIAN_POINT('',(1.73E0,-6.E-1,-1.05E0));
#860=LINE('',#859,#858);
#861=DIRECTION('',(1.E0,0.E0,0.E0));
#862=VECTOR('',#861,1.4E-1);
#863=CARTESIAN_POINT('',(1.73E0,-6.E-1,-8.5E-1));
#864=LINE('',#863,#862);
#865=DIRECTION('',(1.E0,0.E0,0.E0));
#866=VECTOR('',#865,1.4E-1);
#867=CARTESIAN_POINT('',(1.73E0,-5.8E-1,8.3E-1));
#868=LINE('',#867,#866);
#869=DIRECTION('',(1.E0,0.E0,0.E0));
#870=VECTOR('',#869,1.4E-1);
#871=CARTESIAN_POINT('',(1.73E0,-6.E-1,8.5E-1));
#872=LINE('',#871,#870);
#873=DIRECTION('',(1.E0,0.E0,0.E0));
#874=VECTOR('',#873,1.4E-1);
#875=CARTESIAN_POINT('',(1.73E0,-6.E-1,1.05E0));
#876=LINE('',#875,#874);
#877=DIRECTION('',(1.E0,0.E0,0.E0));
#878=VECTOR('',#877,1.4E-1);
#879=CARTESIAN_POINT('',(1.73E0,-6.8E-1,1.05E0));
#880=LINE('',#879,#878);
#881=DIRECTION('',(1.E0,0.E0,0.E0));
#882=VECTOR('',#881,1.4E-1);
#883=CARTESIAN_POINT('',(1.73E0,-6.8E-1,8.5E-1));
#884=LINE('',#883,#882);
#885=DIRECTION('',(0.E0,0.E0,1.E0));
#886=VECTOR('',#885,1.2E-1);
#887=CARTESIAN_POINT('',(1.47E0,-5.8E-1,-8.3E-1));
#888=LINE('',#887,#886);
#889=DIRECTION('',(0.E0,7.071067811866E-1,7.071067811865E-1));
#890=VECTOR('',#889,2.828427124746E-2);
#891=CARTESIAN_POINT('',(1.47E0,-6.E-1,-8.5E-1));
#892=LINE('',#891,#890);
#893=DIRECTION('',(0.E0,0.E0,1.E0));
#894=VECTOR('',#893,2.E-1);
#895=CARTESIAN_POINT('',(1.47E0,-6.E-1,-1.05E0));
#896=LINE('',#895,#894);
#897=DIRECTION('',(0.E0,1.E0,0.E0));
#898=VECTOR('',#897,8.E-2);
#899=CARTESIAN_POINT('',(1.47E0,-6.8E-1,-1.05E0));
#900=LINE('',#899,#898);
#901=DIRECTION('',(0.E0,0.E0,-1.E0));
#902=VECTOR('',#901,2.E-1);
#903=CARTESIAN_POINT('',(1.47E0,-6.8E-1,-8.5E-1));
#904=LINE('',#903,#902);
#905=DIRECTION('',(0.E0,-7.071067811866E-1,-7.071067811865E-1));
#906=VECTOR('',#905,2.828427124746E-2);
#907=CARTESIAN_POINT('',(1.47E0,-6.6E-1,-8.3E-1));
#908=LINE('',#907,#906);
#909=DIRECTION('',(0.E0,0.E0,-1.E0));
#910=VECTOR('',#909,1.2E-1);
#911=CARTESIAN_POINT('',(1.47E0,-6.6E-1,-7.1E-1));
#912=LINE('',#911,#910);
#913=DIRECTION('',(0.E0,0.E0,-1.E0));
#914=VECTOR('',#913,1.2E-1);
#915=CARTESIAN_POINT('',(1.47E0,-6.6E-1,8.3E-1));
#916=LINE('',#915,#914);
#917=DIRECTION('',(0.E0,7.071067811866E-1,-7.071067811865E-1));
#918=VECTOR('',#917,2.828427124746E-2);
#919=CARTESIAN_POINT('',(1.47E0,-6.8E-1,8.5E-1));
#920=LINE('',#919,#918);
#921=DIRECTION('',(0.E0,0.E0,-1.E0));
#922=VECTOR('',#921,2.E-1);
#923=CARTESIAN_POINT('',(1.47E0,-6.8E-1,1.05E0));
#924=LINE('',#923,#922);
#925=DIRECTION('',(0.E0,-1.E0,0.E0));
#926=VECTOR('',#925,8.E-2);
#927=CARTESIAN_POINT('',(1.47E0,-6.E-1,1.05E0));
#928=LINE('',#927,#926);
#929=DIRECTION('',(0.E0,0.E0,1.E0));
#930=VECTOR('',#929,2.E-1);
#931=CARTESIAN_POINT('',(1.47E0,-6.E-1,8.5E-1));
#932=LINE('',#931,#930);
#933=DIRECTION('',(0.E0,-7.071067811866E-1,7.071067811865E-1));
#934=VECTOR('',#933,2.828427124746E-2);
#935=CARTESIAN_POINT('',(1.47E0,-5.8E-1,8.3E-1));
#936=LINE('',#935,#934);
#937=DIRECTION('',(0.E0,0.E0,1.E0));
#938=VECTOR('',#937,1.2E-1);
#939=CARTESIAN_POINT('',(1.47E0,-5.8E-1,7.1E-1));
#940=LINE('',#939,#938);
#941=DIRECTION('',(1.E0,0.E0,0.E0));
#942=VECTOR('',#941,1.4E-1);
#943=CARTESIAN_POINT('',(1.33E0,-5.8E-1,-8.3E-1));
#944=LINE('',#943,#942);
#945=DIRECTION('',(0.E0,0.E0,1.E0));
#946=VECTOR('',#945,1.2E-1);
#947=CARTESIAN_POINT('',(1.33E0,-5.8E-1,-8.3E-1));
#948=LINE('',#947,#946);
#949=DIRECTION('',(0.E0,0.E0,-1.E0));
#950=VECTOR('',#949,1.2E-1);
#951=CARTESIAN_POINT('',(1.33E0,-6.6E-1,-7.1E-1));
#952=LINE('',#951,#950);
#953=DIRECTION('',(0.E0,-7.071067811866E-1,-7.071067811865E-1));
#954=VECTOR('',#953,2.828427124746E-2);
#955=CARTESIAN_POINT('',(1.33E0,-6.6E-1,-8.3E-1));
#956=LINE('',#955,#954);
#957=DIRECTION('',(0.E0,0.E0,-1.E0));
#958=VECTOR('',#957,2.E-1);
#959=CARTESIAN_POINT('',(1.33E0,-6.8E-1,-8.5E-1));
#960=LINE('',#959,#958);
#961=DIRECTION('',(0.E0,1.E0,0.E0));
#962=VECTOR('',#961,8.E-2);
#963=CARTESIAN_POINT('',(1.33E0,-6.8E-1,-1.05E0));
#964=LINE('',#963,#962);
#965=DIRECTION('',(0.E0,0.E0,1.E0));
#966=VECTOR('',#965,2.E-1);
#967=CARTESIAN_POINT('',(1.33E0,-6.E-1,-1.05E0));
#968=LINE('',#967,#966);
#969=DIRECTION('',(0.E0,7.071067811866E-1,7.071067811865E-1));
#970=VECTOR('',#969,2.828427124746E-2);
#971=CARTESIAN_POINT('',(1.33E0,-6.E-1,-8.5E-1));
#972=LINE('',#971,#970);
#973=DIRECTION('',(0.E0,0.E0,-1.E0));
#974=VECTOR('',#973,1.2E-1);
#975=CARTESIAN_POINT('',(1.33E0,-6.6E-1,8.3E-1));
#976=LINE('',#975,#974);
#977=DIRECTION('',(0.E0,0.E0,1.E0));
#978=VECTOR('',#977,1.2E-1);
#979=CARTESIAN_POINT('',(1.33E0,-5.8E-1,7.1E-1));
#980=LINE('',#979,#978);
#981=DIRECTION('',(0.E0,-7.071067811866E-1,7.071067811865E-1));
#982=VECTOR('',#981,2.828427124746E-2);
#983=CARTESIAN_POINT('',(1.33E0,-5.8E-1,8.3E-1));
#984=LINE('',#983,#982);
#985=DIRECTION('',(0.E0,0.E0,1.E0));
#986=VECTOR('',#985,2.E-1);
#987=CARTESIAN_POINT('',(1.33E0,-6.E-1,8.5E-1));
#988=LINE('',#987,#986);
#989=DIRECTION('',(0.E0,-1.E0,0.E0));
#990=VECTOR('',#989,8.E-2);
#991=CARTESIAN_POINT('',(1.33E0,-6.E-1,1.05E0));
#992=LINE('',#991,#990);
#993=DIRECTION('',(0.E0,0.E0,-1.E0));
#994=VECTOR('',#993,2.E-1);
#995=CARTESIAN_POINT('',(1.33E0,-6.8E-1,1.05E0));
#996=LINE('',#995,#994);
#997=DIRECTION('',(0.E0,7.071067811866E-1,-7.071067811865E-1));
#998=VECTOR('',#997,2.828427124746E-2);
#999=CARTESIAN_POINT('',(1.33E0,-6.8E-1,8.5E-1));
#1000=LINE('',#999,#998);
#1001=DIRECTION('',(1.E0,0.E0,0.E0));
#1002=VECTOR('',#1001,1.4E-1);
#1003=CARTESIAN_POINT('',(1.33E0,-6.6E-1,-8.3E-1));
#1004=LINE('',#1003,#1002);
#1005=DIRECTION('',(1.E0,0.E0,0.E0));
#1006=VECTOR('',#1005,1.4E-1);
#1007=CARTESIAN_POINT('',(1.33E0,-6.8E-1,-8.5E-1));
#1008=LINE('',#1007,#1006);
#1009=DIRECTION('',(1.E0,0.E0,0.E0));
#1010=VECTOR('',#1009,1.4E-1);
#1011=CARTESIAN_POINT('',(1.33E0,-6.8E-1,-1.05E0));
#1012=LINE('',#1011,#1010);
#1013=DIRECTION('',(1.E0,0.E0,0.E0));
#1014=VECTOR('',#1013,1.4E-1);
#1015=CARTESIAN_POINT('',(1.33E0,-6.E-1,-1.05E0));
#1016=LINE('',#1015,#1014);
#1017=DIRECTION('',(1.E0,0.E0,0.E0));
#1018=VECTOR('',#1017,1.4E-1);
#1019=CARTESIAN_POINT('',(1.33E0,-6.E-1,-8.5E-1));
#1020=LINE('',#1019,#1018);
#1021=DIRECTION('',(1.E0,0.E0,0.E0));
#1022=VECTOR('',#1021,1.4E-1);
#1023=CARTESIAN_POINT('',(1.33E0,-5.8E-1,8.3E-1));
#1024=LINE('',#1023,#1022);
#1025=DIRECTION('',(1.E0,0.E0,0.E0));
#1026=VECTOR('',#1025,1.4E-1);
#1027=CARTESIAN_POINT('',(1.33E0,-6.E-1,8.5E-1));
#1028=LINE('',#1027,#1026);
#1029=DIRECTION('',(1.E0,0.E0,0.E0));
#1030=VECTOR('',#1029,1.4E-1);
#1031=CARTESIAN_POINT('',(1.33E0,-6.E-1,1.05E0));
#1032=LINE('',#1031,#1030);
#1033=DIRECTION('',(1.E0,0.E0,0.E0));
#1034=VECTOR('',#1033,1.4E-1);
#1035=CARTESIAN_POINT('',(1.33E0,-6.8E-1,1.05E0));
#1036=LINE('',#1035,#1034);
#1037=DIRECTION('',(1.E0,0.E0,0.E0));
#1038=VECTOR('',#1037,1.4E-1);
#1039=CARTESIAN_POINT('',(1.33E0,-6.8E-1,8.5E-1));
#1040=LINE('',#1039,#1038);
#1041=DIRECTION('',(0.E0,0.E0,1.E0));
#1042=VECTOR('',#1041,1.2E-1);
#1043=CARTESIAN_POINT('',(1.07E0,-5.8E-1,-8.3E-1));
#1044=LINE('',#1043,#1042);
#1045=DIRECTION('',(0.E0,7.071067811866E-1,7.071067811865E-1));
#1046=VECTOR('',#1045,2.828427124746E-2);
#1047=CARTESIAN_POINT('',(1.07E0,-6.E-1,-8.5E-1));
#1048=LINE('',#1047,#1046);
#1049=DIRECTION('',(0.E0,0.E0,1.E0));
#1050=VECTOR('',#1049,2.E-1);
#1051=CARTESIAN_POINT('',(1.07E0,-6.E-1,-1.05E0));
#1052=LINE('',#1051,#1050);
#1053=DIRECTION('',(0.E0,1.E0,0.E0));
#1054=VECTOR('',#1053,8.E-2);
#1055=CARTESIAN_POINT('',(1.07E0,-6.8E-1,-1.05E0));
#1056=LINE('',#1055,#1054);
#1057=DIRECTION('',(0.E0,0.E0,-1.E0));
#1058=VECTOR('',#1057,2.E-1);
#1059=CARTESIAN_POINT('',(1.07E0,-6.8E-1,-8.5E-1));
#1060=LINE('',#1059,#1058);
#1061=DIRECTION('',(0.E0,-7.071067811866E-1,-7.071067811865E-1));
#1062=VECTOR('',#1061,2.828427124746E-2);
#1063=CARTESIAN_POINT('',(1.07E0,-6.6E-1,-8.3E-1));
#1064=LINE('',#1063,#1062);
#1065=DIRECTION('',(0.E0,0.E0,-1.E0));
#1066=VECTOR('',#1065,1.2E-1);
#1067=CARTESIAN_POINT('',(1.07E0,-6.6E-1,-7.1E-1));
#1068=LINE('',#1067,#1066);
#1069=DIRECTION('',(0.E0,0.E0,-1.E0));
#1070=VECTOR('',#1069,1.2E-1);
#1071=CARTESIAN_POINT('',(1.07E0,-6.6E-1,8.3E-1));
#1072=LINE('',#1071,#1070);
#1073=DIRECTION('',(0.E0,7.071067811866E-1,-7.071067811865E-1));
#1074=VECTOR('',#1073,2.828427124746E-2);
#1075=CARTESIAN_POINT('',(1.07E0,-6.8E-1,8.5E-1));
#1076=LINE('',#1075,#1074);
#1077=DIRECTION('',(0.E0,0.E0,-1.E0));
#1078=VECTOR('',#1077,2.E-1);
#1079=CARTESIAN_POINT('',(1.07E0,-6.8E-1,1.05E0));
#1080=LINE('',#1079,#1078);
#1081=DIRECTION('',(0.E0,-1.E0,0.E0));
#1082=VECTOR('',#1081,8.E-2);
#1083=CARTESIAN_POINT('',(1.07E0,-6.E-1,1.05E0));
#1084=LINE('',#1083,#1082);
#1085=DIRECTION('',(0.E0,0.E0,1.E0));
#1086=VECTOR('',#1085,2.E-1);
#1087=CARTESIAN_POINT('',(1.07E0,-6.E-1,8.5E-1));
#1088=LINE('',#1087,#1086);
#1089=DIRECTION('',(0.E0,-7.071067811866E-1,7.071067811865E-1));
#1090=VECTOR('',#1089,2.828427124746E-2);
#1091=CARTESIAN_POINT('',(1.07E0,-5.8E-1,8.3E-1));
#1092=LINE('',#1091,#1090);
#1093=DIRECTION('',(0.E0,0.E0,1.E0));
#1094=VECTOR('',#1093,1.2E-1);
#1095=CARTESIAN_POINT('',(1.07E0,-5.8E-1,7.1E-1));
#1096=LINE('',#1095,#1094);
#1097=DIRECTION('',(1.E0,0.E0,0.E0));
#1098=VECTOR('',#1097,1.4E-1);
#1099=CARTESIAN_POINT('',(9.3E-1,-5.8E-1,-8.3E-1));
#1100=LINE('',#1099,#1098);
#1101=DIRECTION('',(0.E0,0.E0,1.E0));
#1102=VECTOR('',#1101,1.2E-1);
#1103=CARTESIAN_POINT('',(9.3E-1,-5.8E-1,-8.3E-1));
#1104=LINE('',#1103,#1102);
#1105=DIRECTION('',(0.E0,0.E0,-1.E0));
#1106=VECTOR('',#1105,1.2E-1);
#1107=CARTESIAN_POINT('',(9.3E-1,-6.6E-1,-7.1E-1));
#1108=LINE('',#1107,#1106);
#1109=DIRECTION('',(0.E0,-7.071067811866E-1,-7.071067811865E-1));
#1110=VECTOR('',#1109,2.828427124746E-2);
#1111=CARTESIAN_POINT('',(9.3E-1,-6.6E-1,-8.3E-1));
#1112=LINE('',#1111,#1110);
#1113=DIRECTION('',(0.E0,0.E0,-1.E0));
#1114=VECTOR('',#1113,2.E-1);
#1115=CARTESIAN_POINT('',(9.3E-1,-6.8E-1,-8.5E-1));
#1116=LINE('',#1115,#1114);
#1117=DIRECTION('',(0.E0,1.E0,0.E0));
#1118=VECTOR('',#1117,8.E-2);
#1119=CARTESIAN_POINT('',(9.3E-1,-6.8E-1,-1.05E0));
#1120=LINE('',#1119,#1118);
#1121=DIRECTION('',(0.E0,0.E0,1.E0));
#1122=VECTOR('',#1121,2.E-1);
#1123=CARTESIAN_POINT('',(9.3E-1,-6.E-1,-1.05E0));
#1124=LINE('',#1123,#1122);
#1125=DIRECTION('',(0.E0,7.071067811866E-1,7.071067811865E-1));
#1126=VECTOR('',#1125,2.828427124746E-2);
#1127=CARTESIAN_POINT('',(9.3E-1,-6.E-1,-8.5E-1));
#1128=LINE('',#1127,#1126);
#1129=DIRECTION('',(0.E0,0.E0,-1.E0));
#1130=VECTOR('',#1129,1.2E-1);
#1131=CARTESIAN_POINT('',(9.3E-1,-6.6E-1,8.3E-1));
#1132=LINE('',#1131,#1130);
#1133=DIRECTION('',(0.E0,0.E0,1.E0));
#1134=VECTOR('',#1133,1.2E-1);
#1135=CARTESIAN_POINT('',(9.3E-1,-5.8E-1,7.1E-1));
#1136=LINE('',#1135,#1134);
#1137=DIRECTION('',(0.E0,-7.071067811866E-1,7.071067811865E-1));
#1138=VECTOR('',#1137,2.828427124746E-2);
#1139=CARTESIAN_POINT('',(9.3E-1,-5.8E-1,8.3E-1));
#1140=LINE('',#1139,#1138);
#1141=DIRECTION('',(0.E0,0.E0,1.E0));
#1142=VECTOR('',#1141,2.E-1);
#1143=CARTESIAN_POINT('',(9.3E-1,-6.E-1,8.5E-1));
#1144=LINE('',#1143,#1142);
#1145=DIRECTION('',(0.E0,-1.E0,0.E0));
#1146=VECTOR('',#1145,8.E-2);
#1147=CARTESIAN_POINT('',(9.3E-1,-6.E-1,1.05E0));
#1148=LINE('',#1147,#1146);
#1149=DIRECTION('',(0.E0,0.E0,-1.E0));
#1150=VECTOR('',#1149,2.E-1);
#1151=CARTESIAN_POINT('',(9.3E-1,-6.8E-1,1.05E0));
#1152=LINE('',#1151,#1150);
#1153=DIRECTION('',(0.E0,7.071067811866E-1,-7.071067811865E-1));
#1154=VECTOR('',#1153,2.828427124746E-2);
#1155=CARTESIAN_POINT('',(9.3E-1,-6.8E-1,8.5E-1));
#1156=LINE('',#1155,#1154);
#1157=DIRECTION('',(1.E0,0.E0,0.E0));
#1158=VECTOR('',#1157,1.4E-1);
#1159=CARTESIAN_POINT('',(9.3E-1,-6.6E-1,-8.3E-1));
#1160=LINE('',#1159,#1158);
#1161=DIRECTION('',(1.E0,0.E0,0.E0));
#1162=VECTOR('',#1161,1.4E-1);
#1163=CARTESIAN_POINT('',(9.3E-1,-6.8E-1,-8.5E-1));
#1164=LINE('',#1163,#1162);
#1165=DIRECTION('',(1.E0,0.E0,0.E0));
#1166=VECTOR('',#1165,1.4E-1);
#1167=CARTESIAN_POINT('',(9.3E-1,-6.8E-1,-1.05E0));
#1168=LINE('',#1167,#1166);
#1169=DIRECTION('',(1.E0,0.E0,0.E0));
#1170=VECTOR('',#1169,1.4E-1);
#1171=CARTESIAN_POINT('',(9.3E-1,-6.E-1,-1.05E0));
#1172=LINE('',#1171,#1170);
#1173=DIRECTION('',(1.E0,0.E0,0.E0));
#1174=VECTOR('',#1173,1.4E-1);
#1175=CARTESIAN_POINT('',(9.3E-1,-6.E-1,-8.5E-1));
#1176=LINE('',#1175,#1174);
#1177=DIRECTION('',(1.E0,0.E0,0.E0));
#1178=VECTOR('',#1177,1.4E-1);
#1179=CARTESIAN_POINT('',(9.3E-1,-5.8E-1,8.3E-1));
#1180=LINE('',#1179,#1178);
#1181=DIRECTION('',(1.E0,0.E0,0.E0));
#1182=VECTOR('',#1181,1.4E-1);
#1183=CARTESIAN_POINT('',(9.3E-1,-6.E-1,8.5E-1));
#1184=LINE('',#1183,#1182);
#1185=DIRECTION('',(1.E0,0.E0,0.E0));
#1186=VECTOR('',#1185,1.4E-1);
#1187=CARTESIAN_POINT('',(9.3E-1,-6.E-1,1.05E0));
#1188=LINE('',#1187,#1186);
#1189=DIRECTION('',(1.E0,0.E0,0.E0));
#1190=VECTOR('',#1189,1.4E-1);
#1191=CARTESIAN_POINT('',(9.3E-1,-6.8E-1,1.05E0));
#1192=LINE('',#1191,#1190);
#1193=DIRECTION('',(1.E0,0.E0,0.E0));
#1194=VECTOR('',#1193,1.4E-1);
#1195=CARTESIAN_POINT('',(9.3E-1,-6.8E-1,8.5E-1));
#1196=LINE('',#1195,#1194);
#1197=DIRECTION('',(0.E0,0.E0,1.E0));
#1198=VECTOR('',#1197,1.2E-1);
#1199=CARTESIAN_POINT('',(6.7E-1,-5.8E-1,-8.3E-1));
#1200=LINE('',#1199,#1198);
#1201=DIRECTION('',(0.E0,7.071067811866E-1,7.071067811865E-1));
#1202=VECTOR('',#1201,2.828427124746E-2);
#1203=CARTESIAN_POINT('',(6.7E-1,-6.E-1,-8.5E-1));
#1204=LINE('',#1203,#1202);
#1205=DIRECTION('',(0.E0,0.E0,1.E0));
#1206=VECTOR('',#1205,2.E-1);
#1207=CARTESIAN_POINT('',(6.7E-1,-6.E-1,-1.05E0));
#1208=LINE('',#1207,#1206);
#1209=DIRECTION('',(0.E0,1.E0,0.E0));
#1210=VECTOR('',#1209,8.E-2);
#1211=CARTESIAN_POINT('',(6.7E-1,-6.8E-1,-1.05E0));
#1212=LINE('',#1211,#1210);
#1213=DIRECTION('',(0.E0,0.E0,-1.E0));
#1214=VECTOR('',#1213,2.E-1);
#1215=CARTESIAN_POINT('',(6.7E-1,-6.8E-1,-8.5E-1));
#1216=LINE('',#1215,#1214);
#1217=DIRECTION('',(0.E0,-7.071067811866E-1,-7.071067811865E-1));
#1218=VECTOR('',#1217,2.828427124746E-2);
#1219=CARTESIAN_POINT('',(6.7E-1,-6.6E-1,-8.3E-1));
#1220=LINE('',#1219,#1218);
#1221=DIRECTION('',(0.E0,0.E0,-1.E0));
#1222=VECTOR('',#1221,1.2E-1);
#1223=CARTESIAN_POINT('',(6.7E-1,-6.6E-1,-7.1E-1));
#1224=LINE('',#1223,#1222);
#1225=DIRECTION('',(0.E0,0.E0,-1.E0));
#1226=VECTOR('',#1225,1.2E-1);
#1227=CARTESIAN_POINT('',(6.7E-1,-6.6E-1,8.3E-1));
#1228=LINE('',#1227,#1226);
#1229=DIRECTION('',(0.E0,7.071067811866E-1,-7.071067811865E-1));
#1230=VECTOR('',#1229,2.828427124746E-2);
#1231=CARTESIAN_POINT('',(6.7E-1,-6.8E-1,8.5E-1));
#1232=LINE('',#1231,#1230);
#1233=DIRECTION('',(0.E0,0.E0,-1.E0));
#1234=VECTOR('',#1233,2.E-1);
#1235=CARTESIAN_POINT('',(6.7E-1,-6.8E-1,1.05E0));
#1236=LINE('',#1235,#1234);
#1237=DIRECTION('',(0.E0,-1.E0,0.E0));
#1238=VECTOR('',#1237,8.E-2);
#1239=CARTESIAN_POINT('',(6.7E-1,-6.E-1,1.05E0));
#1240=LINE('',#1239,#1238);
#1241=DIRECTION('',(0.E0,0.E0,1.E0));
#1242=VECTOR('',#1241,2.E-1);
#1243=CARTESIAN_POINT('',(6.7E-1,-6.E-1,8.5E-1));
#1244=LINE('',#1243,#1242);
#1245=DIRECTION('',(0.E0,-7.071067811866E-1,7.071067811865E-1));
#1246=VECTOR('',#1245,2.828427124746E-2);
#1247=CARTESIAN_POINT('',(6.7E-1,-5.8E-1,8.3E-1));
#1248=LINE('',#1247,#1246);
#1249=DIRECTION('',(0.E0,0.E0,1.E0));
#1250=VECTOR('',#1249,1.2E-1);
#1251=CARTESIAN_POINT('',(6.7E-1,-5.8E-1,7.1E-1));
#1252=LINE('',#1251,#1250);
#1253=DIRECTION('',(1.E0,0.E0,0.E0));
#1254=VECTOR('',#1253,1.4E-1);
#1255=CARTESIAN_POINT('',(5.3E-1,-5.8E-1,-8.3E-1));
#1256=LINE('',#1255,#1254);
#1257=DIRECTION('',(0.E0,0.E0,1.E0));
#1258=VECTOR('',#1257,1.2E-1);
#1259=CARTESIAN_POINT('',(5.3E-1,-5.8E-1,-8.3E-1));
#1260=LINE('',#1259,#1258);
#1261=DIRECTION('',(0.E0,0.E0,-1.E0));
#1262=VECTOR('',#1261,1.2E-1);
#1263=CARTESIAN_POINT('',(5.3E-1,-6.6E-1,-7.1E-1));
#1264=LINE('',#1263,#1262);
#1265=DIRECTION('',(0.E0,-7.071067811866E-1,-7.071067811865E-1));
#1266=VECTOR('',#1265,2.828427124746E-2);
#1267=CARTESIAN_POINT('',(5.3E-1,-6.6E-1,-8.3E-1));
#1268=LINE('',#1267,#1266);
#1269=DIRECTION('',(0.E0,0.E0,-1.E0));
#1270=VECTOR('',#1269,2.E-1);
#1271=CARTESIAN_POINT('',(5.3E-1,-6.8E-1,-8.5E-1));
#1272=LINE('',#1271,#1270);
#1273=DIRECTION('',(0.E0,1.E0,0.E0));
#1274=VECTOR('',#1273,8.E-2);
#1275=CARTESIAN_POINT('',(5.3E-1,-6.8E-1,-1.05E0));
#1276=LINE('',#1275,#1274);
#1277=DIRECTION('',(0.E0,0.E0,1.E0));
#1278=VECTOR('',#1277,2.E-1);
#1279=CARTESIAN_POINT('',(5.3E-1,-6.E-1,-1.05E0));
#1280=LINE('',#1279,#1278);
#1281=DIRECTION('',(0.E0,7.071067811866E-1,7.071067811865E-1));
#1282=VECTOR('',#1281,2.828427124746E-2);
#1283=CARTESIAN_POINT('',(5.3E-1,-6.E-1,-8.5E-1));
#1284=LINE('',#1283,#1282);
#1285=DIRECTION('',(0.E0,0.E0,-1.E0));
#1286=VECTOR('',#1285,1.2E-1);
#1287=CARTESIAN_POINT('',(5.3E-1,-6.6E-1,8.3E-1));
#1288=LINE('',#1287,#1286);
#1289=DIRECTION('',(0.E0,0.E0,1.E0));
#1290=VECTOR('',#1289,1.2E-1);
#1291=CARTESIAN_POINT('',(5.3E-1,-5.8E-1,7.1E-1));
#1292=LINE('',#1291,#1290);
#1293=DIRECTION('',(0.E0,-7.071067811866E-1,7.071067811865E-1));
#1294=VECTOR('',#1293,2.828427124746E-2);
#1295=CARTESIAN_POINT('',(5.3E-1,-5.8E-1,8.3E-1));
#1296=LINE('',#1295,#1294);
#1297=DIRECTION('',(0.E0,0.E0,1.E0));
#1298=VECTOR('',#1297,2.E-1);
#1299=CARTESIAN_POINT('',(5.3E-1,-6.E-1,8.5E-1));
#1300=LINE('',#1299,#1298);
#1301=DIRECTION('',(0.E0,-1.E0,0.E0));
#1302=VECTOR('',#1301,8.E-2);
#1303=CARTESIAN_POINT('',(5.3E-1,-6.E-1,1.05E0));
#1304=LINE('',#1303,#1302);
#1305=DIRECTION('',(0.E0,0.E0,-1.E0));
#1306=VECTOR('',#1305,2.E-1);
#1307=CARTESIAN_POINT('',(5.3E-1,-6.8E-1,1.05E0));
#1308=LINE('',#1307,#1306);
#1309=DIRECTION('',(0.E0,7.071067811866E-1,-7.071067811865E-1));
#1310=VECTOR('',#1309,2.828427124746E-2);
#1311=CARTESIAN_POINT('',(5.3E-1,-6.8E-1,8.5E-1));
#1312=LINE('',#1311,#1310);
#1313=DIRECTION('',(1.E0,0.E0,0.E0));
#1314=VECTOR('',#1313,1.4E-1);
#1315=CARTESIAN_POINT('',(5.3E-1,-6.6E-1,-8.3E-1));
#1316=LINE('',#1315,#1314);
#1317=DIRECTION('',(1.E0,0.E0,0.E0));
#1318=VECTOR('',#1317,1.4E-1);
#1319=CARTESIAN_POINT('',(5.3E-1,-6.8E-1,-8.5E-1));
#1320=LINE('',#1319,#1318);
#1321=DIRECTION('',(1.E0,0.E0,0.E0));
#1322=VECTOR('',#1321,1.4E-1);
#1323=CARTESIAN_POINT('',(5.3E-1,-6.8E-1,-1.05E0));
#1324=LINE('',#1323,#1322);
#1325=DIRECTION('',(1.E0,0.E0,0.E0));
#1326=VECTOR('',#1325,1.4E-1);
#1327=CARTESIAN_POINT('',(5.3E-1,-6.E-1,-1.05E0));
#1328=LINE('',#1327,#1326);
#1329=DIRECTION('',(1.E0,0.E0,0.E0));
#1330=VECTOR('',#1329,1.4E-1);
#1331=CARTESIAN_POINT('',(5.3E-1,-6.E-1,-8.5E-1));
#1332=LINE('',#1331,#1330);
#1333=DIRECTION('',(1.E0,0.E0,0.E0));
#1334=VECTOR('',#1333,1.4E-1);
#1335=CARTESIAN_POINT('',(5.3E-1,-5.8E-1,8.3E-1));
#1336=LINE('',#1335,#1334);
#1337=DIRECTION('',(1.E0,0.E0,0.E0));
#1338=VECTOR('',#1337,1.4E-1);
#1339=CARTESIAN_POINT('',(5.3E-1,-6.E-1,8.5E-1));
#1340=LINE('',#1339,#1338);
#1341=DIRECTION('',(1.E0,0.E0,0.E0));
#1342=VECTOR('',#1341,1.4E-1);
#1343=CARTESIAN_POINT('',(5.3E-1,-6.E-1,1.05E0));
#1344=LINE('',#1343,#1342);
#1345=DIRECTION('',(1.E0,0.E0,0.E0));
#1346=VECTOR('',#1345,1.4E-1);
#1347=CARTESIAN_POINT('',(5.3E-1,-6.8E-1,1.05E0));
#1348=LINE('',#1347,#1346);
#1349=DIRECTION('',(1.E0,0.E0,0.E0));
#1350=VECTOR('',#1349,1.4E-1);
#1351=CARTESIAN_POINT('',(5.3E-1,-6.8E-1,8.5E-1));
#1352=LINE('',#1351,#1350);
#1353=DIRECTION('',(0.E0,0.E0,1.E0));
#1354=VECTOR('',#1353,1.2E-1);
#1355=CARTESIAN_POINT('',(2.7E-1,-5.8E-1,-8.3E-1));
#1356=LINE('',#1355,#1354);
#1357=DIRECTION('',(0.E0,7.071067811866E-1,7.071067811865E-1));
#1358=VECTOR('',#1357,2.828427124746E-2);
#1359=CARTESIAN_POINT('',(2.7E-1,-6.E-1,-8.5E-1));
#1360=LINE('',#1359,#1358);
#1361=DIRECTION('',(0.E0,0.E0,1.E0));
#1362=VECTOR('',#1361,2.E-1);
#1363=CARTESIAN_POINT('',(2.7E-1,-6.E-1,-1.05E0));
#1364=LINE('',#1363,#1362);
#1365=DIRECTION('',(0.E0,1.E0,0.E0));
#1366=VECTOR('',#1365,8.E-2);
#1367=CARTESIAN_POINT('',(2.7E-1,-6.8E-1,-1.05E0));
#1368=LINE('',#1367,#1366);
#1369=DIRECTION('',(0.E0,0.E0,-1.E0));
#1370=VECTOR('',#1369,2.E-1);
#1371=CARTESIAN_POINT('',(2.7E-1,-6.8E-1,-8.5E-1));
#1372=LINE('',#1371,#1370);
#1373=DIRECTION('',(0.E0,-7.071067811866E-1,-7.071067811865E-1));
#1374=VECTOR('',#1373,2.828427124746E-2);
#1375=CARTESIAN_POINT('',(2.7E-1,-6.6E-1,-8.3E-1));
#1376=LINE('',#1375,#1374);
#1377=DIRECTION('',(0.E0,0.E0,-1.E0));
#1378=VECTOR('',#1377,1.2E-1);
#1379=CARTESIAN_POINT('',(2.7E-1,-6.6E-1,-7.1E-1));
#1380=LINE('',#1379,#1378);
#1381=DIRECTION('',(0.E0,0.E0,-1.E0));
#1382=VECTOR('',#1381,1.2E-1);
#1383=CARTESIAN_POINT('',(2.7E-1,-6.6E-1,8.3E-1));
#1384=LINE('',#1383,#1382);
#1385=DIRECTION('',(0.E0,7.071067811866E-1,-7.071067811865E-1));
#1386=VECTOR('',#1385,2.828427124746E-2);
#1387=CARTESIAN_POINT('',(2.7E-1,-6.8E-1,8.5E-1));
#1388=LINE('',#1387,#1386);
#1389=DIRECTION('',(0.E0,0.E0,-1.E0));
#1390=VECTOR('',#1389,2.E-1);
#1391=CARTESIAN_POINT('',(2.7E-1,-6.8E-1,1.05E0));
#1392=LINE('',#1391,#1390);
#1393=DIRECTION('',(0.E0,-1.E0,0.E0));
#1394=VECTOR('',#1393,8.E-2);
#1395=CARTESIAN_POINT('',(2.7E-1,-6.E-1,1.05E0));
#1396=LINE('',#1395,#1394);
#1397=DIRECTION('',(0.E0,0.E0,1.E0));
#1398=VECTOR('',#1397,2.E-1);
#1399=CARTESIAN_POINT('',(2.7E-1,-6.E-1,8.5E-1));
#1400=LINE('',#1399,#1398);
#1401=DIRECTION('',(0.E0,-7.071067811866E-1,7.071067811865E-1));
#1402=VECTOR('',#1401,2.828427124746E-2);
#1403=CARTESIAN_POINT('',(2.7E-1,-5.8E-1,8.3E-1));
#1404=LINE('',#1403,#1402);
#1405=DIRECTION('',(0.E0,0.E0,1.E0));
#1406=VECTOR('',#1405,1.2E-1);
#1407=CARTESIAN_POINT('',(2.7E-1,-5.8E-1,7.1E-1));
#1408=LINE('',#1407,#1406);
#1409=DIRECTION('',(1.E0,0.E0,0.E0));
#1410=VECTOR('',#1409,1.4E-1);
#1411=CARTESIAN_POINT('',(1.3E-1,-5.8E-1,-8.3E-1));
#1412=LINE('',#1411,#1410);
#1413=DIRECTION('',(0.E0,0.E0,1.E0));
#1414=VECTOR('',#1413,1.2E-1);
#1415=CARTESIAN_POINT('',(1.3E-1,-5.8E-1,-8.3E-1));
#1416=LINE('',#1415,#1414);
#1417=DIRECTION('',(0.E0,0.E0,-1.E0));
#1418=VECTOR('',#1417,1.2E-1);
#1419=CARTESIAN_POINT('',(1.3E-1,-6.6E-1,-7.1E-1));
#1420=LINE('',#1419,#1418);
#1421=DIRECTION('',(0.E0,-7.071067811866E-1,-7.071067811865E-1));
#1422=VECTOR('',#1421,2.828427124746E-2);
#1423=CARTESIAN_POINT('',(1.3E-1,-6.6E-1,-8.3E-1));
#1424=LINE('',#1423,#1422);
#1425=DIRECTION('',(0.E0,0.E0,-1.E0));
#1426=VECTOR('',#1425,2.E-1);
#1427=CARTESIAN_POINT('',(1.3E-1,-6.8E-1,-8.5E-1));
#1428=LINE('',#1427,#1426);
#1429=DIRECTION('',(0.E0,1.E0,0.E0));
#1430=VECTOR('',#1429,8.E-2);
#1431=CARTESIAN_POINT('',(1.3E-1,-6.8E-1,-1.05E0));
#1432=LINE('',#1431,#1430);
#1433=DIRECTION('',(0.E0,0.E0,1.E0));
#1434=VECTOR('',#1433,2.E-1);
#1435=CARTESIAN_POINT('',(1.3E-1,-6.E-1,-1.05E0));
#1436=LINE('',#1435,#1434);
#1437=DIRECTION('',(0.E0,7.071067811866E-1,7.071067811865E-1));
#1438=VECTOR('',#1437,2.828427124746E-2);
#1439=CARTESIAN_POINT('',(1.3E-1,-6.E-1,-8.5E-1));
#1440=LINE('',#1439,#1438);
#1441=DIRECTION('',(0.E0,0.E0,-1.E0));
#1442=VECTOR('',#1441,1.2E-1);
#1443=CARTESIAN_POINT('',(1.3E-1,-6.6E-1,8.3E-1));
#1444=LINE('',#1443,#1442);
#1445=DIRECTION('',(0.E0,0.E0,1.E0));
#1446=VECTOR('',#1445,1.2E-1);
#1447=CARTESIAN_POINT('',(1.3E-1,-5.8E-1,7.1E-1));
#1448=LINE('',#1447,#1446);
#1449=DIRECTION('',(0.E0,-7.071067811866E-1,7.071067811865E-1));
#1450=VECTOR('',#1449,2.828427124746E-2);
#1451=CARTESIAN_POINT('',(1.3E-1,-5.8E-1,8.3E-1));
#1452=LINE('',#1451,#1450);
#1453=DIRECTION('',(0.E0,0.E0,1.E0));
#1454=VECTOR('',#1453,2.E-1);
#1455=CARTESIAN_POINT('',(1.3E-1,-6.E-1,8.5E-1));
#1456=LINE('',#1455,#1454);
#1457=DIRECTION('',(0.E0,-1.E0,0.E0));
#1458=VECTOR('',#1457,8.E-2);
#1459=CARTESIAN_POINT('',(1.3E-1,-6.E-1,1.05E0));
#1460=LINE('',#1459,#1458);
#1461=DIRECTION('',(0.E0,0.E0,-1.E0));
#1462=VECTOR('',#1461,2.E-1);
#1463=CARTESIAN_POINT('',(1.3E-1,-6.8E-1,1.05E0));
#1464=LINE('',#1463,#1462);
#1465=DIRECTION('',(0.E0,7.071067811866E-1,-7.071067811865E-1));
#1466=VECTOR('',#1465,2.828427124746E-2);
#1467=CARTESIAN_POINT('',(1.3E-1,-6.8E-1,8.5E-1));
#1468=LINE('',#1467,#1466);
#1469=DIRECTION('',(1.E0,0.E0,0.E0));
#1470=VECTOR('',#1469,1.4E-1);
#1471=CARTESIAN_POINT('',(1.3E-1,-6.6E-1,-8.3E-1));
#1472=LINE('',#1471,#1470);
#1473=DIRECTION('',(1.E0,0.E0,0.E0));
#1474=VECTOR('',#1473,1.4E-1);
#1475=CARTESIAN_POINT('',(1.3E-1,-6.8E-1,-8.5E-1));
#1476=LINE('',#1475,#1474);
#1477=DIRECTION('',(1.E0,0.E0,0.E0));
#1478=VECTOR('',#1477,1.4E-1);
#1479=CARTESIAN_POINT('',(1.3E-1,-6.8E-1,-1.05E0));
#1480=LINE('',#1479,#1478);
#1481=DIRECTION('',(1.E0,0.E0,0.E0));
#1482=VECTOR('',#1481,1.4E-1);
#1483=CARTESIAN_POINT('',(1.3E-1,-6.E-1,-1.05E0));
#1484=LINE('',#1483,#1482);
#1485=DIRECTION('',(1.E0,0.E0,0.E0));
#1486=VECTOR('',#1485,1.4E-1);
#1487=CARTESIAN_POINT('',(1.3E-1,-6.E-1,-8.5E-1));
#1488=LINE('',#1487,#1486);
#1489=DIRECTION('',(1.E0,0.E0,0.E0));
#1490=VECTOR('',#1489,1.4E-1);
#1491=CARTESIAN_POINT('',(1.3E-1,-5.8E-1,8.3E-1));
#1492=LINE('',#1491,#1490);
#1493=DIRECTION('',(1.E0,0.E0,0.E0));
#1494=VECTOR('',#1493,1.4E-1);
#1495=CARTESIAN_POINT('',(1.3E-1,-6.E-1,8.5E-1));
#1496=LINE('',#1495,#1494);
#1497=DIRECTION('',(1.E0,0.E0,0.E0));
#1498=VECTOR('',#1497,1.4E-1);
#1499=CARTESIAN_POINT('',(1.3E-1,-6.E-1,1.05E0));
#1500=LINE('',#1499,#1498);
#1501=DIRECTION('',(1.E0,0.E0,0.E0));
#1502=VECTOR('',#1501,1.4E-1);
#1503=CARTESIAN_POINT('',(1.3E-1,-6.8E-1,1.05E0));
#1504=LINE('',#1503,#1502);
#1505=DIRECTION('',(1.E0,0.E0,0.E0));
#1506=VECTOR('',#1505,1.4E-1);
#1507=CARTESIAN_POINT('',(1.3E-1,-6.8E-1,8.5E-1));
#1508=LINE('',#1507,#1506);
#1509=DIRECTION('',(0.E0,0.E0,1.E0));
#1510=VECTOR('',#1509,1.2E-1);
#1511=CARTESIAN_POINT('',(-1.3E-1,-5.8E-1,-8.3E-1));
#1512=LINE('',#1511,#1510);
#1513=DIRECTION('',(0.E0,7.071067811866E-1,7.071067811865E-1));
#1514=VECTOR('',#1513,2.828427124746E-2);
#1515=CARTESIAN_POINT('',(-1.3E-1,-6.E-1,-8.5E-1));
#1516=LINE('',#1515,#1514);
#1517=DIRECTION('',(0.E0,0.E0,1.E0));
#1518=VECTOR('',#1517,2.E-1);
#1519=CARTESIAN_POINT('',(-1.3E-1,-6.E-1,-1.05E0));
#1520=LINE('',#1519,#1518);
#1521=DIRECTION('',(0.E0,1.E0,0.E0));
#1522=VECTOR('',#1521,8.E-2);
#1523=CARTESIAN_POINT('',(-1.3E-1,-6.8E-1,-1.05E0));
#1524=LINE('',#1523,#1522);
#1525=DIRECTION('',(0.E0,0.E0,-1.E0));
#1526=VECTOR('',#1525,2.E-1);
#1527=CARTESIAN_POINT('',(-1.3E-1,-6.8E-1,-8.5E-1));
#1528=LINE('',#1527,#1526);
#1529=DIRECTION('',(0.E0,-7.071067811866E-1,-7.071067811865E-1));
#1530=VECTOR('',#1529,2.828427124746E-2);
#1531=CARTESIAN_POINT('',(-1.3E-1,-6.6E-1,-8.3E-1));
#1532=LINE('',#1531,#1530);
#1533=DIRECTION('',(0.E0,0.E0,-1.E0));
#1534=VECTOR('',#1533,1.2E-1);
#1535=CARTESIAN_POINT('',(-1.3E-1,-6.6E-1,-7.1E-1));
#1536=LINE('',#1535,#1534);
#1537=DIRECTION('',(0.E0,0.E0,-1.E0));
#1538=VECTOR('',#1537,1.2E-1);
#1539=CARTESIAN_POINT('',(-1.3E-1,-6.6E-1,8.3E-1));
#1540=LINE('',#1539,#1538);
#1541=DIRECTION('',(0.E0,7.071067811866E-1,-7.071067811865E-1));
#1542=VECTOR('',#1541,2.828427124746E-2);
#1543=CARTESIAN_POINT('',(-1.3E-1,-6.8E-1,8.5E-1));
#1544=LINE('',#1543,#1542);
#1545=DIRECTION('',(0.E0,0.E0,-1.E0));
#1546=VECTOR('',#1545,2.E-1);
#1547=CARTESIAN_POINT('',(-1.3E-1,-6.8E-1,1.05E0));
#1548=LINE('',#1547,#1546);
#1549=DIRECTION('',(0.E0,-1.E0,0.E0));
#1550=VECTOR('',#1549,8.E-2);
#1551=CARTESIAN_POINT('',(-1.3E-1,-6.E-1,1.05E0));
#1552=LINE('',#1551,#1550);
#1553=DIRECTION('',(0.E0,0.E0,1.E0));
#1554=VECTOR('',#1553,2.E-1);
#1555=CARTESIAN_POINT('',(-1.3E-1,-6.E-1,8.5E-1));
#1556=LINE('',#1555,#1554);
#1557=DIRECTION('',(0.E0,-7.071067811866E-1,7.071067811865E-1));
#1558=VECTOR('',#1557,2.828427124746E-2);
#1559=CARTESIAN_POINT('',(-1.3E-1,-5.8E-1,8.3E-1));
#1560=LINE('',#1559,#1558);
#1561=DIRECTION('',(0.E0,0.E0,1.E0));
#1562=VECTOR('',#1561,1.2E-1);
#1563=CARTESIAN_POINT('',(-1.3E-1,-5.8E-1,7.1E-1));
#1564=LINE('',#1563,#1562);
#1565=DIRECTION('',(1.E0,0.E0,0.E0));
#1566=VECTOR('',#1565,1.4E-1);
#1567=CARTESIAN_POINT('',(-2.7E-1,-5.8E-1,-8.3E-1));
#1568=LINE('',#1567,#1566);
#1569=DIRECTION('',(0.E0,0.E0,1.E0));
#1570=VECTOR('',#1569,1.2E-1);
#1571=CARTESIAN_POINT('',(-2.7E-1,-5.8E-1,-8.3E-1));
#1572=LINE('',#1571,#1570);
#1573=DIRECTION('',(0.E0,0.E0,-1.E0));
#1574=VECTOR('',#1573,1.2E-1);
#1575=CARTESIAN_POINT('',(-2.7E-1,-6.6E-1,-7.1E-1));
#1576=LINE('',#1575,#1574);
#1577=DIRECTION('',(0.E0,-7.071067811866E-1,-7.071067811865E-1));
#1578=VECTOR('',#1577,2.828427124746E-2);
#1579=CARTESIAN_POINT('',(-2.7E-1,-6.6E-1,-8.3E-1));
#1580=LINE('',#1579,#1578);
#1581=DIRECTION('',(0.E0,0.E0,-1.E0));
#1582=VECTOR('',#1581,2.E-1);
#1583=CARTESIAN_POINT('',(-2.7E-1,-6.8E-1,-8.5E-1));
#1584=LINE('',#1583,#1582);
#1585=DIRECTION('',(0.E0,1.E0,0.E0));
#1586=VECTOR('',#1585,8.E-2);
#1587=CARTESIAN_POINT('',(-2.7E-1,-6.8E-1,-1.05E0));
#1588=LINE('',#1587,#1586);
#1589=DIRECTION('',(0.E0,0.E0,1.E0));
#1590=VECTOR('',#1589,2.E-1);
#1591=CARTESIAN_POINT('',(-2.7E-1,-6.E-1,-1.05E0));
#1592=LINE('',#1591,#1590);
#1593=DIRECTION('',(0.E0,7.071067811866E-1,7.071067811865E-1));
#1594=VECTOR('',#1593,2.828427124746E-2);
#1595=CARTESIAN_POINT('',(-2.7E-1,-6.E-1,-8.5E-1));
#1596=LINE('',#1595,#1594);
#1597=DIRECTION('',(0.E0,0.E0,-1.E0));
#1598=VECTOR('',#1597,1.2E-1);
#1599=CARTESIAN_POINT('',(-2.7E-1,-6.6E-1,8.3E-1));
#1600=LINE('',#1599,#1598);
#1601=DIRECTION('',(0.E0,0.E0,1.E0));
#1602=VECTOR('',#1601,1.2E-1);
#1603=CARTESIAN_POINT('',(-2.7E-1,-5.8E-1,7.1E-1));
#1604=LINE('',#1603,#1602);
#1605=DIRECTION('',(0.E0,-7.071067811866E-1,7.071067811865E-1));
#1606=VECTOR('',#1605,2.828427124746E-2);
#1607=CARTESIAN_POINT('',(-2.7E-1,-5.8E-1,8.3E-1));
#1608=LINE('',#1607,#1606);
#1609=DIRECTION('',(0.E0,0.E0,1.E0));
#1610=VECTOR('',#1609,2.E-1);
#1611=CARTESIAN_POINT('',(-2.7E-1,-6.E-1,8.5E-1));
#1612=LINE('',#1611,#1610);
#1613=DIRECTION('',(0.E0,-1.E0,0.E0));
#1614=VECTOR('',#1613,8.E-2);
#1615=CARTESIAN_POINT('',(-2.7E-1,-6.E-1,1.05E0));
#1616=LINE('',#1615,#1614);
#1617=DIRECTION('',(0.E0,0.E0,-1.E0));
#1618=VECTOR('',#1617,2.E-1);
#1619=CARTESIAN_POINT('',(-2.7E-1,-6.8E-1,1.05E0));
#1620=LINE('',#1619,#1618);
#1621=DIRECTION('',(0.E0,7.071067811866E-1,-7.071067811865E-1));
#1622=VECTOR('',#1621,2.828427124746E-2);
#1623=CARTESIAN_POINT('',(-2.7E-1,-6.8E-1,8.5E-1));
#1624=LINE('',#1623,#1622);
#1625=DIRECTION('',(1.E0,0.E0,0.E0));
#1626=VECTOR('',#1625,1.4E-1);
#1627=CARTESIAN_POINT('',(-2.7E-1,-6.6E-1,-8.3E-1));
#1628=LINE('',#1627,#1626);
#1629=DIRECTION('',(1.E0,0.E0,0.E0));
#1630=VECTOR('',#1629,1.4E-1);
#1631=CARTESIAN_POINT('',(-2.7E-1,-6.8E-1,-8.5E-1));
#1632=LINE('',#1631,#1630);
#1633=DIRECTION('',(1.E0,0.E0,0.E0));
#1634=VECTOR('',#1633,1.4E-1);
#1635=CARTESIAN_POINT('',(-2.7E-1,-6.8E-1,-1.05E0));
#1636=LINE('',#1635,#1634);
#1637=DIRECTION('',(1.E0,0.E0,0.E0));
#1638=VECTOR('',#1637,1.4E-1);
#1639=CARTESIAN_POINT('',(-2.7E-1,-6.E-1,-1.05E0));
#1640=LINE('',#1639,#1638);
#1641=DIRECTION('',(1.E0,0.E0,0.E0));
#1642=VECTOR('',#1641,1.4E-1);
#1643=CARTESIAN_POINT('',(-2.7E-1,-6.E-1,-8.5E-1));
#1644=LINE('',#1643,#1642);
#1645=DIRECTION('',(1.E0,0.E0,0.E0));
#1646=VECTOR('',#1645,1.4E-1);
#1647=CARTESIAN_POINT('',(-2.7E-1,-5.8E-1,8.3E-1));
#1648=LINE('',#1647,#1646);
#1649=DIRECTION('',(1.E0,0.E0,0.E0));
#1650=VECTOR('',#1649,1.4E-1);
#1651=CARTESIAN_POINT('',(-2.7E-1,-6.E-1,8.5E-1));
#1652=LINE('',#1651,#1650);
#1653=DIRECTION('',(1.E0,0.E0,0.E0));
#1654=VECTOR('',#1653,1.4E-1);
#1655=CARTESIAN_POINT('',(-2.7E-1,-6.E-1,1.05E0));
#1656=LINE('',#1655,#1654);
#1657=DIRECTION('',(1.E0,0.E0,0.E0));
#1658=VECTOR('',#1657,1.4E-1);
#1659=CARTESIAN_POINT('',(-2.7E-1,-6.8E-1,1.05E0));
#1660=LINE('',#1659,#1658);
#1661=DIRECTION('',(1.E0,0.E0,0.E0));
#1662=VECTOR('',#1661,1.4E-1);
#1663=CARTESIAN_POINT('',(-2.7E-1,-6.8E-1,8.5E-1));
#1664=LINE('',#1663,#1662);
#1665=DIRECTION('',(0.E0,0.E0,1.E0));
#1666=VECTOR('',#1665,1.2E-1);
#1667=CARTESIAN_POINT('',(-5.3E-1,-5.8E-1,-8.3E-1));
#1668=LINE('',#1667,#1666);
#1669=DIRECTION('',(0.E0,7.071067811866E-1,7.071067811865E-1));
#1670=VECTOR('',#1669,2.828427124746E-2);
#1671=CARTESIAN_POINT('',(-5.3E-1,-6.E-1,-8.5E-1));
#1672=LINE('',#1671,#1670);
#1673=DIRECTION('',(0.E0,0.E0,1.E0));
#1674=VECTOR('',#1673,2.E-1);
#1675=CARTESIAN_POINT('',(-5.3E-1,-6.E-1,-1.05E0));
#1676=LINE('',#1675,#1674);
#1677=DIRECTION('',(0.E0,1.E0,0.E0));
#1678=VECTOR('',#1677,8.E-2);
#1679=CARTESIAN_POINT('',(-5.3E-1,-6.8E-1,-1.05E0));
#1680=LINE('',#1679,#1678);
#1681=DIRECTION('',(0.E0,0.E0,-1.E0));
#1682=VECTOR('',#1681,2.E-1);
#1683=CARTESIAN_POINT('',(-5.3E-1,-6.8E-1,-8.5E-1));
#1684=LINE('',#1683,#1682);
#1685=DIRECTION('',(0.E0,-7.071067811866E-1,-7.071067811865E-1));
#1686=VECTOR('',#1685,2.828427124746E-2);
#1687=CARTESIAN_POINT('',(-5.3E-1,-6.6E-1,-8.3E-1));
#1688=LINE('',#1687,#1686);
#1689=DIRECTION('',(0.E0,0.E0,-1.E0));
#1690=VECTOR('',#1689,1.2E-1);
#1691=CARTESIAN_POINT('',(-5.3E-1,-6.6E-1,-7.1E-1));
#1692=LINE('',#1691,#1690);
#1693=DIRECTION('',(0.E0,0.E0,-1.E0));
#1694=VECTOR('',#1693,1.2E-1);
#1695=CARTESIAN_POINT('',(-5.3E-1,-6.6E-1,8.3E-1));
#1696=LINE('',#1695,#1694);
#1697=DIRECTION('',(0.E0,7.071067811866E-1,-7.071067811865E-1));
#1698=VECTOR('',#1697,2.828427124746E-2);
#1699=CARTESIAN_POINT('',(-5.3E-1,-6.8E-1,8.5E-1));
#1700=LINE('',#1699,#1698);
#1701=DIRECTION('',(0.E0,0.E0,-1.E0));
#1702=VECTOR('',#1701,2.E-1);
#1703=CARTESIAN_POINT('',(-5.3E-1,-6.8E-1,1.05E0));
#1704=LINE('',#1703,#1702);
#1705=DIRECTION('',(0.E0,-1.E0,0.E0));
#1706=VECTOR('',#1705,8.E-2);
#1707=CARTESIAN_POINT('',(-5.3E-1,-6.E-1,1.05E0));
#1708=LINE('',#1707,#1706);
#1709=DIRECTION('',(0.E0,0.E0,1.E0));
#1710=VECTOR('',#1709,2.E-1);
#1711=CARTESIAN_POINT('',(-5.3E-1,-6.E-1,8.5E-1));
#1712=LINE('',#1711,#1710);
#1713=DIRECTION('',(0.E0,-7.071067811866E-1,7.071067811865E-1));
#1714=VECTOR('',#1713,2.828427124746E-2);
#1715=CARTESIAN_POINT('',(-5.3E-1,-5.8E-1,8.3E-1));
#1716=LINE('',#1715,#1714);
#1717=DIRECTION('',(0.E0,0.E0,1.E0));
#1718=VECTOR('',#1717,1.2E-1);
#1719=CARTESIAN_POINT('',(-5.3E-1,-5.8E-1,7.1E-1));
#1720=LINE('',#1719,#1718);
#1721=DIRECTION('',(1.E0,0.E0,0.E0));
#1722=VECTOR('',#1721,1.4E-1);
#1723=CARTESIAN_POINT('',(-6.7E-1,-5.8E-1,-8.3E-1));
#1724=LINE('',#1723,#1722);
#1725=DIRECTION('',(0.E0,0.E0,1.E0));
#1726=VECTOR('',#1725,1.2E-1);
#1727=CARTESIAN_POINT('',(-6.7E-1,-5.8E-1,-8.3E-1));
#1728=LINE('',#1727,#1726);
#1729=DIRECTION('',(0.E0,0.E0,-1.E0));
#1730=VECTOR('',#1729,1.2E-1);
#1731=CARTESIAN_POINT('',(-6.7E-1,-6.6E-1,-7.1E-1));
#1732=LINE('',#1731,#1730);
#1733=DIRECTION('',(0.E0,-7.071067811866E-1,-7.071067811865E-1));
#1734=VECTOR('',#1733,2.828427124746E-2);
#1735=CARTESIAN_POINT('',(-6.7E-1,-6.6E-1,-8.3E-1));
#1736=LINE('',#1735,#1734);
#1737=DIRECTION('',(0.E0,0.E0,-1.E0));
#1738=VECTOR('',#1737,2.E-1);
#1739=CARTESIAN_POINT('',(-6.7E-1,-6.8E-1,-8.5E-1));
#1740=LINE('',#1739,#1738);
#1741=DIRECTION('',(0.E0,1.E0,0.E0));
#1742=VECTOR('',#1741,8.E-2);
#1743=CARTESIAN_POINT('',(-6.7E-1,-6.8E-1,-1.05E0));
#1744=LINE('',#1743,#1742);
#1745=DIRECTION('',(0.E0,0.E0,1.E0));
#1746=VECTOR('',#1745,2.E-1);
#1747=CARTESIAN_POINT('',(-6.7E-1,-6.E-1,-1.05E0));
#1748=LINE('',#1747,#1746);
#1749=DIRECTION('',(0.E0,7.071067811866E-1,7.071067811865E-1));
#1750=VECTOR('',#1749,2.828427124746E-2);
#1751=CARTESIAN_POINT('',(-6.7E-1,-6.E-1,-8.5E-1));
#1752=LINE('',#1751,#1750);
#1753=DIRECTION('',(0.E0,0.E0,-1.E0));
#1754=VECTOR('',#1753,1.2E-1);
#1755=CARTESIAN_POINT('',(-6.7E-1,-6.6E-1,8.3E-1));
#1756=LINE('',#1755,#1754);
#1757=DIRECTION('',(0.E0,0.E0,1.E0));
#1758=VECTOR('',#1757,1.2E-1);
#1759=CARTESIAN_POINT('',(-6.7E-1,-5.8E-1,7.1E-1));
#1760=LINE('',#1759,#1758);
#1761=DIRECTION('',(0.E0,-7.071067811866E-1,7.071067811865E-1));
#1762=VECTOR('',#1761,2.828427124746E-2);
#1763=CARTESIAN_POINT('',(-6.7E-1,-5.8E-1,8.3E-1));
#1764=LINE('',#1763,#1762);
#1765=DIRECTION('',(0.E0,0.E0,1.E0));
#1766=VECTOR('',#1765,2.E-1);
#1767=CARTESIAN_POINT('',(-6.7E-1,-6.E-1,8.5E-1));
#1768=LINE('',#1767,#1766);
#1769=DIRECTION('',(0.E0,-1.E0,0.E0));
#1770=VECTOR('',#1769,8.E-2);
#1771=CARTESIAN_POINT('',(-6.7E-1,-6.E-1,1.05E0));
#1772=LINE('',#1771,#1770);
#1773=DIRECTION('',(0.E0,0.E0,-1.E0));
#1774=VECTOR('',#1773,2.E-1);
#1775=CARTESIAN_POINT('',(-6.7E-1,-6.8E-1,1.05E0));
#1776=LINE('',#1775,#1774);
#1777=DIRECTION('',(0.E0,7.071067811866E-1,-7.071067811865E-1));
#1778=VECTOR('',#1777,2.828427124746E-2);
#1779=CARTESIAN_POINT('',(-6.7E-1,-6.8E-1,8.5E-1));
#1780=LINE('',#1779,#1778);
#1781=DIRECTION('',(1.E0,0.E0,0.E0));
#1782=VECTOR('',#1781,1.4E-1);
#1783=CARTESIAN_POINT('',(-6.7E-1,-6.6E-1,-8.3E-1));
#1784=LINE('',#1783,#1782);
#1785=DIRECTION('',(1.E0,0.E0,0.E0));
#1786=VECTOR('',#1785,1.4E-1);
#1787=CARTESIAN_POINT('',(-6.7E-1,-6.8E-1,-8.5E-1));
#1788=LINE('',#1787,#1786);
#1789=DIRECTION('',(1.E0,0.E0,0.E0));
#1790=VECTOR('',#1789,1.4E-1);
#1791=CARTESIAN_POINT('',(-6.7E-1,-6.8E-1,-1.05E0));
#1792=LINE('',#1791,#1790);
#1793=DIRECTION('',(1.E0,0.E0,0.E0));
#1794=VECTOR('',#1793,1.4E-1);
#1795=CARTESIAN_POINT('',(-6.7E-1,-6.E-1,-1.05E0));
#1796=LINE('',#1795,#1794);
#1797=DIRECTION('',(1.E0,0.E0,0.E0));
#1798=VECTOR('',#1797,1.4E-1);
#1799=CARTESIAN_POINT('',(-6.7E-1,-6.E-1,-8.5E-1));
#1800=LINE('',#1799,#1798);
#1801=DIRECTION('',(1.E0,0.E0,0.E0));
#1802=VECTOR('',#1801,1.4E-1);
#1803=CARTESIAN_POINT('',(-6.7E-1,-5.8E-1,8.3E-1));
#1804=LINE('',#1803,#1802);
#1805=DIRECTION('',(1.E0,0.E0,0.E0));
#1806=VECTOR('',#1805,1.4E-1);
#1807=CARTESIAN_POINT('',(-6.7E-1,-6.E-1,8.5E-1));
#1808=LINE('',#1807,#1806);
#1809=DIRECTION('',(1.E0,0.E0,0.E0));
#1810=VECTOR('',#1809,1.4E-1);
#1811=CARTESIAN_POINT('',(-6.7E-1,-6.E-1,1.05E0));
#1812=LINE('',#1811,#1810);
#1813=DIRECTION('',(1.E0,0.E0,0.E0));
#1814=VECTOR('',#1813,1.4E-1);
#1815=CARTESIAN_POINT('',(-6.7E-1,-6.8E-1,1.05E0));
#1816=LINE('',#1815,#1814);
#1817=DIRECTION('',(1.E0,0.E0,0.E0));
#1818=VECTOR('',#1817,1.4E-1);
#1819=CARTESIAN_POINT('',(-6.7E-1,-6.8E-1,8.5E-1));
#1820=LINE('',#1819,#1818);
#1821=DIRECTION('',(0.E0,0.E0,1.E0));
#1822=VECTOR('',#1821,1.2E-1);
#1823=CARTESIAN_POINT('',(-9.3E-1,-5.8E-1,-8.3E-1));
#1824=LINE('',#1823,#1822);
#1825=DIRECTION('',(0.E0,7.071067811866E-1,7.071067811865E-1));
#1826=VECTOR('',#1825,2.828427124746E-2);
#1827=CARTESIAN_POINT('',(-9.3E-1,-6.E-1,-8.5E-1));
#1828=LINE('',#1827,#1826);
#1829=DIRECTION('',(0.E0,0.E0,1.E0));
#1830=VECTOR('',#1829,2.E-1);
#1831=CARTESIAN_POINT('',(-9.3E-1,-6.E-1,-1.05E0));
#1832=LINE('',#1831,#1830);
#1833=DIRECTION('',(0.E0,1.E0,0.E0));
#1834=VECTOR('',#1833,8.E-2);
#1835=CARTESIAN_POINT('',(-9.3E-1,-6.8E-1,-1.05E0));
#1836=LINE('',#1835,#1834);
#1837=DIRECTION('',(0.E0,0.E0,-1.E0));
#1838=VECTOR('',#1837,2.E-1);
#1839=CARTESIAN_POINT('',(-9.3E-1,-6.8E-1,-8.5E-1));
#1840=LINE('',#1839,#1838);
#1841=DIRECTION('',(0.E0,-7.071067811866E-1,-7.071067811865E-1));
#1842=VECTOR('',#1841,2.828427124746E-2);
#1843=CARTESIAN_POINT('',(-9.3E-1,-6.6E-1,-8.3E-1));
#1844=LINE('',#1843,#1842);
#1845=DIRECTION('',(0.E0,0.E0,-1.E0));
#1846=VECTOR('',#1845,1.2E-1);
#1847=CARTESIAN_POINT('',(-9.3E-1,-6.6E-1,-7.1E-1));
#1848=LINE('',#1847,#1846);
#1849=DIRECTION('',(0.E0,0.E0,-1.E0));
#1850=VECTOR('',#1849,1.2E-1);
#1851=CARTESIAN_POINT('',(-9.3E-1,-6.6E-1,8.3E-1));
#1852=LINE('',#1851,#1850);
#1853=DIRECTION('',(0.E0,7.071067811866E-1,-7.071067811865E-1));
#1854=VECTOR('',#1853,2.828427124746E-2);
#1855=CARTESIAN_POINT('',(-9.3E-1,-6.8E-1,8.5E-1));
#1856=LINE('',#1855,#1854);
#1857=DIRECTION('',(0.E0,0.E0,-1.E0));
#1858=VECTOR('',#1857,2.E-1);
#1859=CARTESIAN_POINT('',(-9.3E-1,-6.8E-1,1.05E0));
#1860=LINE('',#1859,#1858);
#1861=DIRECTION('',(0.E0,-1.E0,0.E0));
#1862=VECTOR('',#1861,8.E-2);
#1863=CARTESIAN_POINT('',(-9.3E-1,-6.E-1,1.05E0));
#1864=LINE('',#1863,#1862);
#1865=DIRECTION('',(0.E0,0.E0,1.E0));
#1866=VECTOR('',#1865,2.E-1);
#1867=CARTESIAN_POINT('',(-9.3E-1,-6.E-1,8.5E-1));
#1868=LINE('',#1867,#1866);
#1869=DIRECTION('',(0.E0,-7.071067811866E-1,7.071067811865E-1));
#1870=VECTOR('',#1869,2.828427124746E-2);
#1871=CARTESIAN_POINT('',(-9.3E-1,-5.8E-1,8.3E-1));
#1872=LINE('',#1871,#1870);
#1873=DIRECTION('',(0.E0,0.E0,1.E0));
#1874=VECTOR('',#1873,1.2E-1);
#1875=CARTESIAN_POINT('',(-9.3E-1,-5.8E-1,7.1E-1));
#1876=LINE('',#1875,#1874);
#1877=DIRECTION('',(1.E0,0.E0,0.E0));
#1878=VECTOR('',#1877,1.4E-1);
#1879=CARTESIAN_POINT('',(-1.07E0,-5.8E-1,-8.3E-1));
#1880=LINE('',#1879,#1878);
#1881=DIRECTION('',(0.E0,0.E0,1.E0));
#1882=VECTOR('',#1881,1.2E-1);
#1883=CARTESIAN_POINT('',(-1.07E0,-5.8E-1,-8.3E-1));
#1884=LINE('',#1883,#1882);
#1885=DIRECTION('',(0.E0,0.E0,-1.E0));
#1886=VECTOR('',#1885,1.2E-1);
#1887=CARTESIAN_POINT('',(-1.07E0,-6.6E-1,-7.1E-1));
#1888=LINE('',#1887,#1886);
#1889=DIRECTION('',(0.E0,-7.071067811866E-1,-7.071067811865E-1));
#1890=VECTOR('',#1889,2.828427124746E-2);
#1891=CARTESIAN_POINT('',(-1.07E0,-6.6E-1,-8.3E-1));
#1892=LINE('',#1891,#1890);
#1893=DIRECTION('',(0.E0,0.E0,-1.E0));
#1894=VECTOR('',#1893,2.E-1);
#1895=CARTESIAN_POINT('',(-1.07E0,-6.8E-1,-8.5E-1));
#1896=LINE('',#1895,#1894);
#1897=DIRECTION('',(0.E0,1.E0,0.E0));
#1898=VECTOR('',#1897,8.E-2);
#1899=CARTESIAN_POINT('',(-1.07E0,-6.8E-1,-1.05E0));
#1900=LINE('',#1899,#1898);
#1901=DIRECTION('',(0.E0,0.E0,1.E0));
#1902=VECTOR('',#1901,2.E-1);
#1903=CARTESIAN_POINT('',(-1.07E0,-6.E-1,-1.05E0));
#1904=LINE('',#1903,#1902);
#1905=DIRECTION('',(0.E0,7.071067811866E-1,7.071067811865E-1));
#1906=VECTOR('',#1905,2.828427124746E-2);
#1907=CARTESIAN_POINT('',(-1.07E0,-6.E-1,-8.5E-1));
#1908=LINE('',#1907,#1906);
#1909=DIRECTION('',(0.E0,0.E0,-1.E0));
#1910=VECTOR('',#1909,1.2E-1);
#1911=CARTESIAN_POINT('',(-1.07E0,-6.6E-1,8.3E-1));
#1912=LINE('',#1911,#1910);
#1913=DIRECTION('',(0.E0,0.E0,1.E0));
#1914=VECTOR('',#1913,1.2E-1);
#1915=CARTESIAN_POINT('',(-1.07E0,-5.8E-1,7.1E-1));
#1916=LINE('',#1915,#1914);
#1917=DIRECTION('',(0.E0,-7.071067811866E-1,7.071067811865E-1));
#1918=VECTOR('',#1917,2.828427124746E-2);
#1919=CARTESIAN_POINT('',(-1.07E0,-5.8E-1,8.3E-1));
#1920=LINE('',#1919,#1918);
#1921=DIRECTION('',(0.E0,0.E0,1.E0));
#1922=VECTOR('',#1921,2.E-1);
#1923=CARTESIAN_POINT('',(-1.07E0,-6.E-1,8.5E-1));
#1924=LINE('',#1923,#1922);
#1925=DIRECTION('',(0.E0,-1.E0,0.E0));
#1926=VECTOR('',#1925,8.E-2);
#1927=CARTESIAN_POINT('',(-1.07E0,-6.E-1,1.05E0));
#1928=LINE('',#1927,#1926);
#1929=DIRECTION('',(0.E0,0.E0,-1.E0));
#1930=VECTOR('',#1929,2.E-1);
#1931=CARTESIAN_POINT('',(-1.07E0,-6.8E-1,1.05E0));
#1932=LINE('',#1931,#1930);
#1933=DIRECTION('',(0.E0,7.071067811866E-1,-7.071067811865E-1));
#1934=VECTOR('',#1933,2.828427124746E-2);
#1935=CARTESIAN_POINT('',(-1.07E0,-6.8E-1,8.5E-1));
#1936=LINE('',#1935,#1934);
#1937=DIRECTION('',(1.E0,0.E0,0.E0));
#1938=VECTOR('',#1937,1.4E-1);
#1939=CARTESIAN_POINT('',(-1.07E0,-6.6E-1,-8.3E-1));
#1940=LINE('',#1939,#1938);
#1941=DIRECTION('',(1.E0,0.E0,0.E0));
#1942=VECTOR('',#1941,1.4E-1);
#1943=CARTESIAN_POINT('',(-1.07E0,-6.8E-1,-8.5E-1));
#1944=LINE('',#1943,#1942);
#1945=DIRECTION('',(1.E0,0.E0,0.E0));
#1946=VECTOR('',#1945,1.4E-1);
#1947=CARTESIAN_POINT('',(-1.07E0,-6.8E-1,-1.05E0));
#1948=LINE('',#1947,#1946);
#1949=DIRECTION('',(1.E0,0.E0,0.E0));
#1950=VECTOR('',#1949,1.4E-1);
#1951=CARTESIAN_POINT('',(-1.07E0,-6.E-1,-1.05E0));
#1952=LINE('',#1951,#1950);
#1953=DIRECTION('',(1.E0,0.E0,0.E0));
#1954=VECTOR('',#1953,1.4E-1);
#1955=CARTESIAN_POINT('',(-1.07E0,-6.E-1,-8.5E-1));
#1956=LINE('',#1955,#1954);
#1957=DIRECTION('',(1.E0,0.E0,0.E0));
#1958=VECTOR('',#1957,1.4E-1);
#1959=CARTESIAN_POINT('',(-1.07E0,-5.8E-1,8.3E-1));
#1960=LINE('',#1959,#1958);
#1961=DIRECTION('',(1.E0,0.E0,0.E0));
#1962=VECTOR('',#1961,1.4E-1);
#1963=CARTESIAN_POINT('',(-1.07E0,-6.E-1,8.5E-1));
#1964=LINE('',#1963,#1962);
#1965=DIRECTION('',(1.E0,0.E0,0.E0));
#1966=VECTOR('',#1965,1.4E-1);
#1967=CARTESIAN_POINT('',(-1.07E0,-6.E-1,1.05E0));
#1968=LINE('',#1967,#1966);
#1969=DIRECTION('',(1.E0,0.E0,0.E0));
#1970=VECTOR('',#1969,1.4E-1);
#1971=CARTESIAN_POINT('',(-1.07E0,-6.8E-1,1.05E0));
#1972=LINE('',#1971,#1970);
#1973=DIRECTION('',(1.E0,0.E0,0.E0));
#1974=VECTOR('',#1973,1.4E-1);
#1975=CARTESIAN_POINT('',(-1.07E0,-6.8E-1,8.5E-1));
#1976=LINE('',#1975,#1974);
#1977=DIRECTION('',(0.E0,0.E0,1.E0));
#1978=VECTOR('',#1977,1.2E-1);
#1979=CARTESIAN_POINT('',(-1.33E0,-5.8E-1,-8.3E-1));
#1980=LINE('',#1979,#1978);
#1981=DIRECTION('',(0.E0,7.071067811866E-1,7.071067811865E-1));
#1982=VECTOR('',#1981,2.828427124746E-2);
#1983=CARTESIAN_POINT('',(-1.33E0,-6.E-1,-8.5E-1));
#1984=LINE('',#1983,#1982);
#1985=DIRECTION('',(0.E0,0.E0,1.E0));
#1986=VECTOR('',#1985,2.E-1);
#1987=CARTESIAN_POINT('',(-1.33E0,-6.E-1,-1.05E0));
#1988=LINE('',#1987,#1986);
#1989=DIRECTION('',(0.E0,1.E0,0.E0));
#1990=VECTOR('',#1989,8.E-2);
#1991=CARTESIAN_POINT('',(-1.33E0,-6.8E-1,-1.05E0));
#1992=LINE('',#1991,#1990);
#1993=DIRECTION('',(0.E0,0.E0,-1.E0));
#1994=VECTOR('',#1993,2.E-1);
#1995=CARTESIAN_POINT('',(-1.33E0,-6.8E-1,-8.5E-1));
#1996=LINE('',#1995,#1994);
#1997=DIRECTION('',(0.E0,-7.071067811866E-1,-7.071067811865E-1));
#1998=VECTOR('',#1997,2.828427124746E-2);
#1999=CARTESIAN_POINT('',(-1.33E0,-6.6E-1,-8.3E-1));
#2000=LINE('',#1999,#1998);
#2001=DIRECTION('',(0.E0,0.E0,-1.E0));
#2002=VECTOR('',#2001,1.2E-1);
#2003=CARTESIAN_POINT('',(-1.33E0,-6.6E-1,-7.1E-1));
#2004=LINE('',#2003,#2002);
#2005=DIRECTION('',(0.E0,0.E0,-1.E0));
#2006=VECTOR('',#2005,1.2E-1);
#2007=CARTESIAN_POINT('',(-1.33E0,-6.6E-1,8.3E-1));
#2008=LINE('',#2007,#2006);
#2009=DIRECTION('',(0.E0,7.071067811866E-1,-7.071067811865E-1));
#2010=VECTOR('',#2009,2.828427124746E-2);
#2011=CARTESIAN_POINT('',(-1.33E0,-6.8E-1,8.5E-1));
#2012=LINE('',#2011,#2010);
#2013=DIRECTION('',(0.E0,0.E0,-1.E0));
#2014=VECTOR('',#2013,2.E-1);
#2015=CARTESIAN_POINT('',(-1.33E0,-6.8E-1,1.05E0));
#2016=LINE('',#2015,#2014);
#2017=DIRECTION('',(0.E0,-1.E0,0.E0));
#2018=VECTOR('',#2017,8.E-2);
#2019=CARTESIAN_POINT('',(-1.33E0,-6.E-1,1.05E0));
#2020=LINE('',#2019,#2018);
#2021=DIRECTION('',(0.E0,0.E0,1.E0));
#2022=VECTOR('',#2021,2.E-1);
#2023=CARTESIAN_POINT('',(-1.33E0,-6.E-1,8.5E-1));
#2024=LINE('',#2023,#2022);
#2025=DIRECTION('',(0.E0,-7.071067811866E-1,7.071067811865E-1));
#2026=VECTOR('',#2025,2.828427124746E-2);
#2027=CARTESIAN_POINT('',(-1.33E0,-5.8E-1,8.3E-1));
#2028=LINE('',#2027,#2026);
#2029=DIRECTION('',(0.E0,0.E0,1.E0));
#2030=VECTOR('',#2029,1.2E-1);
#2031=CARTESIAN_POINT('',(-1.33E0,-5.8E-1,7.1E-1));
#2032=LINE('',#2031,#2030);
#2033=DIRECTION('',(1.E0,0.E0,0.E0));
#2034=VECTOR('',#2033,1.4E-1);
#2035=CARTESIAN_POINT('',(-1.47E0,-5.8E-1,-8.3E-1));
#2036=LINE('',#2035,#2034);
#2037=DIRECTION('',(0.E0,0.E0,1.E0));
#2038=VECTOR('',#2037,1.2E-1);
#2039=CARTESIAN_POINT('',(-1.47E0,-5.8E-1,-8.3E-1));
#2040=LINE('',#2039,#2038);
#2041=DIRECTION('',(0.E0,0.E0,-1.E0));
#2042=VECTOR('',#2041,1.2E-1);
#2043=CARTESIAN_POINT('',(-1.47E0,-6.6E-1,-7.1E-1));
#2044=LINE('',#2043,#2042);
#2045=DIRECTION('',(0.E0,-7.071067811866E-1,-7.071067811865E-1));
#2046=VECTOR('',#2045,2.828427124746E-2);
#2047=CARTESIAN_POINT('',(-1.47E0,-6.6E-1,-8.3E-1));
#2048=LINE('',#2047,#2046);
#2049=DIRECTION('',(0.E0,0.E0,-1.E0));
#2050=VECTOR('',#2049,2.E-1);
#2051=CARTESIAN_POINT('',(-1.47E0,-6.8E-1,-8.5E-1));
#2052=LINE('',#2051,#2050);
#2053=DIRECTION('',(0.E0,1.E0,0.E0));
#2054=VECTOR('',#2053,8.E-2);
#2055=CARTESIAN_POINT('',(-1.47E0,-6.8E-1,-1.05E0));
#2056=LINE('',#2055,#2054);
#2057=DIRECTION('',(0.E0,0.E0,1.E0));
#2058=VECTOR('',#2057,2.E-1);
#2059=CARTESIAN_POINT('',(-1.47E0,-6.E-1,-1.05E0));
#2060=LINE('',#2059,#2058);
#2061=DIRECTION('',(0.E0,7.071067811866E-1,7.071067811865E-1));
#2062=VECTOR('',#2061,2.828427124746E-2);
#2063=CARTESIAN_POINT('',(-1.47E0,-6.E-1,-8.5E-1));
#2064=LINE('',#2063,#2062);
#2065=DIRECTION('',(0.E0,0.E0,-1.E0));
#2066=VECTOR('',#2065,1.2E-1);
#2067=CARTESIAN_POINT('',(-1.47E0,-6.6E-1,8.3E-1));
#2068=LINE('',#2067,#2066);
#2069=DIRECTION('',(0.E0,0.E0,1.E0));
#2070=VECTOR('',#2069,1.2E-1);
#2071=CARTESIAN_POINT('',(-1.47E0,-5.8E-1,7.1E-1));
#2072=LINE('',#2071,#2070);
#2073=DIRECTION('',(0.E0,-7.071067811866E-1,7.071067811865E-1));
#2074=VECTOR('',#2073,2.828427124746E-2);
#2075=CARTESIAN_POINT('',(-1.47E0,-5.8E-1,8.3E-1));
#2076=LINE('',#2075,#2074);
#2077=DIRECTION('',(0.E0,0.E0,1.E0));
#2078=VECTOR('',#2077,2.E-1);
#2079=CARTESIAN_POINT('',(-1.47E0,-6.E-1,8.5E-1));
#2080=LINE('',#2079,#2078);
#2081=DIRECTION('',(0.E0,-1.E0,0.E0));
#2082=VECTOR('',#2081,8.E-2);
#2083=CARTESIAN_POINT('',(-1.47E0,-6.E-1,1.05E0));
#2084=LINE('',#2083,#2082);
#2085=DIRECTION('',(0.E0,0.E0,-1.E0));
#2086=VECTOR('',#2085,2.E-1);
#2087=CARTESIAN_POINT('',(-1.47E0,-6.8E-1,1.05E0));
#2088=LINE('',#2087,#2086);
#2089=DIRECTION('',(0.E0,7.071067811866E-1,-7.071067811865E-1));
#2090=VECTOR('',#2089,2.828427124746E-2);
#2091=CARTESIAN_POINT('',(-1.47E0,-6.8E-1,8.5E-1));
#2092=LINE('',#2091,#2090);
#2093=DIRECTION('',(1.E0,0.E0,0.E0));
#2094=VECTOR('',#2093,1.4E-1);
#2095=CARTESIAN_POINT('',(-1.47E0,-6.6E-1,-8.3E-1));
#2096=LINE('',#2095,#2094);
#2097=DIRECTION('',(1.E0,0.E0,0.E0));
#2098=VECTOR('',#2097,1.4E-1);
#2099=CARTESIAN_POINT('',(-1.47E0,-6.8E-1,-8.5E-1));
#2100=LINE('',#2099,#2098);
#2101=DIRECTION('',(1.E0,0.E0,0.E0));
#2102=VECTOR('',#2101,1.4E-1);
#2103=CARTESIAN_POINT('',(-1.47E0,-6.8E-1,-1.05E0));
#2104=LINE('',#2103,#2102);
#2105=DIRECTION('',(1.E0,0.E0,0.E0));
#2106=VECTOR('',#2105,1.4E-1);
#2107=CARTESIAN_POINT('',(-1.47E0,-6.E-1,-1.05E0));
#2108=LINE('',#2107,#2106);
#2109=DIRECTION('',(1.E0,0.E0,0.E0));
#2110=VECTOR('',#2109,1.4E-1);
#2111=CARTESIAN_POINT('',(-1.47E0,-6.E-1,-8.5E-1));
#2112=LINE('',#2111,#2110);
#2113=DIRECTION('',(1.E0,0.E0,0.E0));
#2114=VECTOR('',#2113,1.4E-1);
#2115=CARTESIAN_POINT('',(-1.47E0,-5.8E-1,8.3E-1));
#2116=LINE('',#2115,#2114);
#2117=DIRECTION('',(1.E0,0.E0,0.E0));
#2118=VECTOR('',#2117,1.4E-1);
#2119=CARTESIAN_POINT('',(-1.47E0,-6.E-1,8.5E-1));
#2120=LINE('',#2119,#2118);
#2121=DIRECTION('',(1.E0,0.E0,0.E0));
#2122=VECTOR('',#2121,1.4E-1);
#2123=CARTESIAN_POINT('',(-1.47E0,-6.E-1,1.05E0));
#2124=LINE('',#2123,#2122);
#2125=DIRECTION('',(1.E0,0.E0,0.E0));
#2126=VECTOR('',#2125,1.4E-1);
#2127=CARTESIAN_POINT('',(-1.47E0,-6.8E-1,1.05E0));
#2128=LINE('',#2127,#2126);
#2129=DIRECTION('',(1.E0,0.E0,0.E0));
#2130=VECTOR('',#2129,1.4E-1);
#2131=CARTESIAN_POINT('',(-1.47E0,-6.8E-1,8.5E-1));
#2132=LINE('',#2131,#2130);
#2133=DIRECTION('',(0.E0,0.E0,1.E0));
#2134=VECTOR('',#2133,1.2E-1);
#2135=CARTESIAN_POINT('',(-1.73E0,-5.8E-1,-8.3E-1));
#2136=LINE('',#2135,#2134);
#2137=DIRECTION('',(0.E0,7.071067811866E-1,7.071067811865E-1));
#2138=VECTOR('',#2137,2.828427124746E-2);
#2139=CARTESIAN_POINT('',(-1.73E0,-6.E-1,-8.5E-1));
#2140=LINE('',#2139,#2138);
#2141=DIRECTION('',(0.E0,0.E0,1.E0));
#2142=VECTOR('',#2141,2.E-1);
#2143=CARTESIAN_POINT('',(-1.73E0,-6.E-1,-1.05E0));
#2144=LINE('',#2143,#2142);
#2145=DIRECTION('',(0.E0,1.E0,0.E0));
#2146=VECTOR('',#2145,8.E-2);
#2147=CARTESIAN_POINT('',(-1.73E0,-6.8E-1,-1.05E0));
#2148=LINE('',#2147,#2146);
#2149=DIRECTION('',(0.E0,0.E0,-1.E0));
#2150=VECTOR('',#2149,2.E-1);
#2151=CARTESIAN_POINT('',(-1.73E0,-6.8E-1,-8.5E-1));
#2152=LINE('',#2151,#2150);
#2153=DIRECTION('',(0.E0,-7.071067811866E-1,-7.071067811865E-1));
#2154=VECTOR('',#2153,2.828427124746E-2);
#2155=CARTESIAN_POINT('',(-1.73E0,-6.6E-1,-8.3E-1));
#2156=LINE('',#2155,#2154);
#2157=DIRECTION('',(0.E0,0.E0,-1.E0));
#2158=VECTOR('',#2157,1.2E-1);
#2159=CARTESIAN_POINT('',(-1.73E0,-6.6E-1,-7.1E-1));
#2160=LINE('',#2159,#2158);
#2161=DIRECTION('',(0.E0,0.E0,-1.E0));
#2162=VECTOR('',#2161,1.2E-1);
#2163=CARTESIAN_POINT('',(-1.73E0,-6.6E-1,8.3E-1));
#2164=LINE('',#2163,#2162);
#2165=DIRECTION('',(0.E0,7.071067811866E-1,-7.071067811865E-1));
#2166=VECTOR('',#2165,2.828427124746E-2);
#2167=CARTESIAN_POINT('',(-1.73E0,-6.8E-1,8.5E-1));
#2168=LINE('',#2167,#2166);
#2169=DIRECTION('',(0.E0,0.E0,-1.E0));
#2170=VECTOR('',#2169,2.E-1);
#2171=CARTESIAN_POINT('',(-1.73E0,-6.8E-1,1.05E0));
#2172=LINE('',#2171,#2170);
#2173=DIRECTION('',(0.E0,-1.E0,0.E0));
#2174=VECTOR('',#2173,8.E-2);
#2175=CARTESIAN_POINT('',(-1.73E0,-6.E-1,1.05E0));
#2176=LINE('',#2175,#2174);
#2177=DIRECTION('',(0.E0,0.E0,1.E0));
#2178=VECTOR('',#2177,2.E-1);
#2179=CARTESIAN_POINT('',(-1.73E0,-6.E-1,8.5E-1));
#2180=LINE('',#2179,#2178);
#2181=DIRECTION('',(0.E0,-7.071067811866E-1,7.071067811865E-1));
#2182=VECTOR('',#2181,2.828427124746E-2);
#2183=CARTESIAN_POINT('',(-1.73E0,-5.8E-1,8.3E-1));
#2184=LINE('',#2183,#2182);
#2185=DIRECTION('',(0.E0,0.E0,1.E0));
#2186=VECTOR('',#2185,1.2E-1);
#2187=CARTESIAN_POINT('',(-1.73E0,-5.8E-1,7.1E-1));
#2188=LINE('',#2187,#2186);
#2189=DIRECTION('',(1.E0,0.E0,0.E0));
#2190=VECTOR('',#2189,1.4E-1);
#2191=CARTESIAN_POINT('',(-1.87E0,-5.8E-1,-8.3E-1));
#2192=LINE('',#2191,#2190);
#2193=DIRECTION('',(0.E0,0.E0,1.E0));
#2194=VECTOR('',#2193,1.2E-1);
#2195=CARTESIAN_POINT('',(-1.87E0,-5.8E-1,-8.3E-1));
#2196=LINE('',#2195,#2194);
#2197=DIRECTION('',(0.E0,0.E0,-1.E0));
#2198=VECTOR('',#2197,1.2E-1);
#2199=CARTESIAN_POINT('',(-1.87E0,-6.6E-1,-7.1E-1));
#2200=LINE('',#2199,#2198);
#2201=DIRECTION('',(0.E0,-7.071067811866E-1,-7.071067811865E-1));
#2202=VECTOR('',#2201,2.828427124746E-2);
#2203=CARTESIAN_POINT('',(-1.87E0,-6.6E-1,-8.3E-1));
#2204=LINE('',#2203,#2202);
#2205=DIRECTION('',(0.E0,0.E0,-1.E0));
#2206=VECTOR('',#2205,2.E-1);
#2207=CARTESIAN_POINT('',(-1.87E0,-6.8E-1,-8.5E-1));
#2208=LINE('',#2207,#2206);
#2209=DIRECTION('',(0.E0,1.E0,0.E0));
#2210=VECTOR('',#2209,8.E-2);
#2211=CARTESIAN_POINT('',(-1.87E0,-6.8E-1,-1.05E0));
#2212=LINE('',#2211,#2210);
#2213=DIRECTION('',(0.E0,0.E0,1.E0));
#2214=VECTOR('',#2213,2.E-1);
#2215=CARTESIAN_POINT('',(-1.87E0,-6.E-1,-1.05E0));
#2216=LINE('',#2215,#2214);
#2217=DIRECTION('',(0.E0,7.071067811866E-1,7.071067811865E-1));
#2218=VECTOR('',#2217,2.828427124746E-2);
#2219=CARTESIAN_POINT('',(-1.87E0,-6.E-1,-8.5E-1));
#2220=LINE('',#2219,#2218);
#2221=DIRECTION('',(0.E0,0.E0,-1.E0));
#2222=VECTOR('',#2221,1.2E-1);
#2223=CARTESIAN_POINT('',(-1.87E0,-6.6E-1,8.3E-1));
#2224=LINE('',#2223,#2222);
#2225=DIRECTION('',(0.E0,0.E0,1.E0));
#2226=VECTOR('',#2225,1.2E-1);
#2227=CARTESIAN_POINT('',(-1.87E0,-5.8E-1,7.1E-1));
#2228=LINE('',#2227,#2226);
#2229=DIRECTION('',(0.E0,-7.071067811866E-1,7.071067811865E-1));
#2230=VECTOR('',#2229,2.828427124746E-2);
#2231=CARTESIAN_POINT('',(-1.87E0,-5.8E-1,8.3E-1));
#2232=LINE('',#2231,#2230);
#2233=DIRECTION('',(0.E0,0.E0,1.E0));
#2234=VECTOR('',#2233,2.E-1);
#2235=CARTESIAN_POINT('',(-1.87E0,-6.E-1,8.5E-1));
#2236=LINE('',#2235,#2234);
#2237=DIRECTION('',(0.E0,-1.E0,0.E0));
#2238=VECTOR('',#2237,8.E-2);
#2239=CARTESIAN_POINT('',(-1.87E0,-6.E-1,1.05E0));
#2240=LINE('',#2239,#2238);
#2241=DIRECTION('',(0.E0,0.E0,-1.E0));
#2242=VECTOR('',#2241,2.E-1);
#2243=CARTESIAN_POINT('',(-1.87E0,-6.8E-1,1.05E0));
#2244=LINE('',#2243,#2242);
#2245=DIRECTION('',(0.E0,7.071067811866E-1,-7.071067811865E-1));
#2246=VECTOR('',#2245,2.828427124746E-2);
#2247=CARTESIAN_POINT('',(-1.87E0,-6.8E-1,8.5E-1));
#2248=LINE('',#2247,#2246);
#2249=DIRECTION('',(1.E0,0.E0,0.E0));
#2250=VECTOR('',#2249,1.4E-1);
#2251=CARTESIAN_POINT('',(-1.87E0,-6.6E-1,-8.3E-1));
#2252=LINE('',#2251,#2250);
#2253=DIRECTION('',(1.E0,0.E0,0.E0));
#2254=VECTOR('',#2253,1.4E-1);
#2255=CARTESIAN_POINT('',(-1.87E0,-6.8E-1,-8.5E-1));
#2256=LINE('',#2255,#2254);
#2257=DIRECTION('',(1.E0,0.E0,0.E0));
#2258=VECTOR('',#2257,1.4E-1);
#2259=CARTESIAN_POINT('',(-1.87E0,-6.8E-1,-1.05E0));
#2260=LINE('',#2259,#2258);
#2261=DIRECTION('',(1.E0,0.E0,0.E0));
#2262=VECTOR('',#2261,1.4E-1);
#2263=CARTESIAN_POINT('',(-1.87E0,-6.E-1,-1.05E0));
#2264=LINE('',#2263,#2262);
#2265=DIRECTION('',(1.E0,0.E0,0.E0));
#2266=VECTOR('',#2265,1.4E-1);
#2267=CARTESIAN_POINT('',(-1.87E0,-6.E-1,-8.5E-1));
#2268=LINE('',#2267,#2266);
#2269=DIRECTION('',(1.E0,0.E0,0.E0));
#2270=VECTOR('',#2269,1.4E-1);
#2271=CARTESIAN_POINT('',(-1.87E0,-5.8E-1,8.3E-1));
#2272=LINE('',#2271,#2270);
#2273=DIRECTION('',(1.E0,0.E0,0.E0));
#2274=VECTOR('',#2273,1.4E-1);
#2275=CARTESIAN_POINT('',(-1.87E0,-6.E-1,8.5E-1));
#2276=LINE('',#2275,#2274);
#2277=DIRECTION('',(1.E0,0.E0,0.E0));
#2278=VECTOR('',#2277,1.4E-1);
#2279=CARTESIAN_POINT('',(-1.87E0,-6.E-1,1.05E0));
#2280=LINE('',#2279,#2278);
#2281=DIRECTION('',(1.E0,0.E0,0.E0));
#2282=VECTOR('',#2281,1.4E-1);
#2283=CARTESIAN_POINT('',(-1.87E0,-6.8E-1,1.05E0));
#2284=LINE('',#2283,#2282);
#2285=DIRECTION('',(1.E0,0.E0,0.E0));
#2286=VECTOR('',#2285,1.4E-1);
#2287=CARTESIAN_POINT('',(-1.87E0,-6.8E-1,8.5E-1));
#2288=LINE('',#2287,#2286);
#2289=DIRECTION('',(0.E0,0.E0,1.E0));
#2290=VECTOR('',#2289,1.2E-1);
#2291=CARTESIAN_POINT('',(-2.13E0,-5.8E-1,-8.3E-1));
#2292=LINE('',#2291,#2290);
#2293=DIRECTION('',(0.E0,7.071067811866E-1,7.071067811865E-1));
#2294=VECTOR('',#2293,2.828427124746E-2);
#2295=CARTESIAN_POINT('',(-2.13E0,-6.E-1,-8.5E-1));
#2296=LINE('',#2295,#2294);
#2297=DIRECTION('',(0.E0,0.E0,1.E0));
#2298=VECTOR('',#2297,2.E-1);
#2299=CARTESIAN_POINT('',(-2.13E0,-6.E-1,-1.05E0));
#2300=LINE('',#2299,#2298);
#2301=DIRECTION('',(0.E0,1.E0,0.E0));
#2302=VECTOR('',#2301,8.E-2);
#2303=CARTESIAN_POINT('',(-2.13E0,-6.8E-1,-1.05E0));
#2304=LINE('',#2303,#2302);
#2305=DIRECTION('',(0.E0,0.E0,-1.E0));
#2306=VECTOR('',#2305,2.E-1);
#2307=CARTESIAN_POINT('',(-2.13E0,-6.8E-1,-8.5E-1));
#2308=LINE('',#2307,#2306);
#2309=DIRECTION('',(0.E0,-7.071067811866E-1,-7.071067811865E-1));
#2310=VECTOR('',#2309,2.828427124746E-2);
#2311=CARTESIAN_POINT('',(-2.13E0,-6.6E-1,-8.3E-1));
#2312=LINE('',#2311,#2310);
#2313=DIRECTION('',(0.E0,0.E0,-1.E0));
#2314=VECTOR('',#2313,1.2E-1);
#2315=CARTESIAN_POINT('',(-2.13E0,-6.6E-1,-7.1E-1));
#2316=LINE('',#2315,#2314);
#2317=DIRECTION('',(0.E0,0.E0,-1.E0));
#2318=VECTOR('',#2317,1.2E-1);
#2319=CARTESIAN_POINT('',(-2.13E0,-6.6E-1,8.3E-1));
#2320=LINE('',#2319,#2318);
#2321=DIRECTION('',(0.E0,7.071067811866E-1,-7.071067811865E-1));
#2322=VECTOR('',#2321,2.828427124746E-2);
#2323=CARTESIAN_POINT('',(-2.13E0,-6.8E-1,8.5E-1));
#2324=LINE('',#2323,#2322);
#2325=DIRECTION('',(0.E0,0.E0,-1.E0));
#2326=VECTOR('',#2325,2.E-1);
#2327=CARTESIAN_POINT('',(-2.13E0,-6.8E-1,1.05E0));
#2328=LINE('',#2327,#2326);
#2329=DIRECTION('',(0.E0,-1.E0,0.E0));
#2330=VECTOR('',#2329,8.E-2);
#2331=CARTESIAN_POINT('',(-2.13E0,-6.E-1,1.05E0));
#2332=LINE('',#2331,#2330);
#2333=DIRECTION('',(0.E0,0.E0,1.E0));
#2334=VECTOR('',#2333,2.E-1);
#2335=CARTESIAN_POINT('',(-2.13E0,-6.E-1,8.5E-1));
#2336=LINE('',#2335,#2334);
#2337=DIRECTION('',(0.E0,-7.071067811866E-1,7.071067811865E-1));
#2338=VECTOR('',#2337,2.828427124746E-2);
#2339=CARTESIAN_POINT('',(-2.13E0,-5.8E-1,8.3E-1));
#2340=LINE('',#2339,#2338);
#2341=DIRECTION('',(0.E0,0.E0,1.E0));
#2342=VECTOR('',#2341,1.2E-1);
#2343=CARTESIAN_POINT('',(-2.13E0,-5.8E-1,7.1E-1));
#2344=LINE('',#2343,#2342);
#2345=DIRECTION('',(1.E0,0.E0,0.E0));
#2346=VECTOR('',#2345,1.4E-1);
#2347=CARTESIAN_POINT('',(-2.27E0,-5.8E-1,-8.3E-1));
#2348=LINE('',#2347,#2346);
#2349=DIRECTION('',(0.E0,0.E0,1.E0));
#2350=VECTOR('',#2349,1.2E-1);
#2351=CARTESIAN_POINT('',(-2.27E0,-5.8E-1,-8.3E-1));
#2352=LINE('',#2351,#2350);
#2353=DIRECTION('',(0.E0,0.E0,-1.E0));
#2354=VECTOR('',#2353,1.2E-1);
#2355=CARTESIAN_POINT('',(-2.27E0,-6.6E-1,-7.1E-1));
#2356=LINE('',#2355,#2354);
#2357=DIRECTION('',(0.E0,-7.071067811866E-1,-7.071067811865E-1));
#2358=VECTOR('',#2357,2.828427124746E-2);
#2359=CARTESIAN_POINT('',(-2.27E0,-6.6E-1,-8.3E-1));
#2360=LINE('',#2359,#2358);
#2361=DIRECTION('',(0.E0,0.E0,-1.E0));
#2362=VECTOR('',#2361,2.E-1);
#2363=CARTESIAN_POINT('',(-2.27E0,-6.8E-1,-8.5E-1));
#2364=LINE('',#2363,#2362);
#2365=DIRECTION('',(0.E0,1.E0,0.E0));
#2366=VECTOR('',#2365,8.E-2);
#2367=CARTESIAN_POINT('',(-2.27E0,-6.8E-1,-1.05E0));
#2368=LINE('',#2367,#2366);
#2369=DIRECTION('',(0.E0,0.E0,1.E0));
#2370=VECTOR('',#2369,2.E-1);
#2371=CARTESIAN_POINT('',(-2.27E0,-6.E-1,-1.05E0));
#2372=LINE('',#2371,#2370);
#2373=DIRECTION('',(0.E0,7.071067811866E-1,7.071067811865E-1));
#2374=VECTOR('',#2373,2.828427124746E-2);
#2375=CARTESIAN_POINT('',(-2.27E0,-6.E-1,-8.5E-1));
#2376=LINE('',#2375,#2374);
#2377=DIRECTION('',(0.E0,0.E0,-1.E0));
#2378=VECTOR('',#2377,1.2E-1);
#2379=CARTESIAN_POINT('',(-2.27E0,-6.6E-1,8.3E-1));
#2380=LINE('',#2379,#2378);
#2381=DIRECTION('',(0.E0,0.E0,1.E0));
#2382=VECTOR('',#2381,1.2E-1);
#2383=CARTESIAN_POINT('',(-2.27E0,-5.8E-1,7.1E-1));
#2384=LINE('',#2383,#2382);
#2385=DIRECTION('',(0.E0,-7.071067811866E-1,7.071067811865E-1));
#2386=VECTOR('',#2385,2.828427124746E-2);
#2387=CARTESIAN_POINT('',(-2.27E0,-5.8E-1,8.3E-1));
#2388=LINE('',#2387,#2386);
#2389=DIRECTION('',(0.E0,0.E0,1.E0));
#2390=VECTOR('',#2389,2.E-1);
#2391=CARTESIAN_POINT('',(-2.27E0,-6.E-1,8.5E-1));
#2392=LINE('',#2391,#2390);
#2393=DIRECTION('',(0.E0,-1.E0,0.E0));
#2394=VECTOR('',#2393,8.E-2);
#2395=CARTESIAN_POINT('',(-2.27E0,-6.E-1,1.05E0));
#2396=LINE('',#2395,#2394);
#2397=DIRECTION('',(0.E0,0.E0,-1.E0));
#2398=VECTOR('',#2397,2.E-1);
#2399=CARTESIAN_POINT('',(-2.27E0,-6.8E-1,1.05E0));
#2400=LINE('',#2399,#2398);
#2401=DIRECTION('',(0.E0,7.071067811866E-1,-7.071067811865E-1));
#2402=VECTOR('',#2401,2.828427124746E-2);
#2403=CARTESIAN_POINT('',(-2.27E0,-6.8E-1,8.5E-1));
#2404=LINE('',#2403,#2402);
#2405=DIRECTION('',(1.E0,0.E0,0.E0));
#2406=VECTOR('',#2405,1.4E-1);
#2407=CARTESIAN_POINT('',(-2.27E0,-6.6E-1,-8.3E-1));
#2408=LINE('',#2407,#2406);
#2409=DIRECTION('',(1.E0,0.E0,0.E0));
#2410=VECTOR('',#2409,1.4E-1);
#2411=CARTESIAN_POINT('',(-2.27E0,-6.8E-1,-8.5E-1));
#2412=LINE('',#2411,#2410);
#2413=DIRECTION('',(1.E0,0.E0,0.E0));
#2414=VECTOR('',#2413,1.4E-1);
#2415=CARTESIAN_POINT('',(-2.27E0,-6.8E-1,-1.05E0));
#2416=LINE('',#2415,#2414);
#2417=DIRECTION('',(1.E0,0.E0,0.E0));
#2418=VECTOR('',#2417,1.4E-1);
#2419=CARTESIAN_POINT('',(-2.27E0,-6.E-1,-1.05E0));
#2420=LINE('',#2419,#2418);
#2421=DIRECTION('',(1.E0,0.E0,0.E0));
#2422=VECTOR('',#2421,1.4E-1);
#2423=CARTESIAN_POINT('',(-2.27E0,-6.E-1,-8.5E-1));
#2424=LINE('',#2423,#2422);
#2425=DIRECTION('',(1.E0,0.E0,0.E0));
#2426=VECTOR('',#2425,1.4E-1);
#2427=CARTESIAN_POINT('',(-2.27E0,-5.8E-1,8.3E-1));
#2428=LINE('',#2427,#2426);
#2429=DIRECTION('',(1.E0,0.E0,0.E0));
#2430=VECTOR('',#2429,1.4E-1);
#2431=CARTESIAN_POINT('',(-2.27E0,-6.E-1,8.5E-1));
#2432=LINE('',#2431,#2430);
#2433=DIRECTION('',(1.E0,0.E0,0.E0));
#2434=VECTOR('',#2433,1.4E-1);
#2435=CARTESIAN_POINT('',(-2.27E0,-6.E-1,1.05E0));
#2436=LINE('',#2435,#2434);
#2437=DIRECTION('',(1.E0,0.E0,0.E0));
#2438=VECTOR('',#2437,1.4E-1);
#2439=CARTESIAN_POINT('',(-2.27E0,-6.8E-1,1.05E0));
#2440=LINE('',#2439,#2438);
#2441=DIRECTION('',(1.E0,0.E0,0.E0));
#2442=VECTOR('',#2441,1.4E-1);
#2443=CARTESIAN_POINT('',(-2.27E0,-6.8E-1,8.5E-1));
#2444=LINE('',#2443,#2442);
#2445=DIRECTION('',(-5.773502691896E-1,-5.773502691896E-1,5.773502691896E-1));
#2446=VECTOR('',#2445,1.732050807569E-1);
#2447=CARTESIAN_POINT('',(-2.455E0,0.E0,7.2E-1));
#2448=LINE('',#2447,#2446);
#2449=DIRECTION('',(0.E0,-1.E0,0.E0));
#2450=VECTOR('',#2449,5.6E-1);
#2451=CARTESIAN_POINT('',(-2.555E0,-1.E-1,8.2E-1));
#2452=LINE('',#2451,#2450);
#2453=DIRECTION('',(-5.812381937191E-1,8.137334712067E-1,0.E0));
#2454=VECTOR('',#2453,1.720465053409E-1);
#2455=CARTESIAN_POINT('',(-2.585E0,-6.6E-1,8.2E-1));
#2456=LINE('',#2455,#2454);
#2457=DIRECTION('',(1.E0,0.E0,0.E0));
#2458=VECTOR('',#2457,4.5E-1);
#2459=CARTESIAN_POINT('',(-3.135E0,-5.2E-1,8.2E-1));
#2460=LINE('',#2459,#2458);
#2461=DIRECTION('',(0.E0,-1.E0,0.E0));
#2462=VECTOR('',#2461,4.2E-1);
#2463=CARTESIAN_POINT('',(-3.135E0,-1.E-1,8.2E-1));
#2464=LINE('',#2463,#2462);
#2465=DIRECTION('',(1.E0,0.E0,0.E0));
#2466=VECTOR('',#2465,5.8E-1);
#2467=CARTESIAN_POINT('',(-3.135E0,-1.E-1,8.2E-1));
#2468=LINE('',#2467,#2466);
#2469=DIRECTION('',(3.939192985792E-1,-5.514870180108E-1,7.353160240145E-1));
#2470=VECTOR('',#2469,3.626558621840E-2);
#2471=CARTESIAN_POINT('',(-2.685E0,-5.2E-1,-2.6E-1));
#2472=LINE('',#2471,#2470);
#2473=DIRECTION('',(0.E0,0.E0,1.E0));
#2474=VECTOR('',#2473,4.666666666667E-1);
#2475=CARTESIAN_POINT('',(-2.670714285714E0,-5.4E-1,-2.333333333333E-1));
#2476=LINE('',#2475,#2474);
#2477=DIRECTION('',(-3.939192985792E-1,5.514870180108E-1,7.353160240145E-1));
#2478=VECTOR('',#2477,3.626558621840E-2);
#2479=CARTESIAN_POINT('',(-2.670714285714E0,-5.4E-1,2.333333333333E-1));
#2480=LINE('',#2479,#2478);
#2481=DIRECTION('',(-1.E0,0.E0,0.E0));
#2482=VECTOR('',#2481,4.5E-1);
#2483=CARTESIAN_POINT('',(-2.685E0,-5.2E-1,-2.6E-1));
#2484=LINE('',#2483,#2482);
#2485=DIRECTION('',(0.E0,0.E0,-1.E0));
#2486=VECTOR('',#2485,5.6E-1);
#2487=CARTESIAN_POINT('',(-2.685E0,-5.2E-1,-2.6E-1));
#2488=LINE('',#2487,#2486);
#2489=DIRECTION('',(-1.E0,0.E0,0.E0));
#2490=VECTOR('',#2489,4.5E-1);
#2491=CARTESIAN_POINT('',(-2.685E0,-5.2E-1,2.6E-1));
#2492=LINE('',#2491,#2490);
#2493=DIRECTION('',(0.E0,0.E0,-1.E0));
#2494=VECTOR('',#2493,5.6E-1);
#2495=CARTESIAN_POINT('',(-2.685E0,-5.2E-1,8.2E-1));
#2496=LINE('',#2495,#2494);
#2497=DIRECTION('',(0.E0,0.E0,1.E0));
#2498=VECTOR('',#2497,3.15E-1);
#2499=CARTESIAN_POINT('',(-2.775E0,-5.2E-1,-6.15E-1));
#2500=LINE('',#2499,#2498);
#2501=DIRECTION('',(-1.E0,0.E0,0.E0));
#2502=VECTOR('',#2501,1.E-1);
#2503=CARTESIAN_POINT('',(-2.775E0,-5.2E-1,-3.E-1));
#2504=LINE('',#2503,#2502);
#2505=DIRECTION('',(0.E0,0.E0,1.E0));
#2506=VECTOR('',#2505,3.15E-1);
#2507=CARTESIAN_POINT('',(-2.875E0,-5.2E-1,-6.15E-1));
#2508=LINE('',#2507,#2506);
#2509=DIRECTION('',(-1.E0,0.E0,0.E0));
#2510=VECTOR('',#2509,1.E-1);
#2511=CARTESIAN_POINT('',(-2.775E0,-5.2E-1,-6.15E-1));
#2512=LINE('',#2511,#2510);
#2513=DIRECTION('',(0.E0,0.E0,1.E0));
#2514=VECTOR('',#2513,3.15E-1);
#2515=CARTESIAN_POINT('',(-2.775E0,-5.2E-1,3.E-1));
#2516=LINE('',#2515,#2514);
#2517=DIRECTION('',(-1.E0,0.E0,0.E0));
#2518=VECTOR('',#2517,1.E-1);
#2519=CARTESIAN_POINT('',(-2.775E0,-5.2E-1,6.15E-1));
#2520=LINE('',#2519,#2518);
#2521=DIRECTION('',(0.E0,0.E0,1.E0));
#2522=VECTOR('',#2521,3.15E-1);
#2523=CARTESIAN_POINT('',(-2.875E0,-5.2E-1,3.E-1));
#2524=LINE('',#2523,#2522);
#2525=DIRECTION('',(-1.E0,0.E0,0.E0));
#2526=VECTOR('',#2525,1.E-1);
#2527=CARTESIAN_POINT('',(-2.775E0,-5.2E-1,3.E-1));
#2528=LINE('',#2527,#2526);
#2529=DIRECTION('',(-5.812381937191E-1,8.137334712067E-1,0.E0));
#2530=VECTOR('',#2529,1.720465053409E-1);
#2531=CARTESIAN_POINT('',(-2.585E0,-6.6E-1,-8.2E-1));
#2532=LINE('',#2531,#2530);
#2533=DIRECTION('',(0.E0,-1.E0,0.E0));
#2534=VECTOR('',#2533,5.6E-1);
#2535=CARTESIAN_POINT('',(-2.555E0,-1.E-1,-8.2E-1));
#2536=LINE('',#2535,#2534);
#2537=DIRECTION('',(-1.E0,0.E0,0.E0));
#2538=VECTOR('',#2537,5.8E-1);
#2539=CARTESIAN_POINT('',(-2.555E0,-1.E-1,-8.2E-1));
#2540=LINE('',#2539,#2538);
#2541=DIRECTION('',(1.E0,0.E0,0.E0));
#2542=VECTOR('',#2541,4.5E-1);
#2543=CARTESIAN_POINT('',(-3.135E0,-5.2E-1,-8.2E-1));
#2544=LINE('',#2543,#2542);
#2545=DIRECTION('',(5.773502691896E-1,5.773502691896E-1,5.773502691896E-1));
#2546=VECTOR('',#2545,1.732050807569E-1);
#2547=CARTESIAN_POINT('',(-2.555E0,-1.E-1,-8.2E-1));
#2548=LINE('',#2547,#2546);
#2549=DIRECTION('',(0.E0,-1.E0,0.E0));
#2550=VECTOR('',#2549,6.6E-1);
#2551=CARTESIAN_POINT('',(-2.445E0,0.E0,-7.1E-1));
#2552=LINE('',#2551,#2550);
#2553=DIRECTION('',(-5.773502691896E-1,-5.773502691896E-1,-5.773502691896E-1));
#2554=VECTOR('',#2553,1.732050807569E-1);
#2555=CARTESIAN_POINT('',(-3.035E0,0.E0,-7.2E-1));
#2556=LINE('',#2555,#2554);
#2557=DIRECTION('',(-5.773502691896E-1,-5.773502691896E-1,5.773502691896E-1));
#2558=VECTOR('',#2557,1.732050807569E-1);
#2559=CARTESIAN_POINT('',(-3.035E0,0.E0,7.2E-1));
#2560=LINE('',#2559,#2558);
#2561=DIRECTION('',(0.E0,0.E0,1.E0));
#2562=VECTOR('',#2561,5.6E-1);
#2563=CARTESIAN_POINT('',(-3.135E0,-5.2E-1,2.6E-1));
#2564=LINE('',#2563,#2562);
#2565=DIRECTION('',(0.E0,6.E-1,8.E-1));
#2566=VECTOR('',#2565,3.333333333333E-2);
#2567=CARTESIAN_POINT('',(-3.135E0,-5.4E-1,2.333333333333E-1));
#2568=LINE('',#2567,#2566);
#2569=DIRECTION('',(0.E0,0.E0,1.E0));
#2570=VECTOR('',#2569,4.666666666667E-1);
#2571=CARTESIAN_POINT('',(-3.135E0,-5.4E-1,-2.333333333333E-1));
#2572=LINE('',#2571,#2570);
#2573=DIRECTION('',(0.E0,-6.E-1,8.E-1));
#2574=VECTOR('',#2573,3.333333333333E-2);
#2575=CARTESIAN_POINT('',(-3.135E0,-5.2E-1,-2.6E-1));
#2576=LINE('',#2575,#2574);
#2577=DIRECTION('',(0.E0,0.E0,1.E0));
#2578=VECTOR('',#2577,5.6E-1);
#2579=CARTESIAN_POINT('',(-3.135E0,-5.2E-1,-8.2E-1));
#2580=LINE('',#2579,#2578);
#2581=DIRECTION('',(0.E0,-1.E0,0.E0));
#2582=VECTOR('',#2581,4.2E-1);
#2583=CARTESIAN_POINT('',(-3.135E0,-1.E-1,-8.2E-1));
#2584=LINE('',#2583,#2582);
#2585=DIRECTION('',(0.E0,0.E0,1.E0));
#2586=VECTOR('',#2585,1.64E0);
#2587=CARTESIAN_POINT('',(-3.135E0,-1.E-1,-8.2E-1));
#2588=LINE('',#2587,#2586);
#2589=DIRECTION('',(1.E0,0.E0,0.E0));
#2590=VECTOR('',#2589,4.642857142857E-1);
#2591=CARTESIAN_POINT('',(-3.135E0,-5.4E-1,2.333333333333E-1));
#2592=LINE('',#2591,#2590);
#2593=DIRECTION('',(1.E0,0.E0,0.E0));
#2594=VECTOR('',#2593,4.642857142857E-1);
#2595=CARTESIAN_POINT('',(-3.135E0,-5.4E-1,-2.333333333333E-1));
#2596=LINE('',#2595,#2594);
#2597=DIRECTION('',(0.E0,9.544799780350E-1,2.982749931359E-1));
#2598=VECTOR('',#2597,1.676305461424E-1);
#2599=CARTESIAN_POINT('',(-2.775E0,-6.8E-1,-3.5E-1));
#2600=LINE('',#2599,#2598);
#2601=DIRECTION('',(0.E0,-1.E0,0.E0));
#2602=VECTOR('',#2601,1.6E-1);
#2603=CARTESIAN_POINT('',(-2.775E0,-5.2E-1,-6.15E-1));
#2604=LINE('',#2603,#2602);
#2605=DIRECTION('',(0.E0,0.E0,1.E0));
#2606=VECTOR('',#2605,2.65E-1);
#2607=CARTESIAN_POINT('',(-2.775E0,-6.8E-1,-6.15E-1));
#2608=LINE('',#2607,#2606);
#2609=DIRECTION('',(0.E0,-9.544799780350E-1,2.982749931359E-1));
#2610=VECTOR('',#2609,1.676305461424E-1);
#2611=CARTESIAN_POINT('',(-2.775E0,-5.2E-1,3.E-1));
#2612=LINE('',#2611,#2610);
#2613=DIRECTION('',(0.E0,0.E0,1.E0));
#2614=VECTOR('',#2613,2.65E-1);
#2615=CARTESIAN_POINT('',(-2.775E0,-6.8E-1,3.5E-1));
#2616=LINE('',#2615,#2614);
#2617=DIRECTION('',(0.E0,1.E0,0.E0));
#2618=VECTOR('',#2617,1.6E-1);
#2619=CARTESIAN_POINT('',(-2.775E0,-6.8E-1,6.15E-1));
#2620=LINE('',#2619,#2618);
#2621=DIRECTION('',(-1.E0,0.E0,0.E0));
#2622=VECTOR('',#2621,1.E-1);
#2623=CARTESIAN_POINT('',(-2.775E0,-6.8E-1,-3.5E-1));
#2624=LINE('',#2623,#2622);
#2625=DIRECTION('',(-1.E0,0.E0,0.E0));
#2626=VECTOR('',#2625,1.E-1);
#2627=CARTESIAN_POINT('',(-2.775E0,-6.8E-1,-6.15E-1));
#2628=LINE('',#2627,#2626);
#2629=DIRECTION('',(0.E0,9.544799780350E-1,2.982749931359E-1));
#2630=VECTOR('',#2629,1.676305461424E-1);
#2631=CARTESIAN_POINT('',(-2.875E0,-6.8E-1,-3.5E-1));
#2632=LINE('',#2631,#2630);
#2633=DIRECTION('',(0.E0,0.E0,1.E0));
#2634=VECTOR('',#2633,2.65E-1);
#2635=CARTESIAN_POINT('',(-2.875E0,-6.8E-1,-6.15E-1));
#2636=LINE('',#2635,#2634);
#2637=DIRECTION('',(0.E0,-1.E0,0.E0));
#2638=VECTOR('',#2637,1.6E-1);
#2639=CARTESIAN_POINT('',(-2.875E0,-5.2E-1,-6.15E-1));
#2640=LINE('',#2639,#2638);
#2641=DIRECTION('',(0.E0,-9.544799780350E-1,2.982749931359E-1));
#2642=VECTOR('',#2641,1.676305461424E-1);
#2643=CARTESIAN_POINT('',(-2.875E0,-5.2E-1,3.E-1));
#2644=LINE('',#2643,#2642);
#2645=DIRECTION('',(0.E0,1.E0,0.E0));
#2646=VECTOR('',#2645,1.6E-1);
#2647=CARTESIAN_POINT('',(-2.875E0,-6.8E-1,6.15E-1));
#2648=LINE('',#2647,#2646);
#2649=DIRECTION('',(0.E0,0.E0,1.E0));
#2650=VECTOR('',#2649,2.65E-1);
#2651=CARTESIAN_POINT('',(-2.875E0,-6.8E-1,3.5E-1));
#2652=LINE('',#2651,#2650);
#2653=DIRECTION('',(-1.E0,0.E0,0.E0));
#2654=VECTOR('',#2653,1.E-1);
#2655=CARTESIAN_POINT('',(-2.775E0,-6.8E-1,3.5E-1));
#2656=LINE('',#2655,#2654);
#2657=DIRECTION('',(-1.E0,0.E0,0.E0));
#2658=VECTOR('',#2657,1.E-1);
#2659=CARTESIAN_POINT('',(-2.775E0,-6.8E-1,6.15E-1));
#2660=LINE('',#2659,#2658);
#2661=DIRECTION('',(-5.773502691896E-1,5.773502691896E-1,-5.773502691896E-1));
#2662=VECTOR('',#2661,1.732050807569E-1);
#2663=CARTESIAN_POINT('',(2.555E0,-1.E-1,8.2E-1));
#2664=LINE('',#2663,#2662);
#2665=DIRECTION('',(0.E0,-1.E0,0.E0));
#2666=VECTOR('',#2665,6.6E-1);
#2667=CARTESIAN_POINT('',(2.445E0,0.E0,7.1E-1));
#2668=LINE('',#2667,#2666);
#2669=DIRECTION('',(5.773502691896E-1,-5.773502691896E-1,5.773502691896E-1));
#2670=VECTOR('',#2669,1.732050807569E-1);
#2671=CARTESIAN_POINT('',(3.035E0,0.E0,7.2E-1));
#2672=LINE('',#2671,#2670);
#2673=DIRECTION('',(5.773502691896E-1,-5.773502691896E-1,-5.773502691896E-1));
#2674=VECTOR('',#2673,1.732050807569E-1);
#2675=CARTESIAN_POINT('',(3.035E0,0.E0,-7.2E-1));
#2676=LINE('',#2675,#2674);
#2677=DIRECTION('',(0.E0,0.E0,-1.E0));
#2678=VECTOR('',#2677,5.6E-1);
#2679=CARTESIAN_POINT('',(3.135E0,-5.2E-1,-2.6E-1));
#2680=LINE('',#2679,#2678);
#2681=DIRECTION('',(0.E0,6.E-1,-8.E-1));
#2682=VECTOR('',#2681,5.E-2);
#2683=CARTESIAN_POINT('',(3.135E0,-5.5E-1,-2.2E-1));
#2684=LINE('',#2683,#2682);
#2685=DIRECTION('',(0.E0,0.E0,-1.E0));
#2686=VECTOR('',#2685,4.4E-1);
#2687=CARTESIAN_POINT('',(3.135E0,-5.5E-1,2.2E-1));
#2688=LINE('',#2687,#2686);
#2689=DIRECTION('',(0.E0,-6.E-1,-8.E-1));
#2690=VECTOR('',#2689,5.E-2);
#2691=CARTESIAN_POINT('',(3.135E0,-5.2E-1,2.6E-1));
#2692=LINE('',#2691,#2690);
#2693=DIRECTION('',(0.E0,0.E0,-1.E0));
#2694=VECTOR('',#2693,5.6E-1);
#2695=CARTESIAN_POINT('',(3.135E0,-5.2E-1,8.2E-1));
#2696=LINE('',#2695,#2694);
#2697=DIRECTION('',(0.E0,-1.E0,0.E0));
#2698=VECTOR('',#2697,4.2E-1);
#2699=CARTESIAN_POINT('',(3.135E0,-1.E-1,8.2E-1));
#2700=LINE('',#2699,#2698);
#2701=DIRECTION('',(0.E0,0.E0,-1.E0));
#2702=VECTOR('',#2701,1.64E0);
#2703=CARTESIAN_POINT('',(3.135E0,-1.E-1,8.2E-1));
#2704=LINE('',#2703,#2702);
#2705=DIRECTION('',(-1.E0,0.E0,0.E0));
#2706=VECTOR('',#2705,4.5E-1);
#2707=CARTESIAN_POINT('',(3.135E0,-5.2E-1,2.6E-1));
#2708=LINE('',#2707,#2706);
#2709=DIRECTION('',(-1.E0,0.E0,0.E0));
#2710=VECTOR('',#2709,4.5E-1);
#2711=CARTESIAN_POINT('',(3.135E0,-5.2E-1,-2.6E-1));
#2712=LINE('',#2711,#2710);
#2713=DIRECTION('',(0.E0,0.E0,1.E0));
#2714=VECTOR('',#2713,3.15E-1);
#2715=CARTESIAN_POINT('',(2.775E0,-5.2E-1,-6.15E-1));
#2716=LINE('',#2715,#2714);
#2717=DIRECTION('',(1.E0,0.E0,0.E0));
#2718=VECTOR('',#2717,1.E-1);
#2719=CARTESIAN_POINT('',(2.775E0,-5.2E-1,-6.15E-1));
#2720=LINE('',#2719,#2718);
#2721=DIRECTION('',(0.E0,0.E0,1.E0));
#2722=VECTOR('',#2721,3.15E-1);
#2723=CARTESIAN_POINT('',(2.875E0,-5.2E-1,-6.15E-1));
#2724=LINE('',#2723,#2722);
#2725=DIRECTION('',(1.E0,0.E0,0.E0));
#2726=VECTOR('',#2725,1.E-1);
#2727=CARTESIAN_POINT('',(2.775E0,-5.2E-1,-3.E-1));
#2728=LINE('',#2727,#2726);
#2729=DIRECTION('',(0.E0,0.E0,1.E0));
#2730=VECTOR('',#2729,3.15E-1);
#2731=CARTESIAN_POINT('',(2.775E0,-5.2E-1,3.E-1));
#2732=LINE('',#2731,#2730);
#2733=DIRECTION('',(1.E0,0.E0,0.E0));
#2734=VECTOR('',#2733,1.E-1);
#2735=CARTESIAN_POINT('',(2.775E0,-5.2E-1,3.E-1));
#2736=LINE('',#2735,#2734);
#2737=DIRECTION('',(0.E0,0.E0,1.E0));
#2738=VECTOR('',#2737,3.15E-1);
#2739=CARTESIAN_POINT('',(2.875E0,-5.2E-1,3.E-1));
#2740=LINE('',#2739,#2738);
#2741=DIRECTION('',(1.E0,0.E0,0.E0));
#2742=VECTOR('',#2741,1.E-1);
#2743=CARTESIAN_POINT('',(2.775E0,-5.2E-1,6.15E-1));
#2744=LINE('',#2743,#2742);
#2745=DIRECTION('',(-1.E0,0.E0,0.E0));
#2746=VECTOR('',#2745,4.714285714286E-1);
#2747=CARTESIAN_POINT('',(3.135E0,-5.5E-1,2.2E-1));
#2748=LINE('',#2747,#2746);
#2749=DIRECTION('',(-3.939192985792E-1,-5.514870180108E-1,-7.353160240144E-1));
#2750=VECTOR('',#2749,5.439837932760E-2);
#2751=CARTESIAN_POINT('',(2.685E0,-5.2E-1,2.6E-1));
#2752=LINE('',#2751,#2750);
#2753=DIRECTION('',(0.E0,0.E0,-1.E0));
#2754=VECTOR('',#2753,4.4E-1);
#2755=CARTESIAN_POINT('',(2.663571428571E0,-5.5E-1,2.2E-1));
#2756=LINE('',#2755,#2754);
#2757=DIRECTION('',(3.939192985792E-1,5.514870180108E-1,-7.353160240145E-1));
#2758=VECTOR('',#2757,5.439837932760E-2);
#2759=CARTESIAN_POINT('',(2.663571428571E0,-5.5E-1,-2.2E-1));
#2760=LINE('',#2759,#2758);
#2761=DIRECTION('',(0.E0,0.E0,-1.E0));
#2762=VECTOR('',#2761,5.6E-1);
#2763=CARTESIAN_POINT('',(2.685E0,-5.2E-1,-2.6E-1));
#2764=LINE('',#2763,#2762);
#2765=DIRECTION('',(0.E0,0.E0,-1.E0));
#2766=VECTOR('',#2765,5.6E-1);
#2767=CARTESIAN_POINT('',(2.685E0,-5.2E-1,8.2E-1));
#2768=LINE('',#2767,#2766);
#2769=DIRECTION('',(-1.E0,0.E0,0.E0));
#2770=VECTOR('',#2769,4.714285714286E-1);
#2771=CARTESIAN_POINT('',(3.135E0,-5.5E-1,-2.2E-1));
#2772=LINE('',#2771,#2770);
#2773=DIRECTION('',(-1.E0,0.E0,0.E0));
#2774=VECTOR('',#2773,4.5E-1);
#2775=CARTESIAN_POINT('',(3.135E0,-5.2E-1,-8.2E-1));
#2776=LINE('',#2775,#2774);
#2777=DIRECTION('',(0.E0,-1.E0,0.E0));
#2778=VECTOR('',#2777,4.2E-1);
#2779=CARTESIAN_POINT('',(3.135E0,-1.E-1,-8.2E-1));
#2780=LINE('',#2779,#2778);
#2781=DIRECTION('',(-1.E0,0.E0,0.E0));
#2782=VECTOR('',#2781,5.8E-1);
#2783=CARTESIAN_POINT('',(3.135E0,-1.E-1,-8.2E-1));
#2784=LINE('',#2783,#2782);
#2785=DIRECTION('',(-5.812381937191E-1,-8.137334712067E-1,0.E0));
#2786=VECTOR('',#2785,1.720465053409E-1);
#2787=CARTESIAN_POINT('',(2.685E0,-5.2E-1,-8.2E-1));
#2788=LINE('',#2787,#2786);
#2789=DIRECTION('',(-1.E0,0.E0,0.E0));
#2790=VECTOR('',#2789,4.5E-1);
#2791=CARTESIAN_POINT('',(3.135E0,-5.2E-1,8.2E-1));
#2792=LINE('',#2791,#2790);
#2793=DIRECTION('',(-5.812381937191E-1,-8.137334712067E-1,0.E0));
#2794=VECTOR('',#2793,1.720465053409E-1);
#2795=CARTESIAN_POINT('',(2.685E0,-5.2E-1,8.2E-1));
#2796=LINE('',#2795,#2794);
#2797=DIRECTION('',(0.E0,-1.E0,0.E0));
#2798=VECTOR('',#2797,5.6E-1);
#2799=CARTESIAN_POINT('',(2.555E0,-1.E-1,8.2E-1));
#2800=LINE('',#2799,#2798);
#2801=DIRECTION('',(1.E0,0.E0,0.E0));
#2802=VECTOR('',#2801,5.8E-1);
#2803=CARTESIAN_POINT('',(2.555E0,-1.E-1,8.2E-1));
#2804=LINE('',#2803,#2802);
#2805=DIRECTION('',(0.E0,9.544799780350E-1,2.982749931359E-1));
#2806=VECTOR('',#2805,1.676305461424E-1);
#2807=CARTESIAN_POINT('',(2.775E0,-6.8E-1,-3.5E-1));
#2808=LINE('',#2807,#2806);
#2809=DIRECTION('',(0.E0,0.E0,1.E0));
#2810=VECTOR('',#2809,2.65E-1);
#2811=CARTESIAN_POINT('',(2.775E0,-6.8E-1,-6.15E-1));
#2812=LINE('',#2811,#2810);
#2813=DIRECTION('',(0.E0,-1.E0,0.E0));
#2814=VECTOR('',#2813,1.6E-1);
#2815=CARTESIAN_POINT('',(2.775E0,-5.2E-1,-6.15E-1));
#2816=LINE('',#2815,#2814);
#2817=DIRECTION('',(0.E0,-9.544799780350E-1,2.982749931359E-1));
#2818=VECTOR('',#2817,1.676305461424E-1);
#2819=CARTESIAN_POINT('',(2.775E0,-5.2E-1,3.E-1));
#2820=LINE('',#2819,#2818);
#2821=DIRECTION('',(0.E0,1.E0,0.E0));
#2822=VECTOR('',#2821,1.6E-1);
#2823=CARTESIAN_POINT('',(2.775E0,-6.8E-1,6.15E-1));
#2824=LINE('',#2823,#2822);
#2825=DIRECTION('',(0.E0,0.E0,1.E0));
#2826=VECTOR('',#2825,2.65E-1);
#2827=CARTESIAN_POINT('',(2.775E0,-6.8E-1,3.5E-1));
#2828=LINE('',#2827,#2826);
#2829=DIRECTION('',(1.E0,0.E0,0.E0));
#2830=VECTOR('',#2829,1.E-1);
#2831=CARTESIAN_POINT('',(2.775E0,-6.8E-1,-3.5E-1));
#2832=LINE('',#2831,#2830);
#2833=DIRECTION('',(0.E0,9.544799780350E-1,2.982749931359E-1));
#2834=VECTOR('',#2833,1.676305461424E-1);
#2835=CARTESIAN_POINT('',(2.875E0,-6.8E-1,-3.5E-1));
#2836=LINE('',#2835,#2834);
#2837=DIRECTION('',(0.E0,-1.E0,0.E0));
#2838=VECTOR('',#2837,1.6E-1);
#2839=CARTESIAN_POINT('',(2.875E0,-5.2E-1,-6.15E-1));
#2840=LINE('',#2839,#2838);
#2841=DIRECTION('',(0.E0,0.E0,1.E0));
#2842=VECTOR('',#2841,2.65E-1);
#2843=CARTESIAN_POINT('',(2.875E0,-6.8E-1,-6.15E-1));
#2844=LINE('',#2843,#2842);
#2845=DIRECTION('',(0.E0,-9.544799780350E-1,2.982749931359E-1));
#2846=VECTOR('',#2845,1.676305461424E-1);
#2847=CARTESIAN_POINT('',(2.875E0,-5.2E-1,3.E-1));
#2848=LINE('',#2847,#2846);
#2849=DIRECTION('',(0.E0,0.E0,1.E0));
#2850=VECTOR('',#2849,2.65E-1);
#2851=CARTESIAN_POINT('',(2.875E0,-6.8E-1,3.5E-1));
#2852=LINE('',#2851,#2850);
#2853=DIRECTION('',(0.E0,1.E0,0.E0));
#2854=VECTOR('',#2853,1.6E-1);
#2855=CARTESIAN_POINT('',(2.875E0,-6.8E-1,6.15E-1));
#2856=LINE('',#2855,#2854);
#2857=DIRECTION('',(1.E0,0.E0,0.E0));
#2858=VECTOR('',#2857,1.E-1);
#2859=CARTESIAN_POINT('',(2.775E0,-6.8E-1,-6.15E-1));
#2860=LINE('',#2859,#2858);
#2861=DIRECTION('',(1.E0,0.E0,0.E0));
#2862=VECTOR('',#2861,1.E-1);
#2863=CARTESIAN_POINT('',(2.775E0,-6.8E-1,3.5E-1));
#2864=LINE('',#2863,#2862);
#2865=DIRECTION('',(1.E0,0.E0,0.E0));
#2866=VECTOR('',#2865,1.E-1);
#2867=CARTESIAN_POINT('',(2.775E0,-6.8E-1,6.15E-1));
#2868=LINE('',#2867,#2866);
#2869=DIRECTION('',(0.E0,0.E0,1.E0));
#2870=VECTOR('',#2869,1.2E-1);
#2871=CARTESIAN_POINT('',(2.27E0,-5.8E-1,-8.3E-1));
#2872=LINE('',#2871,#2870);
#2873=DIRECTION('',(0.E0,7.071067811866E-1,7.071067811865E-1));
#2874=VECTOR('',#2873,2.828427124746E-2);
#2875=CARTESIAN_POINT('',(2.27E0,-6.E-1,-8.5E-1));
#2876=LINE('',#2875,#2874);
#2877=DIRECTION('',(0.E0,0.E0,1.E0));
#2878=VECTOR('',#2877,2.E-1);
#2879=CARTESIAN_POINT('',(2.27E0,-6.E-1,-1.05E0));
#2880=LINE('',#2879,#2878);
#2881=DIRECTION('',(0.E0,1.E0,0.E0));
#2882=VECTOR('',#2881,8.E-2);
#2883=CARTESIAN_POINT('',(2.27E0,-6.8E-1,-1.05E0));
#2884=LINE('',#2883,#2882);
#2885=DIRECTION('',(0.E0,0.E0,-1.E0));
#2886=VECTOR('',#2885,2.E-1);
#2887=CARTESIAN_POINT('',(2.27E0,-6.8E-1,-8.5E-1));
#2888=LINE('',#2887,#2886);
#2889=DIRECTION('',(0.E0,-7.071067811866E-1,-7.071067811865E-1));
#2890=VECTOR('',#2889,2.828427124746E-2);
#2891=CARTESIAN_POINT('',(2.27E0,-6.6E-1,-8.3E-1));
#2892=LINE('',#2891,#2890);
#2893=DIRECTION('',(0.E0,0.E0,-1.E0));
#2894=VECTOR('',#2893,1.2E-1);
#2895=CARTESIAN_POINT('',(2.27E0,-6.6E-1,-7.1E-1));
#2896=LINE('',#2895,#2894);
#2897=DIRECTION('',(0.E0,0.E0,-1.E0));
#2898=VECTOR('',#2897,1.2E-1);
#2899=CARTESIAN_POINT('',(2.27E0,-6.6E-1,8.3E-1));
#2900=LINE('',#2899,#2898);
#2901=DIRECTION('',(0.E0,7.071067811866E-1,-7.071067811865E-1));
#2902=VECTOR('',#2901,2.828427124746E-2);
#2903=CARTESIAN_POINT('',(2.27E0,-6.8E-1,8.5E-1));
#2904=LINE('',#2903,#2902);
#2905=DIRECTION('',(0.E0,0.E0,-1.E0));
#2906=VECTOR('',#2905,2.E-1);
#2907=CARTESIAN_POINT('',(2.27E0,-6.8E-1,1.05E0));
#2908=LINE('',#2907,#2906);
#2909=DIRECTION('',(0.E0,-1.E0,0.E0));
#2910=VECTOR('',#2909,8.E-2);
#2911=CARTESIAN_POINT('',(2.27E0,-6.E-1,1.05E0));
#2912=LINE('',#2911,#2910);
#2913=DIRECTION('',(0.E0,0.E0,1.E0));
#2914=VECTOR('',#2913,2.E-1);
#2915=CARTESIAN_POINT('',(2.27E0,-6.E-1,8.5E-1));
#2916=LINE('',#2915,#2914);
#2917=DIRECTION('',(0.E0,-7.071067811866E-1,7.071067811865E-1));
#2918=VECTOR('',#2917,2.828427124746E-2);
#2919=CARTESIAN_POINT('',(2.27E0,-5.8E-1,8.3E-1));
#2920=LINE('',#2919,#2918);
#2921=DIRECTION('',(0.E0,0.E0,1.E0));
#2922=VECTOR('',#2921,1.2E-1);
#2923=CARTESIAN_POINT('',(2.27E0,-5.8E-1,7.1E-1));
#2924=LINE('',#2923,#2922);
#2925=DIRECTION('',(1.E0,0.E0,0.E0));
#2926=VECTOR('',#2925,1.4E-1);
#2927=CARTESIAN_POINT('',(2.13E0,-6.8E-1,8.5E-1));
#2928=LINE('',#2927,#2926);
#2929=DIRECTION('',(1.E0,0.E0,0.E0));
#2930=VECTOR('',#2929,1.4E-1);
#2931=CARTESIAN_POINT('',(2.13E0,-6.8E-1,1.05E0));
#2932=LINE('',#2931,#2930);
#2933=DIRECTION('',(1.E0,0.E0,0.E0));
#2934=VECTOR('',#2933,1.4E-1);
#2935=CARTESIAN_POINT('',(2.13E0,-6.E-1,1.05E0));
#2936=LINE('',#2935,#2934);
#2937=DIRECTION('',(1.E0,0.E0,0.E0));
#2938=VECTOR('',#2937,1.4E-1);
#2939=CARTESIAN_POINT('',(2.13E0,-6.E-1,8.5E-1));
#2940=LINE('',#2939,#2938);
#2941=DIRECTION('',(1.E0,0.E0,0.E0));
#2942=VECTOR('',#2941,1.4E-1);
#2943=CARTESIAN_POINT('',(2.13E0,-5.8E-1,8.3E-1));
#2944=LINE('',#2943,#2942);
#2945=CARTESIAN_POINT('',(-2.445E0,0.E0,7.1E-1));
#2946=CARTESIAN_POINT('',(2.445E0,0.E0,7.1E-1));
#2947=VERTEX_POINT('',#2945);
#2948=VERTEX_POINT('',#2946);
#2949=CARTESIAN_POINT('',(2.445E0,0.E0,-7.1E-1));
#2950=CARTESIAN_POINT('',(-2.445E0,0.E0,-7.1E-1));
#2951=VERTEX_POINT('',#2949);
#2952=VERTEX_POINT('',#2950);
#2953=CARTESIAN_POINT('',(-2.555E0,-6.6E-1,8.2E-1));
#2954=CARTESIAN_POINT('',(-2.445E0,-6.6E-1,7.1E-1));
#2955=VERTEX_POINT('',#2953);
#2956=VERTEX_POINT('',#2954);
#2957=CARTESIAN_POINT('',(2.445E0,-6.6E-1,7.1E-1));
#2958=CARTESIAN_POINT('',(2.555E0,-6.6E-1,8.2E-1));
#2959=VERTEX_POINT('',#2957);
#2960=VERTEX_POINT('',#2958);
#2961=CARTESIAN_POINT('',(2.555E0,-6.6E-1,-8.2E-1));
#2962=CARTESIAN_POINT('',(2.445E0,-6.6E-1,-7.1E-1));
#2963=VERTEX_POINT('',#2961);
#2964=VERTEX_POINT('',#2962);
#2965=CARTESIAN_POINT('',(-2.445E0,-6.6E-1,-7.1E-1));
#2966=CARTESIAN_POINT('',(-2.555E0,-6.6E-1,-8.2E-1));
#2967=VERTEX_POINT('',#2965);
#2968=VERTEX_POINT('',#2966);
#2969=CARTESIAN_POINT('',(-2.44E0,-5.4E-1,-4.E-1));
#2970=CARTESIAN_POINT('',(-2.54E0,-5.4E-1,-3.E-1));
#2971=VERTEX_POINT('',#2969);
#2972=VERTEX_POINT('',#2970);
#2973=CARTESIAN_POINT('',(-2.54E0,-5.4E-1,3.E-1));
#2974=VERTEX_POINT('',#2973);
#2975=CARTESIAN_POINT('',(-2.44E0,-5.4E-1,4.E-1));
#2976=VERTEX_POINT('',#2975);
#2977=CARTESIAN_POINT('',(2.44E0,-5.4E-1,4.E-1));
#2978=VERTEX_POINT('',#2977);
#2979=CARTESIAN_POINT('',(2.54E0,-5.4E-1,3.E-1));
#2980=VERTEX_POINT('',#2979);
#2981=CARTESIAN_POINT('',(2.54E0,-5.4E-1,-3.E-1));
#2982=VERTEX_POINT('',#2981);
#2983=CARTESIAN_POINT('',(2.44E0,-5.4E-1,-4.E-1));
#2984=VERTEX_POINT('',#2983);
#2985=CARTESIAN_POINT('',(-2.44E0,0.E0,-4.E-1));
#2986=CARTESIAN_POINT('',(-2.54E0,0.E0,-3.E-1));
#2987=VERTEX_POINT('',#2985);
#2988=VERTEX_POINT('',#2986);
#2989=CARTESIAN_POINT('',(-2.54E0,0.E0,3.E-1));
#2990=VERTEX_POINT('',#2989);
#2991=CARTESIAN_POINT('',(-2.44E0,0.E0,4.E-1));
#2992=VERTEX_POINT('',#2991);
#2993=CARTESIAN_POINT('',(2.44E0,0.E0,4.E-1));
#2994=VERTEX_POINT('',#2993);
#2995=CARTESIAN_POINT('',(2.54E0,0.E0,3.E-1));
#2996=VERTEX_POINT('',#2995);
#2997=CARTESIAN_POINT('',(2.54E0,0.E0,-3.E-1));
#2998=VERTEX_POINT('',#2997);
#2999=CARTESIAN_POINT('',(2.44E0,0.E0,-4.E-1));
#3000=VERTEX_POINT('',#2999);
#3001=CARTESIAN_POINT('',(2.455E0,0.E0,-7.2E-1));
#3002=CARTESIAN_POINT('',(2.555E0,-1.E-1,-8.2E-1));
#3003=VERTEX_POINT('',#3001);
#3004=VERTEX_POINT('',#3002);
#3005=CARTESIAN_POINT('',(3.135E0,-1.E-1,-8.2E-1));
#3006=VERTEX_POINT('',#3005);
#3007=CARTESIAN_POINT('',(3.035E0,0.E0,-7.2E-1));
#3008=VERTEX_POINT('',#3007);
#3009=CARTESIAN_POINT('',(3.135E0,-1.E-1,8.2E-1));
#3010=VERTEX_POINT('',#3009);
#3011=CARTESIAN_POINT('',(3.035E0,0.E0,7.2E-1));
#3012=VERTEX_POINT('',#3011);
#3013=CARTESIAN_POINT('',(2.555E0,-1.E-1,8.2E-1));
#3014=CARTESIAN_POINT('',(2.455E0,0.E0,7.2E-1));
#3015=VERTEX_POINT('',#3013);
#3016=VERTEX_POINT('',#3014);
#3017=CARTESIAN_POINT('',(-2.455E0,0.E0,7.2E-1));
#3018=CARTESIAN_POINT('',(-2.555E0,-1.E-1,8.2E-1));
#3019=VERTEX_POINT('',#3017);
#3020=VERTEX_POINT('',#3018);
#3021=CARTESIAN_POINT('',(-3.135E0,-1.E-1,8.2E-1));
#3022=VERTEX_POINT('',#3021);
#3023=CARTESIAN_POINT('',(-3.035E0,0.E0,7.2E-1));
#3024=VERTEX_POINT('',#3023);
#3025=CARTESIAN_POINT('',(-3.135E0,-1.E-1,-8.2E-1));
#3026=VERTEX_POINT('',#3025);
#3027=CARTESIAN_POINT('',(-3.035E0,0.E0,-7.2E-1));
#3028=VERTEX_POINT('',#3027);
#3029=CARTESIAN_POINT('',(-2.555E0,-1.E-1,-8.2E-1));
#3030=CARTESIAN_POINT('',(-2.455E0,0.E0,-7.2E-1));
#3031=VERTEX_POINT('',#3029);
#3032=VERTEX_POINT('',#3030);
#3033=CARTESIAN_POINT('',(2.585E0,-6.6E-1,8.2E-1));
#3034=CARTESIAN_POINT('',(2.585E0,-6.6E-1,-8.2E-1));
#3035=VERTEX_POINT('',#3033);
#3036=VERTEX_POINT('',#3034);
#3037=CARTESIAN_POINT('',(-2.585E0,-6.6E-1,8.2E-1));
#3038=CARTESIAN_POINT('',(-2.585E0,-6.6E-1,-8.2E-1));
#3039=VERTEX_POINT('',#3037);
#3040=VERTEX_POINT('',#3038);
#3041=CARTESIAN_POINT('',(-2.685E0,-5.2E-1,8.2E-1));
#3042=VERTEX_POINT('',#3041);
#3043=CARTESIAN_POINT('',(-3.135E0,-5.2E-1,8.2E-1));
#3044=VERTEX_POINT('',#3043);
#3045=CARTESIAN_POINT('',(3.135E0,-5.2E-1,8.2E-1));
#3046=CARTESIAN_POINT('',(2.685E0,-5.2E-1,8.2E-1));
#3047=VERTEX_POINT('',#3045);
#3048=VERTEX_POINT('',#3046);
#3049=CARTESIAN_POINT('',(3.135E0,-5.2E-1,-8.2E-1));
#3050=CARTESIAN_POINT('',(2.685E0,-5.2E-1,-8.2E-1));
#3051=VERTEX_POINT('',#3049);
#3052=VERTEX_POINT('',#3050);
#3053=CARTESIAN_POINT('',(-2.685E0,-5.2E-1,-8.2E-1));
#3054=VERTEX_POINT('',#3053);
#3055=CARTESIAN_POINT('',(-3.135E0,-5.2E-1,-8.2E-1));
#3056=VERTEX_POINT('',#3055);
#3057=CARTESIAN_POINT('',(3.135E0,-5.5E-1,2.2E-1));
#3058=CARTESIAN_POINT('',(3.135E0,-5.5E-1,-2.2E-1));
#3059=VERTEX_POINT('',#3057);
#3060=VERTEX_POINT('',#3058);
#3061=CARTESIAN_POINT('',(3.135E0,-5.2E-1,2.6E-1));
#3062=CARTESIAN_POINT('',(2.685E0,-5.2E-1,2.6E-1));
#3063=VERTEX_POINT('',#3061);
#3064=VERTEX_POINT('',#3062);
#3065=CARTESIAN_POINT('',(3.135E0,-5.2E-1,-2.6E-1));
#3066=CARTESIAN_POINT('',(2.685E0,-5.2E-1,-2.6E-1));
#3067=VERTEX_POINT('',#3065);
#3068=VERTEX_POINT('',#3066);
#3069=CARTESIAN_POINT('',(2.663571428571E0,-5.5E-1,2.2E-1));
#3070=VERTEX_POINT('',#3069);
#3071=CARTESIAN_POINT('',(2.663571428571E0,-5.5E-1,-2.2E-1));
#3072=VERTEX_POINT('',#3071);
#3073=CARTESIAN_POINT('',(-3.135E0,-5.4E-1,-2.333333333333E-1));
#3074=CARTESIAN_POINT('',(-3.135E0,-5.4E-1,2.333333333333E-1));
#3075=VERTEX_POINT('',#3073);
#3076=VERTEX_POINT('',#3074);
#3077=CARTESIAN_POINT('',(-2.685E0,-5.2E-1,-2.6E-1));
#3078=CARTESIAN_POINT('',(-2.670714285714E0,-5.4E-1,-2.333333333333E-1));
#3079=VERTEX_POINT('',#3077);
#3080=VERTEX_POINT('',#3078);
#3081=CARTESIAN_POINT('',(-2.670714285714E0,-5.4E-1,2.333333333333E-1));
#3082=VERTEX_POINT('',#3081);
#3083=CARTESIAN_POINT('',(-2.685E0,-5.2E-1,2.6E-1));
#3084=VERTEX_POINT('',#3083);
#3085=CARTESIAN_POINT('',(-3.135E0,-5.2E-1,-2.6E-1));
#3086=VERTEX_POINT('',#3085);
#3087=CARTESIAN_POINT('',(-3.135E0,-5.2E-1,2.6E-1));
#3088=VERTEX_POINT('',#3087);
#3089=CARTESIAN_POINT('',(-2.775E0,-6.8E-1,-6.15E-1));
#3090=CARTESIAN_POINT('',(-2.775E0,-6.8E-1,-3.5E-1));
#3091=VERTEX_POINT('',#3089);
#3092=VERTEX_POINT('',#3090);
#3093=CARTESIAN_POINT('',(-2.775E0,-6.8E-1,3.5E-1));
#3094=CARTESIAN_POINT('',(-2.775E0,-6.8E-1,6.15E-1));
#3095=VERTEX_POINT('',#3093);
#3096=VERTEX_POINT('',#3094);
#3097=CARTESIAN_POINT('',(-2.875E0,-6.8E-1,-6.15E-1));
#3098=CARTESIAN_POINT('',(-2.875E0,-6.8E-1,-3.5E-1));
#3099=VERTEX_POINT('',#3097);
#3100=VERTEX_POINT('',#3098);
#3101=CARTESIAN_POINT('',(-2.875E0,-6.8E-1,3.5E-1));
#3102=CARTESIAN_POINT('',(-2.875E0,-6.8E-1,6.15E-1));
#3103=VERTEX_POINT('',#3101);
#3104=VERTEX_POINT('',#3102);
#3105=CARTESIAN_POINT('',(-2.775E0,-5.2E-1,-3.E-1));
#3106=VERTEX_POINT('',#3105);
#3107=CARTESIAN_POINT('',(-2.775E0,-5.2E-1,3.E-1));
#3108=VERTEX_POINT('',#3107);
#3109=CARTESIAN_POINT('',(-2.875E0,-5.2E-1,-3.E-1));
#3110=VERTEX_POINT('',#3109);
#3111=CARTESIAN_POINT('',(-2.875E0,-5.2E-1,3.E-1));
#3112=VERTEX_POINT('',#3111);
#3113=CARTESIAN_POINT('',(-2.27E0,-6.6E-1,-8.3E-1));
#3114=CARTESIAN_POINT('',(-2.27E0,-6.8E-1,-8.5E-1));
#3115=VERTEX_POINT('',#3113);
#3116=VERTEX_POINT('',#3114);
#3117=CARTESIAN_POINT('',(-2.27E0,-6.8E-1,-1.05E0));
#3118=VERTEX_POINT('',#3117);
#3119=CARTESIAN_POINT('',(-2.27E0,-6.E-1,-1.05E0));
#3120=VERTEX_POINT('',#3119);
#3121=CARTESIAN_POINT('',(-2.27E0,-6.E-1,-8.5E-1));
#3122=VERTEX_POINT('',#3121);
#3123=CARTESIAN_POINT('',(-2.27E0,-5.8E-1,-8.3E-1));
#3124=VERTEX_POINT('',#3123);
#3125=CARTESIAN_POINT('',(-2.13E0,-6.6E-1,-8.3E-1));
#3126=CARTESIAN_POINT('',(-2.13E0,-6.8E-1,-8.5E-1));
#3127=VERTEX_POINT('',#3125);
#3128=VERTEX_POINT('',#3126);
#3129=CARTESIAN_POINT('',(-2.13E0,-6.8E-1,-1.05E0));
#3130=VERTEX_POINT('',#3129);
#3131=CARTESIAN_POINT('',(-2.13E0,-6.E-1,-1.05E0));
#3132=VERTEX_POINT('',#3131);
#3133=CARTESIAN_POINT('',(-2.13E0,-6.E-1,-8.5E-1));
#3134=VERTEX_POINT('',#3133);
#3135=CARTESIAN_POINT('',(-2.13E0,-5.8E-1,-8.3E-1));
#3136=VERTEX_POINT('',#3135);
#3137=CARTESIAN_POINT('',(-2.27E0,-5.8E-1,-7.1E-1));
#3138=VERTEX_POINT('',#3137);
#3139=CARTESIAN_POINT('',(-2.27E0,-6.6E-1,-7.1E-1));
#3140=VERTEX_POINT('',#3139);
#3141=CARTESIAN_POINT('',(-2.13E0,-5.8E-1,-7.1E-1));
#3142=VERTEX_POINT('',#3141);
#3143=CARTESIAN_POINT('',(-2.13E0,-6.6E-1,-7.1E-1));
#3144=VERTEX_POINT('',#3143);
#3145=CARTESIAN_POINT('',(-2.27E0,-5.8E-1,8.3E-1));
#3146=CARTESIAN_POINT('',(-2.27E0,-6.E-1,8.5E-1));
#3147=VERTEX_POINT('',#3145);
#3148=VERTEX_POINT('',#3146);
#3149=CARTESIAN_POINT('',(-2.27E0,-6.E-1,1.05E0));
#3150=VERTEX_POINT('',#3149);
#3151=CARTESIAN_POINT('',(-2.27E0,-6.8E-1,1.05E0));
#3152=VERTEX_POINT('',#3151);
#3153=CARTESIAN_POINT('',(-2.27E0,-6.8E-1,8.5E-1));
#3154=VERTEX_POINT('',#3153);
#3155=CARTESIAN_POINT('',(-2.27E0,-6.6E-1,8.3E-1));
#3156=VERTEX_POINT('',#3155);
#3157=CARTESIAN_POINT('',(-2.13E0,-5.8E-1,8.3E-1));
#3158=CARTESIAN_POINT('',(-2.13E0,-6.E-1,8.5E-1));
#3159=VERTEX_POINT('',#3157);
#3160=VERTEX_POINT('',#3158);
#3161=CARTESIAN_POINT('',(-2.13E0,-6.E-1,1.05E0));
#3162=VERTEX_POINT('',#3161);
#3163=CARTESIAN_POINT('',(-2.13E0,-6.8E-1,1.05E0));
#3164=VERTEX_POINT('',#3163);
#3165=CARTESIAN_POINT('',(-2.13E0,-6.8E-1,8.5E-1));
#3166=VERTEX_POINT('',#3165);
#3167=CARTESIAN_POINT('',(-2.13E0,-6.6E-1,8.3E-1));
#3168=VERTEX_POINT('',#3167);
#3169=CARTESIAN_POINT('',(-2.27E0,-6.6E-1,7.1E-1));
#3170=VERTEX_POINT('',#3169);
#3171=CARTESIAN_POINT('',(-2.27E0,-5.8E-1,7.1E-1));
#3172=VERTEX_POINT('',#3171);
#3173=CARTESIAN_POINT('',(-2.13E0,-6.6E-1,7.1E-1));
#3174=VERTEX_POINT('',#3173);
#3175=CARTESIAN_POINT('',(-2.13E0,-5.8E-1,7.1E-1));
#3176=VERTEX_POINT('',#3175);
#3177=CARTESIAN_POINT('',(-1.87E0,-6.6E-1,-8.3E-1));
#3178=CARTESIAN_POINT('',(-1.87E0,-6.8E-1,-8.5E-1));
#3179=VERTEX_POINT('',#3177);
#3180=VERTEX_POINT('',#3178);
#3181=CARTESIAN_POINT('',(-1.87E0,-6.8E-1,-1.05E0));
#3182=VERTEX_POINT('',#3181);
#3183=CARTESIAN_POINT('',(-1.87E0,-6.E-1,-1.05E0));
#3184=VERTEX_POINT('',#3183);
#3185=CARTESIAN_POINT('',(-1.87E0,-6.E-1,-8.5E-1));
#3186=VERTEX_POINT('',#3185);
#3187=CARTESIAN_POINT('',(-1.87E0,-5.8E-1,-8.3E-1));
#3188=VERTEX_POINT('',#3187);
#3189=CARTESIAN_POINT('',(-1.87E0,-5.8E-1,8.3E-1));
#3190=CARTESIAN_POINT('',(-1.87E0,-6.E-1,8.5E-1));
#3191=VERTEX_POINT('',#3189);
#3192=VERTEX_POINT('',#3190);
#3193=CARTESIAN_POINT('',(-1.87E0,-6.E-1,1.05E0));
#3194=VERTEX_POINT('',#3193);
#3195=CARTESIAN_POINT('',(-1.87E0,-6.8E-1,1.05E0));
#3196=VERTEX_POINT('',#3195);
#3197=CARTESIAN_POINT('',(-1.87E0,-6.8E-1,8.5E-1));
#3198=VERTEX_POINT('',#3197);
#3199=CARTESIAN_POINT('',(-1.87E0,-6.6E-1,8.3E-1));
#3200=VERTEX_POINT('',#3199);
#3201=CARTESIAN_POINT('',(-1.73E0,-6.6E-1,-8.3E-1));
#3202=CARTESIAN_POINT('',(-1.73E0,-6.8E-1,-8.5E-1));
#3203=VERTEX_POINT('',#3201);
#3204=VERTEX_POINT('',#3202);
#3205=CARTESIAN_POINT('',(-1.73E0,-6.8E-1,-1.05E0));
#3206=VERTEX_POINT('',#3205);
#3207=CARTESIAN_POINT('',(-1.73E0,-6.E-1,-1.05E0));
#3208=VERTEX_POINT('',#3207);
#3209=CARTESIAN_POINT('',(-1.73E0,-6.E-1,-8.5E-1));
#3210=VERTEX_POINT('',#3209);
#3211=CARTESIAN_POINT('',(-1.73E0,-5.8E-1,-8.3E-1));
#3212=VERTEX_POINT('',#3211);
#3213=CARTESIAN_POINT('',(-1.73E0,-5.8E-1,8.3E-1));
#3214=CARTESIAN_POINT('',(-1.73E0,-6.E-1,8.5E-1));
#3215=VERTEX_POINT('',#3213);
#3216=VERTEX_POINT('',#3214);
#3217=CARTESIAN_POINT('',(-1.73E0,-6.E-1,1.05E0));
#3218=VERTEX_POINT('',#3217);
#3219=CARTESIAN_POINT('',(-1.73E0,-6.8E-1,1.05E0));
#3220=VERTEX_POINT('',#3219);
#3221=CARTESIAN_POINT('',(-1.73E0,-6.8E-1,8.5E-1));
#3222=VERTEX_POINT('',#3221);
#3223=CARTESIAN_POINT('',(-1.73E0,-6.6E-1,8.3E-1));
#3224=VERTEX_POINT('',#3223);
#3225=CARTESIAN_POINT('',(-1.87E0,-5.8E-1,-7.1E-1));
#3226=VERTEX_POINT('',#3225);
#3227=CARTESIAN_POINT('',(-1.87E0,-6.6E-1,-7.1E-1));
#3228=VERTEX_POINT('',#3227);
#3229=CARTESIAN_POINT('',(-1.87E0,-6.6E-1,7.1E-1));
#3230=VERTEX_POINT('',#3229);
#3231=CARTESIAN_POINT('',(-1.87E0,-5.8E-1,7.1E-1));
#3232=VERTEX_POINT('',#3231);
#3233=CARTESIAN_POINT('',(-1.73E0,-5.8E-1,-7.1E-1));
#3234=VERTEX_POINT('',#3233);
#3235=CARTESIAN_POINT('',(-1.73E0,-6.6E-1,-7.1E-1));
#3236=VERTEX_POINT('',#3235);
#3237=CARTESIAN_POINT('',(-1.73E0,-6.6E-1,7.1E-1));
#3238=VERTEX_POINT('',#3237);
#3239=CARTESIAN_POINT('',(-1.73E0,-5.8E-1,7.1E-1));
#3240=VERTEX_POINT('',#3239);
#3241=CARTESIAN_POINT('',(-1.47E0,-6.6E-1,-8.3E-1));
#3242=CARTESIAN_POINT('',(-1.47E0,-6.8E-1,-8.5E-1));
#3243=VERTEX_POINT('',#3241);
#3244=VERTEX_POINT('',#3242);
#3245=CARTESIAN_POINT('',(-1.47E0,-6.8E-1,-1.05E0));
#3246=VERTEX_POINT('',#3245);
#3247=CARTESIAN_POINT('',(-1.47E0,-6.E-1,-1.05E0));
#3248=VERTEX_POINT('',#3247);
#3249=CARTESIAN_POINT('',(-1.47E0,-6.E-1,-8.5E-1));
#3250=VERTEX_POINT('',#3249);
#3251=CARTESIAN_POINT('',(-1.47E0,-5.8E-1,-8.3E-1));
#3252=VERTEX_POINT('',#3251);
#3253=CARTESIAN_POINT('',(-1.47E0,-5.8E-1,8.3E-1));
#3254=CARTESIAN_POINT('',(-1.47E0,-6.E-1,8.5E-1));
#3255=VERTEX_POINT('',#3253);
#3256=VERTEX_POINT('',#3254);
#3257=CARTESIAN_POINT('',(-1.47E0,-6.E-1,1.05E0));
#3258=VERTEX_POINT('',#3257);
#3259=CARTESIAN_POINT('',(-1.47E0,-6.8E-1,1.05E0));
#3260=VERTEX_POINT('',#3259);
#3261=CARTESIAN_POINT('',(-1.47E0,-6.8E-1,8.5E-1));
#3262=VERTEX_POINT('',#3261);
#3263=CARTESIAN_POINT('',(-1.47E0,-6.6E-1,8.3E-1));
#3264=VERTEX_POINT('',#3263);
#3265=CARTESIAN_POINT('',(-1.33E0,-6.6E-1,-8.3E-1));
#3266=CARTESIAN_POINT('',(-1.33E0,-6.8E-1,-8.5E-1));
#3267=VERTEX_POINT('',#3265);
#3268=VERTEX_POINT('',#3266);
#3269=CARTESIAN_POINT('',(-1.33E0,-6.8E-1,-1.05E0));
#3270=VERTEX_POINT('',#3269);
#3271=CARTESIAN_POINT('',(-1.33E0,-6.E-1,-1.05E0));
#3272=VERTEX_POINT('',#3271);
#3273=CARTESIAN_POINT('',(-1.33E0,-6.E-1,-8.5E-1));
#3274=VERTEX_POINT('',#3273);
#3275=CARTESIAN_POINT('',(-1.33E0,-5.8E-1,-8.3E-1));
#3276=VERTEX_POINT('',#3275);
#3277=CARTESIAN_POINT('',(-1.33E0,-5.8E-1,8.3E-1));
#3278=CARTESIAN_POINT('',(-1.33E0,-6.E-1,8.5E-1));
#3279=VERTEX_POINT('',#3277);
#3280=VERTEX_POINT('',#3278);
#3281=CARTESIAN_POINT('',(-1.33E0,-6.E-1,1.05E0));
#3282=VERTEX_POINT('',#3281);
#3283=CARTESIAN_POINT('',(-1.33E0,-6.8E-1,1.05E0));
#3284=VERTEX_POINT('',#3283);
#3285=CARTESIAN_POINT('',(-1.33E0,-6.8E-1,8.5E-1));
#3286=VERTEX_POINT('',#3285);
#3287=CARTESIAN_POINT('',(-1.33E0,-6.6E-1,8.3E-1));
#3288=VERTEX_POINT('',#3287);
#3289=CARTESIAN_POINT('',(-1.47E0,-5.8E-1,-7.1E-1));
#3290=VERTEX_POINT('',#3289);
#3291=CARTESIAN_POINT('',(-1.47E0,-6.6E-1,-7.1E-1));
#3292=VERTEX_POINT('',#3291);
#3293=CARTESIAN_POINT('',(-1.47E0,-6.6E-1,7.1E-1));
#3294=VERTEX_POINT('',#3293);
#3295=CARTESIAN_POINT('',(-1.47E0,-5.8E-1,7.1E-1));
#3296=VERTEX_POINT('',#3295);
#3297=CARTESIAN_POINT('',(-1.33E0,-5.8E-1,-7.1E-1));
#3298=VERTEX_POINT('',#3297);
#3299=CARTESIAN_POINT('',(-1.33E0,-6.6E-1,-7.1E-1));
#3300=VERTEX_POINT('',#3299);
#3301=CARTESIAN_POINT('',(-1.33E0,-6.6E-1,7.1E-1));
#3302=VERTEX_POINT('',#3301);
#3303=CARTESIAN_POINT('',(-1.33E0,-5.8E-1,7.1E-1));
#3304=VERTEX_POINT('',#3303);
#3305=CARTESIAN_POINT('',(-1.07E0,-6.6E-1,-8.3E-1));
#3306=CARTESIAN_POINT('',(-1.07E0,-6.8E-1,-8.5E-1));
#3307=VERTEX_POINT('',#3305);
#3308=VERTEX_POINT('',#3306);
#3309=CARTESIAN_POINT('',(-1.07E0,-6.8E-1,-1.05E0));
#3310=VERTEX_POINT('',#3309);
#3311=CARTESIAN_POINT('',(-1.07E0,-6.E-1,-1.05E0));
#3312=VERTEX_POINT('',#3311);
#3313=CARTESIAN_POINT('',(-1.07E0,-6.E-1,-8.5E-1));
#3314=VERTEX_POINT('',#3313);
#3315=CARTESIAN_POINT('',(-1.07E0,-5.8E-1,-8.3E-1));
#3316=VERTEX_POINT('',#3315);
#3317=CARTESIAN_POINT('',(-1.07E0,-5.8E-1,8.3E-1));
#3318=CARTESIAN_POINT('',(-1.07E0,-6.E-1,8.5E-1));
#3319=VERTEX_POINT('',#3317);
#3320=VERTEX_POINT('',#3318);
#3321=CARTESIAN_POINT('',(-1.07E0,-6.E-1,1.05E0));
#3322=VERTEX_POINT('',#3321);
#3323=CARTESIAN_POINT('',(-1.07E0,-6.8E-1,1.05E0));
#3324=VERTEX_POINT('',#3323);
#3325=CARTESIAN_POINT('',(-1.07E0,-6.8E-1,8.5E-1));
#3326=VERTEX_POINT('',#3325);
#3327=CARTESIAN_POINT('',(-1.07E0,-6.6E-1,8.3E-1));
#3328=VERTEX_POINT('',#3327);
#3329=CARTESIAN_POINT('',(-9.3E-1,-6.6E-1,-8.3E-1));
#3330=CARTESIAN_POINT('',(-9.3E-1,-6.8E-1,-8.5E-1));
#3331=VERTEX_POINT('',#3329);
#3332=VERTEX_POINT('',#3330);
#3333=CARTESIAN_POINT('',(-9.3E-1,-6.8E-1,-1.05E0));
#3334=VERTEX_POINT('',#3333);
#3335=CARTESIAN_POINT('',(-9.3E-1,-6.E-1,-1.05E0));
#3336=VERTEX_POINT('',#3335);
#3337=CARTESIAN_POINT('',(-9.3E-1,-6.E-1,-8.5E-1));
#3338=VERTEX_POINT('',#3337);
#3339=CARTESIAN_POINT('',(-9.3E-1,-5.8E-1,-8.3E-1));
#3340=VERTEX_POINT('',#3339);
#3341=CARTESIAN_POINT('',(-9.3E-1,-5.8E-1,8.3E-1));
#3342=CARTESIAN_POINT('',(-9.3E-1,-6.E-1,8.5E-1));
#3343=VERTEX_POINT('',#3341);
#3344=VERTEX_POINT('',#3342);
#3345=CARTESIAN_POINT('',(-9.3E-1,-6.E-1,1.05E0));
#3346=VERTEX_POINT('',#3345);
#3347=CARTESIAN_POINT('',(-9.3E-1,-6.8E-1,1.05E0));
#3348=VERTEX_POINT('',#3347);
#3349=CARTESIAN_POINT('',(-9.3E-1,-6.8E-1,8.5E-1));
#3350=VERTEX_POINT('',#3349);
#3351=CARTESIAN_POINT('',(-9.3E-1,-6.6E-1,8.3E-1));
#3352=VERTEX_POINT('',#3351);
#3353=CARTESIAN_POINT('',(-1.07E0,-5.8E-1,-7.1E-1));
#3354=VERTEX_POINT('',#3353);
#3355=CARTESIAN_POINT('',(-1.07E0,-6.6E-1,-7.1E-1));
#3356=VERTEX_POINT('',#3355);
#3357=CARTESIAN_POINT('',(-1.07E0,-6.6E-1,7.1E-1));
#3358=VERTEX_POINT('',#3357);
#3359=CARTESIAN_POINT('',(-1.07E0,-5.8E-1,7.1E-1));
#3360=VERTEX_POINT('',#3359);
#3361=CARTESIAN_POINT('',(-9.3E-1,-5.8E-1,-7.1E-1));
#3362=VERTEX_POINT('',#3361);
#3363=CARTESIAN_POINT('',(-9.3E-1,-6.6E-1,-7.1E-1));
#3364=VERTEX_POINT('',#3363);
#3365=CARTESIAN_POINT('',(-9.3E-1,-6.6E-1,7.1E-1));
#3366=VERTEX_POINT('',#3365);
#3367=CARTESIAN_POINT('',(-9.3E-1,-5.8E-1,7.1E-1));
#3368=VERTEX_POINT('',#3367);
#3369=CARTESIAN_POINT('',(-6.7E-1,-6.6E-1,-8.3E-1));
#3370=CARTESIAN_POINT('',(-6.7E-1,-6.8E-1,-8.5E-1));
#3371=VERTEX_POINT('',#3369);
#3372=VERTEX_POINT('',#3370);
#3373=CARTESIAN_POINT('',(-6.7E-1,-6.8E-1,-1.05E0));
#3374=VERTEX_POINT('',#3373);
#3375=CARTESIAN_POINT('',(-6.7E-1,-6.E-1,-1.05E0));
#3376=VERTEX_POINT('',#3375);
#3377=CARTESIAN_POINT('',(-6.7E-1,-6.E-1,-8.5E-1));
#3378=VERTEX_POINT('',#3377);
#3379=CARTESIAN_POINT('',(-6.7E-1,-5.8E-1,-8.3E-1));
#3380=VERTEX_POINT('',#3379);
#3381=CARTESIAN_POINT('',(-6.7E-1,-5.8E-1,8.3E-1));
#3382=CARTESIAN_POINT('',(-6.7E-1,-6.E-1,8.5E-1));
#3383=VERTEX_POINT('',#3381);
#3384=VERTEX_POINT('',#3382);
#3385=CARTESIAN_POINT('',(-6.7E-1,-6.E-1,1.05E0));
#3386=VERTEX_POINT('',#3385);
#3387=CARTESIAN_POINT('',(-6.7E-1,-6.8E-1,1.05E0));
#3388=VERTEX_POINT('',#3387);
#3389=CARTESIAN_POINT('',(-6.7E-1,-6.8E-1,8.5E-1));
#3390=VERTEX_POINT('',#3389);
#3391=CARTESIAN_POINT('',(-6.7E-1,-6.6E-1,8.3E-1));
#3392=VERTEX_POINT('',#3391);
#3393=CARTESIAN_POINT('',(-5.3E-1,-6.6E-1,-8.3E-1));
#3394=CARTESIAN_POINT('',(-5.3E-1,-6.8E-1,-8.5E-1));
#3395=VERTEX_POINT('',#3393);
#3396=VERTEX_POINT('',#3394);
#3397=CARTESIAN_POINT('',(-5.3E-1,-6.8E-1,-1.05E0));
#3398=VERTEX_POINT('',#3397);
#3399=CARTESIAN_POINT('',(-5.3E-1,-6.E-1,-1.05E0));
#3400=VERTEX_POINT('',#3399);
#3401=CARTESIAN_POINT('',(-5.3E-1,-6.E-1,-8.5E-1));
#3402=VERTEX_POINT('',#3401);
#3403=CARTESIAN_POINT('',(-5.3E-1,-5.8E-1,-8.3E-1));
#3404=VERTEX_POINT('',#3403);
#3405=CARTESIAN_POINT('',(-5.3E-1,-5.8E-1,8.3E-1));
#3406=CARTESIAN_POINT('',(-5.3E-1,-6.E-1,8.5E-1));
#3407=VERTEX_POINT('',#3405);
#3408=VERTEX_POINT('',#3406);
#3409=CARTESIAN_POINT('',(-5.3E-1,-6.E-1,1.05E0));
#3410=VERTEX_POINT('',#3409);
#3411=CARTESIAN_POINT('',(-5.3E-1,-6.8E-1,1.05E0));
#3412=VERTEX_POINT('',#3411);
#3413=CARTESIAN_POINT('',(-5.3E-1,-6.8E-1,8.5E-1));
#3414=VERTEX_POINT('',#3413);
#3415=CARTESIAN_POINT('',(-5.3E-1,-6.6E-1,8.3E-1));
#3416=VERTEX_POINT('',#3415);
#3417=CARTESIAN_POINT('',(-6.7E-1,-5.8E-1,-7.1E-1));
#3418=VERTEX_POINT('',#3417);
#3419=CARTESIAN_POINT('',(-6.7E-1,-6.6E-1,-7.1E-1));
#3420=VERTEX_POINT('',#3419);
#3421=CARTESIAN_POINT('',(-6.7E-1,-6.6E-1,7.1E-1));
#3422=VERTEX_POINT('',#3421);
#3423=CARTESIAN_POINT('',(-6.7E-1,-5.8E-1,7.1E-1));
#3424=VERTEX_POINT('',#3423);
#3425=CARTESIAN_POINT('',(-5.3E-1,-5.8E-1,-7.1E-1));
#3426=VERTEX_POINT('',#3425);
#3427=CARTESIAN_POINT('',(-5.3E-1,-6.6E-1,-7.1E-1));
#3428=VERTEX_POINT('',#3427);
#3429=CARTESIAN_POINT('',(-5.3E-1,-6.6E-1,7.1E-1));
#3430=VERTEX_POINT('',#3429);
#3431=CARTESIAN_POINT('',(-5.3E-1,-5.8E-1,7.1E-1));
#3432=VERTEX_POINT('',#3431);
#3433=CARTESIAN_POINT('',(-2.7E-1,-6.6E-1,-8.3E-1));
#3434=CARTESIAN_POINT('',(-2.7E-1,-6.8E-1,-8.5E-1));
#3435=VERTEX_POINT('',#3433);
#3436=VERTEX_POINT('',#3434);
#3437=CARTESIAN_POINT('',(-2.7E-1,-6.8E-1,-1.05E0));
#3438=VERTEX_POINT('',#3437);
#3439=CARTESIAN_POINT('',(-2.7E-1,-6.E-1,-1.05E0));
#3440=VERTEX_POINT('',#3439);
#3441=CARTESIAN_POINT('',(-2.7E-1,-6.E-1,-8.5E-1));
#3442=VERTEX_POINT('',#3441);
#3443=CARTESIAN_POINT('',(-2.7E-1,-5.8E-1,-8.3E-1));
#3444=VERTEX_POINT('',#3443);
#3445=CARTESIAN_POINT('',(-2.7E-1,-5.8E-1,8.3E-1));
#3446=CARTESIAN_POINT('',(-2.7E-1,-6.E-1,8.5E-1));
#3447=VERTEX_POINT('',#3445);
#3448=VERTEX_POINT('',#3446);
#3449=CARTESIAN_POINT('',(-2.7E-1,-6.E-1,1.05E0));
#3450=VERTEX_POINT('',#3449);
#3451=CARTESIAN_POINT('',(-2.7E-1,-6.8E-1,1.05E0));
#3452=VERTEX_POINT('',#3451);
#3453=CARTESIAN_POINT('',(-2.7E-1,-6.8E-1,8.5E-1));
#3454=VERTEX_POINT('',#3453);
#3455=CARTESIAN_POINT('',(-2.7E-1,-6.6E-1,8.3E-1));
#3456=VERTEX_POINT('',#3455);
#3457=CARTESIAN_POINT('',(-1.3E-1,-6.6E-1,-8.3E-1));
#3458=CARTESIAN_POINT('',(-1.3E-1,-6.8E-1,-8.5E-1));
#3459=VERTEX_POINT('',#3457);
#3460=VERTEX_POINT('',#3458);
#3461=CARTESIAN_POINT('',(-1.3E-1,-6.8E-1,-1.05E0));
#3462=VERTEX_POINT('',#3461);
#3463=CARTESIAN_POINT('',(-1.3E-1,-6.E-1,-1.05E0));
#3464=VERTEX_POINT('',#3463);
#3465=CARTESIAN_POINT('',(-1.3E-1,-6.E-1,-8.5E-1));
#3466=VERTEX_POINT('',#3465);
#3467=CARTESIAN_POINT('',(-1.3E-1,-5.8E-1,-8.3E-1));
#3468=VERTEX_POINT('',#3467);
#3469=CARTESIAN_POINT('',(-1.3E-1,-5.8E-1,8.3E-1));
#3470=CARTESIAN_POINT('',(-1.3E-1,-6.E-1,8.5E-1));
#3471=VERTEX_POINT('',#3469);
#3472=VERTEX_POINT('',#3470);
#3473=CARTESIAN_POINT('',(-1.3E-1,-6.E-1,1.05E0));
#3474=VERTEX_POINT('',#3473);
#3475=CARTESIAN_POINT('',(-1.3E-1,-6.8E-1,1.05E0));
#3476=VERTEX_POINT('',#3475);
#3477=CARTESIAN_POINT('',(-1.3E-1,-6.8E-1,8.5E-1));
#3478=VERTEX_POINT('',#3477);
#3479=CARTESIAN_POINT('',(-1.3E-1,-6.6E-1,8.3E-1));
#3480=VERTEX_POINT('',#3479);
#3481=CARTESIAN_POINT('',(-2.7E-1,-5.8E-1,-7.1E-1));
#3482=VERTEX_POINT('',#3481);
#3483=CARTESIAN_POINT('',(-2.7E-1,-6.6E-1,-7.1E-1));
#3484=VERTEX_POINT('',#3483);
#3485=CARTESIAN_POINT('',(-2.7E-1,-6.6E-1,7.1E-1));
#3486=VERTEX_POINT('',#3485);
#3487=CARTESIAN_POINT('',(-2.7E-1,-5.8E-1,7.1E-1));
#3488=VERTEX_POINT('',#3487);
#3489=CARTESIAN_POINT('',(-1.3E-1,-5.8E-1,-7.1E-1));
#3490=VERTEX_POINT('',#3489);
#3491=CARTESIAN_POINT('',(-1.3E-1,-6.6E-1,-7.1E-1));
#3492=VERTEX_POINT('',#3491);
#3493=CARTESIAN_POINT('',(-1.3E-1,-6.6E-1,7.1E-1));
#3494=VERTEX_POINT('',#3493);
#3495=CARTESIAN_POINT('',(-1.3E-1,-5.8E-1,7.1E-1));
#3496=VERTEX_POINT('',#3495);
#3497=CARTESIAN_POINT('',(1.3E-1,-6.6E-1,-8.3E-1));
#3498=CARTESIAN_POINT('',(1.3E-1,-6.8E-1,-8.5E-1));
#3499=VERTEX_POINT('',#3497);
#3500=VERTEX_POINT('',#3498);
#3501=CARTESIAN_POINT('',(1.3E-1,-6.8E-1,-1.05E0));
#3502=VERTEX_POINT('',#3501);
#3503=CARTESIAN_POINT('',(1.3E-1,-6.E-1,-1.05E0));
#3504=VERTEX_POINT('',#3503);
#3505=CARTESIAN_POINT('',(1.3E-1,-6.E-1,-8.5E-1));
#3506=VERTEX_POINT('',#3505);
#3507=CARTESIAN_POINT('',(1.3E-1,-5.8E-1,-8.3E-1));
#3508=VERTEX_POINT('',#3507);
#3509=CARTESIAN_POINT('',(1.3E-1,-5.8E-1,8.3E-1));
#3510=CARTESIAN_POINT('',(1.3E-1,-6.E-1,8.5E-1));
#3511=VERTEX_POINT('',#3509);
#3512=VERTEX_POINT('',#3510);
#3513=CARTESIAN_POINT('',(1.3E-1,-6.E-1,1.05E0));
#3514=VERTEX_POINT('',#3513);
#3515=CARTESIAN_POINT('',(1.3E-1,-6.8E-1,1.05E0));
#3516=VERTEX_POINT('',#3515);
#3517=CARTESIAN_POINT('',(1.3E-1,-6.8E-1,8.5E-1));
#3518=VERTEX_POINT('',#3517);
#3519=CARTESIAN_POINT('',(1.3E-1,-6.6E-1,8.3E-1));
#3520=VERTEX_POINT('',#3519);
#3521=CARTESIAN_POINT('',(2.7E-1,-6.6E-1,-8.3E-1));
#3522=CARTESIAN_POINT('',(2.7E-1,-6.8E-1,-8.5E-1));
#3523=VERTEX_POINT('',#3521);
#3524=VERTEX_POINT('',#3522);
#3525=CARTESIAN_POINT('',(2.7E-1,-6.8E-1,-1.05E0));
#3526=VERTEX_POINT('',#3525);
#3527=CARTESIAN_POINT('',(2.7E-1,-6.E-1,-1.05E0));
#3528=VERTEX_POINT('',#3527);
#3529=CARTESIAN_POINT('',(2.7E-1,-6.E-1,-8.5E-1));
#3530=VERTEX_POINT('',#3529);
#3531=CARTESIAN_POINT('',(2.7E-1,-5.8E-1,-8.3E-1));
#3532=VERTEX_POINT('',#3531);
#3533=CARTESIAN_POINT('',(2.7E-1,-5.8E-1,8.3E-1));
#3534=CARTESIAN_POINT('',(2.7E-1,-6.E-1,8.5E-1));
#3535=VERTEX_POINT('',#3533);
#3536=VERTEX_POINT('',#3534);
#3537=CARTESIAN_POINT('',(2.7E-1,-6.E-1,1.05E0));
#3538=VERTEX_POINT('',#3537);
#3539=CARTESIAN_POINT('',(2.7E-1,-6.8E-1,1.05E0));
#3540=VERTEX_POINT('',#3539);
#3541=CARTESIAN_POINT('',(2.7E-1,-6.8E-1,8.5E-1));
#3542=VERTEX_POINT('',#3541);
#3543=CARTESIAN_POINT('',(2.7E-1,-6.6E-1,8.3E-1));
#3544=VERTEX_POINT('',#3543);
#3545=CARTESIAN_POINT('',(1.3E-1,-5.8E-1,-7.1E-1));
#3546=VERTEX_POINT('',#3545);
#3547=CARTESIAN_POINT('',(1.3E-1,-6.6E-1,-7.1E-1));
#3548=VERTEX_POINT('',#3547);
#3549=CARTESIAN_POINT('',(1.3E-1,-6.6E-1,7.1E-1));
#3550=VERTEX_POINT('',#3549);
#3551=CARTESIAN_POINT('',(1.3E-1,-5.8E-1,7.1E-1));
#3552=VERTEX_POINT('',#3551);
#3553=CARTESIAN_POINT('',(2.7E-1,-5.8E-1,-7.1E-1));
#3554=VERTEX_POINT('',#3553);
#3555=CARTESIAN_POINT('',(2.7E-1,-6.6E-1,-7.1E-1));
#3556=VERTEX_POINT('',#3555);
#3557=CARTESIAN_POINT('',(2.7E-1,-6.6E-1,7.1E-1));
#3558=VERTEX_POINT('',#3557);
#3559=CARTESIAN_POINT('',(2.7E-1,-5.8E-1,7.1E-1));
#3560=VERTEX_POINT('',#3559);
#3561=CARTESIAN_POINT('',(5.3E-1,-6.6E-1,-8.3E-1));
#3562=CARTESIAN_POINT('',(5.3E-1,-6.8E-1,-8.5E-1));
#3563=VERTEX_POINT('',#3561);
#3564=VERTEX_POINT('',#3562);
#3565=CARTESIAN_POINT('',(5.3E-1,-6.8E-1,-1.05E0));
#3566=VERTEX_POINT('',#3565);
#3567=CARTESIAN_POINT('',(5.3E-1,-6.E-1,-1.05E0));
#3568=VERTEX_POINT('',#3567);
#3569=CARTESIAN_POINT('',(5.3E-1,-6.E-1,-8.5E-1));
#3570=VERTEX_POINT('',#3569);
#3571=CARTESIAN_POINT('',(5.3E-1,-5.8E-1,-8.3E-1));
#3572=VERTEX_POINT('',#3571);
#3573=CARTESIAN_POINT('',(5.3E-1,-5.8E-1,8.3E-1));
#3574=CARTESIAN_POINT('',(5.3E-1,-6.E-1,8.5E-1));
#3575=VERTEX_POINT('',#3573);
#3576=VERTEX_POINT('',#3574);
#3577=CARTESIAN_POINT('',(5.3E-1,-6.E-1,1.05E0));
#3578=VERTEX_POINT('',#3577);
#3579=CARTESIAN_POINT('',(5.3E-1,-6.8E-1,1.05E0));
#3580=VERTEX_POINT('',#3579);
#3581=CARTESIAN_POINT('',(5.3E-1,-6.8E-1,8.5E-1));
#3582=VERTEX_POINT('',#3581);
#3583=CARTESIAN_POINT('',(5.3E-1,-6.6E-1,8.3E-1));
#3584=VERTEX_POINT('',#3583);
#3585=CARTESIAN_POINT('',(6.7E-1,-6.6E-1,-8.3E-1));
#3586=CARTESIAN_POINT('',(6.7E-1,-6.8E-1,-8.5E-1));
#3587=VERTEX_POINT('',#3585);
#3588=VERTEX_POINT('',#3586);
#3589=CARTESIAN_POINT('',(6.7E-1,-6.8E-1,-1.05E0));
#3590=VERTEX_POINT('',#3589);
#3591=CARTESIAN_POINT('',(6.7E-1,-6.E-1,-1.05E0));
#3592=VERTEX_POINT('',#3591);
#3593=CARTESIAN_POINT('',(6.7E-1,-6.E-1,-8.5E-1));
#3594=VERTEX_POINT('',#3593);
#3595=CARTESIAN_POINT('',(6.7E-1,-5.8E-1,-8.3E-1));
#3596=VERTEX_POINT('',#3595);
#3597=CARTESIAN_POINT('',(6.7E-1,-5.8E-1,8.3E-1));
#3598=CARTESIAN_POINT('',(6.7E-1,-6.E-1,8.5E-1));
#3599=VERTEX_POINT('',#3597);
#3600=VERTEX_POINT('',#3598);
#3601=CARTESIAN_POINT('',(6.7E-1,-6.E-1,1.05E0));
#3602=VERTEX_POINT('',#3601);
#3603=CARTESIAN_POINT('',(6.7E-1,-6.8E-1,1.05E0));
#3604=VERTEX_POINT('',#3603);
#3605=CARTESIAN_POINT('',(6.7E-1,-6.8E-1,8.5E-1));
#3606=VERTEX_POINT('',#3605);
#3607=CARTESIAN_POINT('',(6.7E-1,-6.6E-1,8.3E-1));
#3608=VERTEX_POINT('',#3607);
#3609=CARTESIAN_POINT('',(5.3E-1,-5.8E-1,-7.1E-1));
#3610=VERTEX_POINT('',#3609);
#3611=CARTESIAN_POINT('',(5.3E-1,-6.6E-1,-7.1E-1));
#3612=VERTEX_POINT('',#3611);
#3613=CARTESIAN_POINT('',(5.3E-1,-6.6E-1,7.1E-1));
#3614=VERTEX_POINT('',#3613);
#3615=CARTESIAN_POINT('',(5.3E-1,-5.8E-1,7.1E-1));
#3616=VERTEX_POINT('',#3615);
#3617=CARTESIAN_POINT('',(6.7E-1,-5.8E-1,-7.1E-1));
#3618=VERTEX_POINT('',#3617);
#3619=CARTESIAN_POINT('',(6.7E-1,-6.6E-1,-7.1E-1));
#3620=VERTEX_POINT('',#3619);
#3621=CARTESIAN_POINT('',(6.7E-1,-6.6E-1,7.1E-1));
#3622=VERTEX_POINT('',#3621);
#3623=CARTESIAN_POINT('',(6.7E-1,-5.8E-1,7.1E-1));
#3624=VERTEX_POINT('',#3623);
#3625=CARTESIAN_POINT('',(9.3E-1,-6.6E-1,-8.3E-1));
#3626=CARTESIAN_POINT('',(9.3E-1,-6.8E-1,-8.5E-1));
#3627=VERTEX_POINT('',#3625);
#3628=VERTEX_POINT('',#3626);
#3629=CARTESIAN_POINT('',(9.3E-1,-6.8E-1,-1.05E0));
#3630=VERTEX_POINT('',#3629);
#3631=CARTESIAN_POINT('',(9.3E-1,-6.E-1,-1.05E0));
#3632=VERTEX_POINT('',#3631);
#3633=CARTESIAN_POINT('',(9.3E-1,-6.E-1,-8.5E-1));
#3634=VERTEX_POINT('',#3633);
#3635=CARTESIAN_POINT('',(9.3E-1,-5.8E-1,-8.3E-1));
#3636=VERTEX_POINT('',#3635);
#3637=CARTESIAN_POINT('',(9.3E-1,-5.8E-1,8.3E-1));
#3638=CARTESIAN_POINT('',(9.3E-1,-6.E-1,8.5E-1));
#3639=VERTEX_POINT('',#3637);
#3640=VERTEX_POINT('',#3638);
#3641=CARTESIAN_POINT('',(9.3E-1,-6.E-1,1.05E0));
#3642=VERTEX_POINT('',#3641);
#3643=CARTESIAN_POINT('',(9.3E-1,-6.8E-1,1.05E0));
#3644=VERTEX_POINT('',#3643);
#3645=CARTESIAN_POINT('',(9.3E-1,-6.8E-1,8.5E-1));
#3646=VERTEX_POINT('',#3645);
#3647=CARTESIAN_POINT('',(9.3E-1,-6.6E-1,8.3E-1));
#3648=VERTEX_POINT('',#3647);
#3649=CARTESIAN_POINT('',(1.07E0,-6.6E-1,-8.3E-1));
#3650=CARTESIAN_POINT('',(1.07E0,-6.8E-1,-8.5E-1));
#3651=VERTEX_POINT('',#3649);
#3652=VERTEX_POINT('',#3650);
#3653=CARTESIAN_POINT('',(1.07E0,-6.8E-1,-1.05E0));
#3654=VERTEX_POINT('',#3653);
#3655=CARTESIAN_POINT('',(1.07E0,-6.E-1,-1.05E0));
#3656=VERTEX_POINT('',#3655);
#3657=CARTESIAN_POINT('',(1.07E0,-6.E-1,-8.5E-1));
#3658=VERTEX_POINT('',#3657);
#3659=CARTESIAN_POINT('',(1.07E0,-5.8E-1,-8.3E-1));
#3660=VERTEX_POINT('',#3659);
#3661=CARTESIAN_POINT('',(1.07E0,-5.8E-1,8.3E-1));
#3662=CARTESIAN_POINT('',(1.07E0,-6.E-1,8.5E-1));
#3663=VERTEX_POINT('',#3661);
#3664=VERTEX_POINT('',#3662);
#3665=CARTESIAN_POINT('',(1.07E0,-6.E-1,1.05E0));
#3666=VERTEX_POINT('',#3665);
#3667=CARTESIAN_POINT('',(1.07E0,-6.8E-1,1.05E0));
#3668=VERTEX_POINT('',#3667);
#3669=CARTESIAN_POINT('',(1.07E0,-6.8E-1,8.5E-1));
#3670=VERTEX_POINT('',#3669);
#3671=CARTESIAN_POINT('',(1.07E0,-6.6E-1,8.3E-1));
#3672=VERTEX_POINT('',#3671);
#3673=CARTESIAN_POINT('',(9.3E-1,-5.8E-1,-7.1E-1));
#3674=VERTEX_POINT('',#3673);
#3675=CARTESIAN_POINT('',(9.3E-1,-6.6E-1,-7.1E-1));
#3676=VERTEX_POINT('',#3675);
#3677=CARTESIAN_POINT('',(9.3E-1,-6.6E-1,7.1E-1));
#3678=VERTEX_POINT('',#3677);
#3679=CARTESIAN_POINT('',(9.3E-1,-5.8E-1,7.1E-1));
#3680=VERTEX_POINT('',#3679);
#3681=CARTESIAN_POINT('',(1.07E0,-5.8E-1,-7.1E-1));
#3682=VERTEX_POINT('',#3681);
#3683=CARTESIAN_POINT('',(1.07E0,-6.6E-1,-7.1E-1));
#3684=VERTEX_POINT('',#3683);
#3685=CARTESIAN_POINT('',(1.07E0,-6.6E-1,7.1E-1));
#3686=VERTEX_POINT('',#3685);
#3687=CARTESIAN_POINT('',(1.07E0,-5.8E-1,7.1E-1));
#3688=VERTEX_POINT('',#3687);
#3689=CARTESIAN_POINT('',(1.33E0,-6.6E-1,-8.3E-1));
#3690=CARTESIAN_POINT('',(1.33E0,-6.8E-1,-8.5E-1));
#3691=VERTEX_POINT('',#3689);
#3692=VERTEX_POINT('',#3690);
#3693=CARTESIAN_POINT('',(1.33E0,-6.8E-1,-1.05E0));
#3694=VERTEX_POINT('',#3693);
#3695=CARTESIAN_POINT('',(1.33E0,-6.E-1,-1.05E0));
#3696=VERTEX_POINT('',#3695);
#3697=CARTESIAN_POINT('',(1.33E0,-6.E-1,-8.5E-1));
#3698=VERTEX_POINT('',#3697);
#3699=CARTESIAN_POINT('',(1.33E0,-5.8E-1,-8.3E-1));
#3700=VERTEX_POINT('',#3699);
#3701=CARTESIAN_POINT('',(1.33E0,-5.8E-1,8.3E-1));
#3702=CARTESIAN_POINT('',(1.33E0,-6.E-1,8.5E-1));
#3703=VERTEX_POINT('',#3701);
#3704=VERTEX_POINT('',#3702);
#3705=CARTESIAN_POINT('',(1.33E0,-6.E-1,1.05E0));
#3706=VERTEX_POINT('',#3705);
#3707=CARTESIAN_POINT('',(1.33E0,-6.8E-1,1.05E0));
#3708=VERTEX_POINT('',#3707);
#3709=CARTESIAN_POINT('',(1.33E0,-6.8E-1,8.5E-1));
#3710=VERTEX_POINT('',#3709);
#3711=CARTESIAN_POINT('',(1.33E0,-6.6E-1,8.3E-1));
#3712=VERTEX_POINT('',#3711);
#3713=CARTESIAN_POINT('',(1.47E0,-6.6E-1,-8.3E-1));
#3714=CARTESIAN_POINT('',(1.47E0,-6.8E-1,-8.5E-1));
#3715=VERTEX_POINT('',#3713);
#3716=VERTEX_POINT('',#3714);
#3717=CARTESIAN_POINT('',(1.47E0,-6.8E-1,-1.05E0));
#3718=VERTEX_POINT('',#3717);
#3719=CARTESIAN_POINT('',(1.47E0,-6.E-1,-1.05E0));
#3720=VERTEX_POINT('',#3719);
#3721=CARTESIAN_POINT('',(1.47E0,-6.E-1,-8.5E-1));
#3722=VERTEX_POINT('',#3721);
#3723=CARTESIAN_POINT('',(1.47E0,-5.8E-1,-8.3E-1));
#3724=VERTEX_POINT('',#3723);
#3725=CARTESIAN_POINT('',(1.47E0,-5.8E-1,8.3E-1));
#3726=CARTESIAN_POINT('',(1.47E0,-6.E-1,8.5E-1));
#3727=VERTEX_POINT('',#3725);
#3728=VERTEX_POINT('',#3726);
#3729=CARTESIAN_POINT('',(1.47E0,-6.E-1,1.05E0));
#3730=VERTEX_POINT('',#3729);
#3731=CARTESIAN_POINT('',(1.47E0,-6.8E-1,1.05E0));
#3732=VERTEX_POINT('',#3731);
#3733=CARTESIAN_POINT('',(1.47E0,-6.8E-1,8.5E-1));
#3734=VERTEX_POINT('',#3733);
#3735=CARTESIAN_POINT('',(1.47E0,-6.6E-1,8.3E-1));
#3736=VERTEX_POINT('',#3735);
#3737=CARTESIAN_POINT('',(1.33E0,-5.8E-1,-7.1E-1));
#3738=VERTEX_POINT('',#3737);
#3739=CARTESIAN_POINT('',(1.33E0,-6.6E-1,-7.1E-1));
#3740=VERTEX_POINT('',#3739);
#3741=CARTESIAN_POINT('',(1.33E0,-6.6E-1,7.1E-1));
#3742=VERTEX_POINT('',#3741);
#3743=CARTESIAN_POINT('',(1.33E0,-5.8E-1,7.1E-1));
#3744=VERTEX_POINT('',#3743);
#3745=CARTESIAN_POINT('',(1.47E0,-5.8E-1,-7.1E-1));
#3746=VERTEX_POINT('',#3745);
#3747=CARTESIAN_POINT('',(1.47E0,-6.6E-1,-7.1E-1));
#3748=VERTEX_POINT('',#3747);
#3749=CARTESIAN_POINT('',(1.47E0,-6.6E-1,7.1E-1));
#3750=VERTEX_POINT('',#3749);
#3751=CARTESIAN_POINT('',(1.47E0,-5.8E-1,7.1E-1));
#3752=VERTEX_POINT('',#3751);
#3753=CARTESIAN_POINT('',(1.73E0,-6.6E-1,-8.3E-1));
#3754=CARTESIAN_POINT('',(1.73E0,-6.8E-1,-8.5E-1));
#3755=VERTEX_POINT('',#3753);
#3756=VERTEX_POINT('',#3754);
#3757=CARTESIAN_POINT('',(1.73E0,-6.8E-1,-1.05E0));
#3758=VERTEX_POINT('',#3757);
#3759=CARTESIAN_POINT('',(1.73E0,-6.E-1,-1.05E0));
#3760=VERTEX_POINT('',#3759);
#3761=CARTESIAN_POINT('',(1.73E0,-6.E-1,-8.5E-1));
#3762=VERTEX_POINT('',#3761);
#3763=CARTESIAN_POINT('',(1.73E0,-5.8E-1,-8.3E-1));
#3764=VERTEX_POINT('',#3763);
#3765=CARTESIAN_POINT('',(1.73E0,-5.8E-1,8.3E-1));
#3766=CARTESIAN_POINT('',(1.73E0,-6.E-1,8.5E-1));
#3767=VERTEX_POINT('',#3765);
#3768=VERTEX_POINT('',#3766);
#3769=CARTESIAN_POINT('',(1.73E0,-6.E-1,1.05E0));
#3770=VERTEX_POINT('',#3769);
#3771=CARTESIAN_POINT('',(1.73E0,-6.8E-1,1.05E0));
#3772=VERTEX_POINT('',#3771);
#3773=CARTESIAN_POINT('',(1.73E0,-6.8E-1,8.5E-1));
#3774=VERTEX_POINT('',#3773);
#3775=CARTESIAN_POINT('',(1.73E0,-6.6E-1,8.3E-1));
#3776=VERTEX_POINT('',#3775);
#3777=CARTESIAN_POINT('',(1.87E0,-6.6E-1,-8.3E-1));
#3778=CARTESIAN_POINT('',(1.87E0,-6.8E-1,-8.5E-1));
#3779=VERTEX_POINT('',#3777);
#3780=VERTEX_POINT('',#3778);
#3781=CARTESIAN_POINT('',(1.87E0,-6.8E-1,-1.05E0));
#3782=VERTEX_POINT('',#3781);
#3783=CARTESIAN_POINT('',(1.87E0,-6.E-1,-1.05E0));
#3784=VERTEX_POINT('',#3783);
#3785=CARTESIAN_POINT('',(1.87E0,-6.E-1,-8.5E-1));
#3786=VERTEX_POINT('',#3785);
#3787=CARTESIAN_POINT('',(1.87E0,-5.8E-1,-8.3E-1));
#3788=VERTEX_POINT('',#3787);
#3789=CARTESIAN_POINT('',(1.87E0,-5.8E-1,8.3E-1));
#3790=CARTESIAN_POINT('',(1.87E0,-6.E-1,8.5E-1));
#3791=VERTEX_POINT('',#3789);
#3792=VERTEX_POINT('',#3790);
#3793=CARTESIAN_POINT('',(1.87E0,-6.E-1,1.05E0));
#3794=VERTEX_POINT('',#3793);
#3795=CARTESIAN_POINT('',(1.87E0,-6.8E-1,1.05E0));
#3796=VERTEX_POINT('',#3795);
#3797=CARTESIAN_POINT('',(1.87E0,-6.8E-1,8.5E-1));
#3798=VERTEX_POINT('',#3797);
#3799=CARTESIAN_POINT('',(1.87E0,-6.6E-1,8.3E-1));
#3800=VERTEX_POINT('',#3799);
#3801=CARTESIAN_POINT('',(1.73E0,-5.8E-1,-7.1E-1));
#3802=VERTEX_POINT('',#3801);
#3803=CARTESIAN_POINT('',(1.73E0,-6.6E-1,-7.1E-1));
#3804=VERTEX_POINT('',#3803);
#3805=CARTESIAN_POINT('',(1.73E0,-6.6E-1,7.1E-1));
#3806=VERTEX_POINT('',#3805);
#3807=CARTESIAN_POINT('',(1.73E0,-5.8E-1,7.1E-1));
#3808=VERTEX_POINT('',#3807);
#3809=CARTESIAN_POINT('',(1.87E0,-5.8E-1,-7.1E-1));
#3810=VERTEX_POINT('',#3809);
#3811=CARTESIAN_POINT('',(1.87E0,-6.6E-1,-7.1E-1));
#3812=VERTEX_POINT('',#3811);
#3813=CARTESIAN_POINT('',(1.87E0,-6.6E-1,7.1E-1));
#3814=VERTEX_POINT('',#3813);
#3815=CARTESIAN_POINT('',(1.87E0,-5.8E-1,7.1E-1));
#3816=VERTEX_POINT('',#3815);
#3817=CARTESIAN_POINT('',(2.13E0,-6.6E-1,-8.3E-1));
#3818=CARTESIAN_POINT('',(2.13E0,-6.8E-1,-8.5E-1));
#3819=VERTEX_POINT('',#3817);
#3820=VERTEX_POINT('',#3818);
#3821=CARTESIAN_POINT('',(2.13E0,-6.8E-1,-1.05E0));
#3822=VERTEX_POINT('',#3821);
#3823=CARTESIAN_POINT('',(2.13E0,-6.E-1,-1.05E0));
#3824=VERTEX_POINT('',#3823);
#3825=CARTESIAN_POINT('',(2.13E0,-6.E-1,-8.5E-1));
#3826=VERTEX_POINT('',#3825);
#3827=CARTESIAN_POINT('',(2.13E0,-5.8E-1,-8.3E-1));
#3828=VERTEX_POINT('',#3827);
#3829=CARTESIAN_POINT('',(2.13E0,-5.8E-1,8.3E-1));
#3830=CARTESIAN_POINT('',(2.13E0,-6.E-1,8.5E-1));
#3831=VERTEX_POINT('',#3829);
#3832=VERTEX_POINT('',#3830);
#3833=CARTESIAN_POINT('',(2.13E0,-6.E-1,1.05E0));
#3834=VERTEX_POINT('',#3833);
#3835=CARTESIAN_POINT('',(2.13E0,-6.8E-1,1.05E0));
#3836=VERTEX_POINT('',#3835);
#3837=CARTESIAN_POINT('',(2.13E0,-6.8E-1,8.5E-1));
#3838=VERTEX_POINT('',#3837);
#3839=CARTESIAN_POINT('',(2.13E0,-6.6E-1,8.3E-1));
#3840=VERTEX_POINT('',#3839);
#3841=CARTESIAN_POINT('',(2.27E0,-6.6E-1,-8.3E-1));
#3842=CARTESIAN_POINT('',(2.27E0,-6.8E-1,-8.5E-1));
#3843=VERTEX_POINT('',#3841);
#3844=VERTEX_POINT('',#3842);
#3845=CARTESIAN_POINT('',(2.27E0,-6.8E-1,-1.05E0));
#3846=VERTEX_POINT('',#3845);
#3847=CARTESIAN_POINT('',(2.27E0,-6.E-1,-1.05E0));
#3848=VERTEX_POINT('',#3847);
#3849=CARTESIAN_POINT('',(2.27E0,-6.E-1,-8.5E-1));
#3850=VERTEX_POINT('',#3849);
#3851=CARTESIAN_POINT('',(2.27E0,-5.8E-1,-8.3E-1));
#3852=VERTEX_POINT('',#3851);
#3853=CARTESIAN_POINT('',(2.27E0,-5.8E-1,8.3E-1));
#3854=CARTESIAN_POINT('',(2.27E0,-6.E-1,8.5E-1));
#3855=VERTEX_POINT('',#3853);
#3856=VERTEX_POINT('',#3854);
#3857=CARTESIAN_POINT('',(2.27E0,-6.E-1,1.05E0));
#3858=VERTEX_POINT('',#3857);
#3859=CARTESIAN_POINT('',(2.27E0,-6.8E-1,1.05E0));
#3860=VERTEX_POINT('',#3859);
#3861=CARTESIAN_POINT('',(2.27E0,-6.8E-1,8.5E-1));
#3862=VERTEX_POINT('',#3861);
#3863=CARTESIAN_POINT('',(2.27E0,-6.6E-1,8.3E-1));
#3864=VERTEX_POINT('',#3863);
#3865=CARTESIAN_POINT('',(2.13E0,-5.8E-1,-7.1E-1));
#3866=VERTEX_POINT('',#3865);
#3867=CARTESIAN_POINT('',(2.13E0,-6.6E-1,-7.1E-1));
#3868=VERTEX_POINT('',#3867);
#3869=CARTESIAN_POINT('',(2.13E0,-6.6E-1,7.1E-1));
#3870=VERTEX_POINT('',#3869);
#3871=CARTESIAN_POINT('',(2.13E0,-5.8E-1,7.1E-1));
#3872=VERTEX_POINT('',#3871);
#3873=CARTESIAN_POINT('',(2.27E0,-5.8E-1,-7.1E-1));
#3874=VERTEX_POINT('',#3873);
#3875=CARTESIAN_POINT('',(2.27E0,-6.6E-1,-7.1E-1));
#3876=VERTEX_POINT('',#3875);
#3877=CARTESIAN_POINT('',(2.27E0,-6.6E-1,7.1E-1));
#3878=VERTEX_POINT('',#3877);
#3879=CARTESIAN_POINT('',(2.27E0,-5.8E-1,7.1E-1));
#3880=VERTEX_POINT('',#3879);
#3881=CARTESIAN_POINT('',(-2.775E0,-5.2E-1,-6.15E-1));
#3882=VERTEX_POINT('',#3881);
#3883=CARTESIAN_POINT('',(-2.775E0,-5.2E-1,6.15E-1));
#3884=VERTEX_POINT('',#3883);
#3885=CARTESIAN_POINT('',(-2.875E0,-5.2E-1,-6.15E-1));
#3886=VERTEX_POINT('',#3885);
#3887=CARTESIAN_POINT('',(-2.875E0,-5.2E-1,6.15E-1));
#3888=VERTEX_POINT('',#3887);
#3889=CARTESIAN_POINT('',(2.775E0,-6.8E-1,-6.15E-1));
#3890=CARTESIAN_POINT('',(2.775E0,-6.8E-1,-3.5E-1));
#3891=VERTEX_POINT('',#3889);
#3892=VERTEX_POINT('',#3890);
#3893=CARTESIAN_POINT('',(2.775E0,-6.8E-1,3.5E-1));
#3894=CARTESIAN_POINT('',(2.775E0,-6.8E-1,6.15E-1));
#3895=VERTEX_POINT('',#3893);
#3896=VERTEX_POINT('',#3894);
#3897=CARTESIAN_POINT('',(2.875E0,-6.8E-1,-6.15E-1));
#3898=CARTESIAN_POINT('',(2.875E0,-6.8E-1,-3.5E-1));
#3899=VERTEX_POINT('',#3897);
#3900=VERTEX_POINT('',#3898);
#3901=CARTESIAN_POINT('',(2.875E0,-6.8E-1,3.5E-1));
#3902=CARTESIAN_POINT('',(2.875E0,-6.8E-1,6.15E-1));
#3903=VERTEX_POINT('',#3901);
#3904=VERTEX_POINT('',#3902);
#3905=CARTESIAN_POINT('',(2.775E0,-5.2E-1,-3.E-1));
#3906=VERTEX_POINT('',#3905);
#3907=CARTESIAN_POINT('',(2.775E0,-5.2E-1,3.E-1));
#3908=VERTEX_POINT('',#3907);
#3909=CARTESIAN_POINT('',(2.875E0,-5.2E-1,-3.E-1));
#3910=VERTEX_POINT('',#3909);
#3911=CARTESIAN_POINT('',(2.875E0,-5.2E-1,3.E-1));
#3912=VERTEX_POINT('',#3911);
#3913=CARTESIAN_POINT('',(2.775E0,-5.2E-1,-6.15E-1));
#3914=VERTEX_POINT('',#3913);
#3915=CARTESIAN_POINT('',(2.775E0,-5.2E-1,6.15E-1));
#3916=VERTEX_POINT('',#3915);
#3917=CARTESIAN_POINT('',(2.875E0,-5.2E-1,-6.15E-1));
#3918=VERTEX_POINT('',#3917);
#3919=CARTESIAN_POINT('',(2.875E0,-5.2E-1,6.15E-1));
#3920=VERTEX_POINT('',#3919);
#3921=CARTESIAN_POINT('',(0.E0,0.E0,0.E0));
#3922=DIRECTION('',(0.E0,1.E0,0.E0));
#3923=DIRECTION('',(1.E0,0.E0,0.E0));
#3924=AXIS2_PLACEMENT_3D('',#3921,#3922,#3923);
#3925=PLANE('',#3924);
#3927=ORIENTED_EDGE('',*,*,#3926,.F.);
#3929=ORIENTED_EDGE('',*,*,#3928,.F.);
#3931=ORIENTED_EDGE('',*,*,#3930,.F.);
#3933=ORIENTED_EDGE('',*,*,#3932,.F.);
#3935=ORIENTED_EDGE('',*,*,#3934,.F.);
#3937=ORIENTED_EDGE('',*,*,#3936,.F.);
#3939=ORIENTED_EDGE('',*,*,#3938,.F.);
#3941=ORIENTED_EDGE('',*,*,#3940,.F.);
#3943=ORIENTED_EDGE('',*,*,#3942,.F.);
#3945=ORIENTED_EDGE('',*,*,#3944,.F.);
#3947=ORIENTED_EDGE('',*,*,#3946,.F.);
#3949=ORIENTED_EDGE('',*,*,#3948,.F.);
#3950=EDGE_LOOP('',(#3927,#3929,#3931,#3933,#3935,#3937,#3939,#3941,#3943,#3945,
#3947,#3949));
#3951=FACE_OUTER_BOUND('',#3950,.F.);
#3953=ORIENTED_EDGE('',*,*,#3952,.T.);
#3955=ORIENTED_EDGE('',*,*,#3954,.T.);
#3957=ORIENTED_EDGE('',*,*,#3956,.T.);
#3959=ORIENTED_EDGE('',*,*,#3958,.T.);
#3961=ORIENTED_EDGE('',*,*,#3960,.T.);
#3963=ORIENTED_EDGE('',*,*,#3962,.T.);
#3965=ORIENTED_EDGE('',*,*,#3964,.T.);
#3967=ORIENTED_EDGE('',*,*,#3966,.T.);
#3968=EDGE_LOOP('',(#3953,#3955,#3957,#3959,#3961,#3963,#3965,#3967));
#3969=FACE_BOUND('',#3968,.F.);
#3970=ADVANCED_FACE('',(#3951,#3969),#3925,.T.);
#3971=CARTESIAN_POINT('',(-2.44E0,0.E0,-3.E-1));
#3972=DIRECTION('',(0.E0,1.E0,0.E0));
#3973=DIRECTION('',(1.E0,0.E0,0.E0));
#3974=AXIS2_PLACEMENT_3D('',#3971,#3972,#3973);
#3975=CYLINDRICAL_SURFACE('',#3974,1.E-1);
#3976=ORIENTED_EDGE('',*,*,#3952,.F.);
#3978=ORIENTED_EDGE('',*,*,#3977,.T.);
#3980=ORIENTED_EDGE('',*,*,#3979,.T.);
#3982=ORIENTED_EDGE('',*,*,#3981,.F.);
#3983=EDGE_LOOP('',(#3976,#3978,#3980,#3982));
#3984=FACE_OUTER_BOUND('',#3983,.F.);
#3985=ADVANCED_FACE('',(#3984),#3975,.F.);
#3986=CARTESIAN_POINT('',(2.44E0,0.E0,-4.E-1));
#3987=DIRECTION('',(0.E0,0.E0,-1.E0));
#3988=DIRECTION('',(-1.E0,0.E0,0.E0));
#3989=AXIS2_PLACEMENT_3D('',#3986,#3987,#3988);
#3990=PLANE('',#3989);
#3991=ORIENTED_EDGE('',*,*,#3966,.F.);
#3993=ORIENTED_EDGE('',*,*,#3992,.T.);
#3995=ORIENTED_EDGE('',*,*,#3994,.T.);
#3996=ORIENTED_EDGE('',*,*,#3977,.F.);
#3997=EDGE_LOOP('',(#3991,#3993,#3995,#3996));
#3998=FACE_OUTER_BOUND('',#3997,.F.);
#3999=ADVANCED_FACE('',(#3998),#3990,.F.);
#4000=CARTESIAN_POINT('',(2.44E0,0.E0,-3.E-1));
#4001=DIRECTION('',(0.E0,1.E0,0.E0));
#4002=DIRECTION('',(1.E0,0.E0,0.E0));
#4003=AXIS2_PLACEMENT_3D('',#4000,#4001,#4002);
#4004=CYLINDRICAL_SURFACE('',#4003,1.E-1);
#4005=ORIENTED_EDGE('',*,*,#3964,.F.);
#4007=ORIENTED_EDGE('',*,*,#4006,.T.);
#4009=ORIENTED_EDGE('',*,*,#4008,.T.);
#4010=ORIENTED_EDGE('',*,*,#3992,.F.);
#4011=EDGE_LOOP('',(#4005,#4007,#4009,#4010));
#4012=FACE_OUTER_BOUND('',#4011,.F.);
#4013=ADVANCED_FACE('',(#4012),#4004,.F.);
#4014=CARTESIAN_POINT('',(2.54E0,0.E0,3.E-1));
#4015=DIRECTION('',(1.E0,0.E0,0.E0));
#4016=DIRECTION('',(0.E0,0.E0,-1.E0));
#4017=AXIS2_PLACEMENT_3D('',#4014,#4015,#4016);
#4018=PLANE('',#4017);
#4019=ORIENTED_EDGE('',*,*,#3962,.F.);
#4021=ORIENTED_EDGE('',*,*,#4020,.T.);
#4023=ORIENTED_EDGE('',*,*,#4022,.T.);
#4024=ORIENTED_EDGE('',*,*,#4006,.F.);
#4025=EDGE_LOOP('',(#4019,#4021,#4023,#4024));
#4026=FACE_OUTER_BOUND('',#4025,.F.);
#4027=ADVANCED_FACE('',(#4026),#4018,.F.);
#4028=CARTESIAN_POINT('',(2.44E0,0.E0,3.E-1));
#4029=DIRECTION('',(0.E0,1.E0,0.E0));
#4030=DIRECTION('',(1.E0,0.E0,0.E0));
#4031=AXIS2_PLACEMENT_3D('',#4028,#4029,#4030);
#4032=CYLINDRICAL_SURFACE('',#4031,1.E-1);
#4033=ORIENTED_EDGE('',*,*,#3960,.F.);
#4035=ORIENTED_EDGE('',*,*,#4034,.T.);
#4037=ORIENTED_EDGE('',*,*,#4036,.T.);
#4038=ORIENTED_EDGE('',*,*,#4020,.F.);
#4039=EDGE_LOOP('',(#4033,#4035,#4037,#4038));
#4040=FACE_OUTER_BOUND('',#4039,.F.);
#4041=ADVANCED_FACE('',(#4040),#4032,.F.);
#4042=CARTESIAN_POINT('',(-2.44E0,0.E0,4.E-1));
#4043=DIRECTION('',(0.E0,0.E0,1.E0));
#4044=DIRECTION('',(1.E0,0.E0,0.E0));
#4045=AXIS2_PLACEMENT_3D('',#4042,#4043,#4044);
#4046=PLANE('',#4045);
#4047=ORIENTED_EDGE('',*,*,#3958,.F.);
#4049=ORIENTED_EDGE('',*,*,#4048,.T.);
#4051=ORIENTED_EDGE('',*,*,#4050,.T.);
#4052=ORIENTED_EDGE('',*,*,#4034,.F.);
#4053=EDGE_LOOP('',(#4047,#4049,#4051,#4052));
#4054=FACE_OUTER_BOUND('',#4053,.F.);
#4055=ADVANCED_FACE('',(#4054),#4046,.F.);
#4056=CARTESIAN_POINT('',(-2.44E0,0.E0,3.E-1));
#4057=DIRECTION('',(0.E0,1.E0,0.E0));
#4058=DIRECTION('',(1.E0,0.E0,0.E0));
#4059=AXIS2_PLACEMENT_3D('',#4056,#4057,#4058);
#4060=CYLINDRICAL_SURFACE('',#4059,1.E-1);
#4061=ORIENTED_EDGE('',*,*,#3956,.F.);
#4063=ORIENTED_EDGE('',*,*,#4062,.T.);
#4065=ORIENTED_EDGE('',*,*,#4064,.T.);
#4066=ORIENTED_EDGE('',*,*,#4048,.F.);
#4067=EDGE_LOOP('',(#4061,#4063,#4065,#4066));
#4068=FACE_OUTER_BOUND('',#4067,.F.);
#4069=ADVANCED_FACE('',(#4068),#4060,.F.);
#4070=CARTESIAN_POINT('',(-2.54E0,0.E0,-3.E-1));
#4071=DIRECTION('',(-1.E0,0.E0,0.E0));
#4072=DIRECTION('',(0.E0,0.E0,1.E0));
#4073=AXIS2_PLACEMENT_3D('',#4070,#4071,#4072);
#4074=PLANE('',#4073);
#4075=ORIENTED_EDGE('',*,*,#3954,.F.);
#4076=ORIENTED_EDGE('',*,*,#3981,.T.);
#4078=ORIENTED_EDGE('',*,*,#4077,.T.);
#4079=ORIENTED_EDGE('',*,*,#4062,.F.);
#4080=EDGE_LOOP('',(#4075,#4076,#4078,#4079));
#4081=FACE_OUTER_BOUND('',#4080,.F.);
#4082=ADVANCED_FACE('',(#4081),#4074,.F.);
#4083=CARTESIAN_POINT('',(0.E0,-5.4E-1,0.E0));
#4084=DIRECTION('',(0.E0,1.E0,0.E0));
#4085=DIRECTION('',(1.E0,0.E0,0.E0));
#4086=AXIS2_PLACEMENT_3D('',#4083,#4084,#4085);
#4087=PLANE('',#4086);
#4088=ORIENTED_EDGE('',*,*,#3979,.F.);
#4089=ORIENTED_EDGE('',*,*,#3994,.F.);
#4090=ORIENTED_EDGE('',*,*,#4008,.F.);
#4091=ORIENTED_EDGE('',*,*,#4022,.F.);
#4092=ORIENTED_EDGE('',*,*,#4036,.F.);
#4093=ORIENTED_EDGE('',*,*,#4050,.F.);
#4094=ORIENTED_EDGE('',*,*,#4064,.F.);
#4095=ORIENTED_EDGE('',*,*,#4077,.F.);
#4096=EDGE_LOOP('',(#4088,#4089,#4090,#4091,#4092,#4093,#4094,#4095));
#4097=FACE_OUTER_BOUND('',#4096,.F.);
#4098=ADVANCED_FACE('',(#4097),#4087,.T.);
#4099=CARTESIAN_POINT('',(2.845E0,-5.E-2,-7.7E-1));
#4100=DIRECTION('',(0.E0,7.071067811865E-1,-7.071067811865E-1));
#4101=DIRECTION('',(-1.E0,0.E0,0.E0));
#4102=AXIS2_PLACEMENT_3D('',#4099,#4100,#4101);
#4103=PLANE('',#4102);
#4105=ORIENTED_EDGE('',*,*,#4104,.T.);
#4107=ORIENTED_EDGE('',*,*,#4106,.F.);
#4109=ORIENTED_EDGE('',*,*,#4108,.F.);
#4110=ORIENTED_EDGE('',*,*,#3926,.T.);
#4111=EDGE_LOOP('',(#4105,#4107,#4109,#4110));
#4112=FACE_OUTER_BOUND('',#4111,.F.);
#4113=ADVANCED_FACE('',(#4112),#4103,.T.);
#4114=CARTESIAN_POINT('',(2.555E0,0.E0,-8.2E-1));
#4115=DIRECTION('',(-7.071067811865E-1,0.E0,-7.071067811865E-1));
#4116=DIRECTION('',(-7.071067811865E-1,0.E0,7.071067811865E-1));
#4117=AXIS2_PLACEMENT_3D('',#4114,#4115,#4116);
#4118=PLANE('',#4117);
#4119=ORIENTED_EDGE('',*,*,#4104,.F.);
#4120=ORIENTED_EDGE('',*,*,#3948,.T.);
#4122=ORIENTED_EDGE('',*,*,#4121,.T.);
#4124=ORIENTED_EDGE('',*,*,#4123,.F.);
#4126=ORIENTED_EDGE('',*,*,#4125,.F.);
#4127=EDGE_LOOP('',(#4119,#4120,#4122,#4124,#4126));
#4128=FACE_OUTER_BOUND('',#4127,.F.);
#4129=ADVANCED_FACE('',(#4128),#4118,.T.);
#4130=CARTESIAN_POINT('',(2.445E0,0.E0,-7.1E-1));
#4131=DIRECTION('',(0.E0,0.E0,-1.E0));
#4132=DIRECTION('',(-1.E0,0.E0,0.E0));
#4133=AXIS2_PLACEMENT_3D('',#4130,#4131,#4132);
#4134=PLANE('',#4133);
#4136=ORIENTED_EDGE('',*,*,#4135,.T.);
#4138=ORIENTED_EDGE('',*,*,#4137,.T.);
#4140=ORIENTED_EDGE('',*,*,#4139,.F.);
#4142=ORIENTED_EDGE('',*,*,#4141,.F.);
#4143=ORIENTED_EDGE('',*,*,#4121,.F.);
#4144=ORIENTED_EDGE('',*,*,#3946,.T.);
#4146=ORIENTED_EDGE('',*,*,#4145,.T.);
#4148=ORIENTED_EDGE('',*,*,#4147,.F.);
#4150=ORIENTED_EDGE('',*,*,#4149,.T.);
#4152=ORIENTED_EDGE('',*,*,#4151,.T.);
#4154=ORIENTED_EDGE('',*,*,#4153,.F.);
#4156=ORIENTED_EDGE('',*,*,#4155,.F.);
#4158=ORIENTED_EDGE('',*,*,#4157,.T.);
#4160=ORIENTED_EDGE('',*,*,#4159,.T.);
#4162=ORIENTED_EDGE('',*,*,#4161,.F.);
#4164=ORIENTED_EDGE('',*,*,#4163,.F.);
#4166=ORIENTED_EDGE('',*,*,#4165,.T.);
#4168=ORIENTED_EDGE('',*,*,#4167,.T.);
#4170=ORIENTED_EDGE('',*,*,#4169,.F.);
#4172=ORIENTED_EDGE('',*,*,#4171,.F.);
#4174=ORIENTED_EDGE('',*,*,#4173,.T.);
#4176=ORIENTED_EDGE('',*,*,#4175,.T.);
#4178=ORIENTED_EDGE('',*,*,#4177,.F.);
#4180=ORIENTED_EDGE('',*,*,#4179,.F.);
#4182=ORIENTED_EDGE('',*,*,#4181,.T.);
#4184=ORIENTED_EDGE('',*,*,#4183,.T.);
#4186=ORIENTED_EDGE('',*,*,#4185,.F.);
#4188=ORIENTED_EDGE('',*,*,#4187,.F.);
#4190=ORIENTED_EDGE('',*,*,#4189,.T.);
#4192=ORIENTED_EDGE('',*,*,#4191,.T.);
#4194=ORIENTED_EDGE('',*,*,#4193,.F.);
#4196=ORIENTED_EDGE('',*,*,#4195,.F.);
#4198=ORIENTED_EDGE('',*,*,#4197,.T.);
#4200=ORIENTED_EDGE('',*,*,#4199,.T.);
#4202=ORIENTED_EDGE('',*,*,#4201,.F.);
#4204=ORIENTED_EDGE('',*,*,#4203,.F.);
#4206=ORIENTED_EDGE('',*,*,#4205,.T.);
#4208=ORIENTED_EDGE('',*,*,#4207,.T.);
#4210=ORIENTED_EDGE('',*,*,#4209,.F.);
#4212=ORIENTED_EDGE('',*,*,#4211,.F.);
#4214=ORIENTED_EDGE('',*,*,#4213,.T.);
#4216=ORIENTED_EDGE('',*,*,#4215,.T.);
#4218=ORIENTED_EDGE('',*,*,#4217,.F.);
#4220=ORIENTED_EDGE('',*,*,#4219,.F.);
#4222=ORIENTED_EDGE('',*,*,#4221,.T.);
#4224=ORIENTED_EDGE('',*,*,#4223,.T.);
#4226=ORIENTED_EDGE('',*,*,#4225,.F.);
#4228=ORIENTED_EDGE('',*,*,#4227,.F.);
#4230=ORIENTED_EDGE('',*,*,#4229,.T.);
#4232=ORIENTED_EDGE('',*,*,#4231,.T.);
#4234=ORIENTED_EDGE('',*,*,#4233,.F.);
#4236=ORIENTED_EDGE('',*,*,#4235,.F.);
#4237=EDGE_LOOP('',(#4136,#4138,#4140,#4142,#4143,#4144,#4146,#4148,#4150,#4152,
#4154,#4156,#4158,#4160,#4162,#4164,#4166,#4168,#4170,#4172,#4174,#4176,#4178,
#4180,#4182,#4184,#4186,#4188,#4190,#4192,#4194,#4196,#4198,#4200,#4202,#4204,
#4206,#4208,#4210,#4212,#4214,#4216,#4218,#4220,#4222,#4224,#4226,#4228,#4230,
#4232,#4234,#4236));
#4238=FACE_OUTER_BOUND('',#4237,.F.);
#4239=ADVANCED_FACE('',(#4238),#4134,.T.);
#4240=CARTESIAN_POINT('',(2.13E0,0.E0,0.E0));
#4241=DIRECTION('',(1.E0,0.E0,0.E0));
#4242=DIRECTION('',(0.E0,0.E0,-1.E0));
#4243=AXIS2_PLACEMENT_3D('',#4240,#4241,#4242);
#4244=PLANE('',#4243);
#4246=ORIENTED_EDGE('',*,*,#4245,.T.);
#4247=ORIENTED_EDGE('',*,*,#4135,.F.);
#4249=ORIENTED_EDGE('',*,*,#4248,.T.);
#4251=ORIENTED_EDGE('',*,*,#4250,.T.);
#4253=ORIENTED_EDGE('',*,*,#4252,.T.);
#4255=ORIENTED_EDGE('',*,*,#4254,.T.);
#4257=ORIENTED_EDGE('',*,*,#4256,.T.);
#4259=ORIENTED_EDGE('',*,*,#4258,.T.);
#4260=EDGE_LOOP('',(#4246,#4247,#4249,#4251,#4253,#4255,#4257,#4259));
#4261=FACE_OUTER_BOUND('',#4260,.F.);
#4262=ADVANCED_FACE('',(#4261),#4244,.F.);
#4263=CARTESIAN_POINT('',(2.13E0,0.E0,0.E0));
#4264=DIRECTION('',(1.E0,0.E0,0.E0));
#4265=DIRECTION('',(0.E0,0.E0,-1.E0));
#4266=AXIS2_PLACEMENT_3D('',#4263,#4264,#4265);
#4267=PLANE('',#4266);
#4269=ORIENTED_EDGE('',*,*,#4268,.T.);
#4271=ORIENTED_EDGE('',*,*,#4270,.T.);
#4273=ORIENTED_EDGE('',*,*,#4272,.T.);
#4275=ORIENTED_EDGE('',*,*,#4274,.T.);
#4277=ORIENTED_EDGE('',*,*,#4276,.T.);
#4279=ORIENTED_EDGE('',*,*,#4278,.T.);
#4281=ORIENTED_EDGE('',*,*,#4280,.T.);
#4283=ORIENTED_EDGE('',*,*,#4282,.T.);
#4284=EDGE_LOOP('',(#4269,#4271,#4273,#4275,#4277,#4279,#4281,#4283));
#4285=FACE_OUTER_BOUND('',#4284,.F.);
#4286=ADVANCED_FACE('',(#4285),#4267,.F.);
#4287=CARTESIAN_POINT('',(2.13E0,-5.8E-1,-8.3E-1));
#4288=DIRECTION('',(0.E0,1.E0,0.E0));
#4289=DIRECTION('',(0.E0,0.E0,1.E0));
#4290=AXIS2_PLACEMENT_3D('',#4287,#4288,#4289);
#4291=PLANE('',#4290);
#4292=ORIENTED_EDGE('',*,*,#4245,.F.);
#4294=ORIENTED_EDGE('',*,*,#4293,.T.);
#4296=ORIENTED_EDGE('',*,*,#4295,.T.);
#4297=ORIENTED_EDGE('',*,*,#4137,.F.);
#4298=EDGE_LOOP('',(#4292,#4294,#4296,#4297));
#4299=FACE_OUTER_BOUND('',#4298,.F.);
#4300=ADVANCED_FACE('',(#4299),#4291,.T.);
#4301=CARTESIAN_POINT('',(2.13E0,-6.E-1,-8.5E-1));
#4302=DIRECTION('',(0.E0,7.071067811865E-1,-7.071067811866E-1));
#4303=DIRECTION('',(0.E0,7.071067811866E-1,7.071067811865E-1));
#4304=AXIS2_PLACEMENT_3D('',#4301,#4302,#4303);
#4305=PLANE('',#4304);
#4306=ORIENTED_EDGE('',*,*,#4258,.F.);
#4308=ORIENTED_EDGE('',*,*,#4307,.T.);
#4310=ORIENTED_EDGE('',*,*,#4309,.T.);
#4311=ORIENTED_EDGE('',*,*,#4293,.F.);
#4312=EDGE_LOOP('',(#4306,#4308,#4310,#4311));
#4313=FACE_OUTER_BOUND('',#4312,.F.);
#4314=ADVANCED_FACE('',(#4313),#4305,.T.);
#4315=CARTESIAN_POINT('',(2.13E0,-6.E-1,-1.05E0));
#4316=DIRECTION('',(0.E0,1.E0,0.E0));
#4317=DIRECTION('',(0.E0,0.E0,1.E0));
#4318=AXIS2_PLACEMENT_3D('',#4315,#4316,#4317);
#4319=PLANE('',#4318);
#4320=ORIENTED_EDGE('',*,*,#4256,.F.);
#4322=ORIENTED_EDGE('',*,*,#4321,.T.);
#4324=ORIENTED_EDGE('',*,*,#4323,.T.);
#4325=ORIENTED_EDGE('',*,*,#4307,.F.);
#4326=EDGE_LOOP('',(#4320,#4322,#4324,#4325));
#4327=FACE_OUTER_BOUND('',#4326,.F.);
#4328=ADVANCED_FACE('',(#4327),#4319,.T.);
#4329=CARTESIAN_POINT('',(2.13E0,-6.8E-1,-1.05E0));
#4330=DIRECTION('',(0.E0,0.E0,-1.E0));
#4331=DIRECTION('',(0.E0,1.E0,0.E0));
#4332=AXIS2_PLACEMENT_3D('',#4329,#4330,#4331);
#4333=PLANE('',#4332);
#4334=ORIENTED_EDGE('',*,*,#4254,.F.);
#4336=ORIENTED_EDGE('',*,*,#4335,.T.);
#4338=ORIENTED_EDGE('',*,*,#4337,.T.);
#4339=ORIENTED_EDGE('',*,*,#4321,.F.);
#4340=EDGE_LOOP('',(#4334,#4336,#4338,#4339));
#4341=FACE_OUTER_BOUND('',#4340,.F.);
#4342=ADVANCED_FACE('',(#4341),#4333,.T.);
#4343=CARTESIAN_POINT('',(2.13E0,-6.8E-1,-8.5E-1));
#4344=DIRECTION('',(0.E0,-1.E0,0.E0));
#4345=DIRECTION('',(0.E0,0.E0,-1.E0));
#4346=AXIS2_PLACEMENT_3D('',#4343,#4344,#4345);
#4347=PLANE('',#4346);
#4348=ORIENTED_EDGE('',*,*,#4252,.F.);
#4350=ORIENTED_EDGE('',*,*,#4349,.T.);
#4352=ORIENTED_EDGE('',*,*,#4351,.T.);
#4353=ORIENTED_EDGE('',*,*,#4335,.F.);
#4354=EDGE_LOOP('',(#4348,#4350,#4352,#4353));
#4355=FACE_OUTER_BOUND('',#4354,.F.);
#4356=ADVANCED_FACE('',(#4355),#4347,.T.);
#4357=CARTESIAN_POINT('',(2.13E0,-6.6E-1,-8.3E-1));
#4358=DIRECTION('',(0.E0,-7.071067811865E-1,7.071067811866E-1));
#4359=DIRECTION('',(0.E0,-7.071067811866E-1,-7.071067811865E-1));
#4360=AXIS2_PLACEMENT_3D('',#4357,#4358,#4359);
#4361=PLANE('',#4360);
#4362=ORIENTED_EDGE('',*,*,#4250,.F.);
#4364=ORIENTED_EDGE('',*,*,#4363,.T.);
#4366=ORIENTED_EDGE('',*,*,#4365,.T.);
#4367=ORIENTED_EDGE('',*,*,#4349,.F.);
#4368=EDGE_LOOP('',(#4362,#4364,#4366,#4367));
#4369=FACE_OUTER_BOUND('',#4368,.F.);
#4370=ADVANCED_FACE('',(#4369),#4361,.T.);
#4371=CARTESIAN_POINT('',(0.E0,-6.6E-1,0.E0));
#4372=DIRECTION('',(0.E0,1.E0,0.E0));
#4373=DIRECTION('',(1.E0,0.E0,0.E0));
#4374=AXIS2_PLACEMENT_3D('',#4371,#4372,#4373);
#4375=PLANE('',#4374);
#4377=ORIENTED_EDGE('',*,*,#4376,.T.);
#4378=ORIENTED_EDGE('',*,*,#4268,.F.);
#4380=ORIENTED_EDGE('',*,*,#4379,.T.);
#4382=ORIENTED_EDGE('',*,*,#4381,.T.);
#4384=ORIENTED_EDGE('',*,*,#4383,.T.);
#4386=ORIENTED_EDGE('',*,*,#4385,.T.);
#4388=ORIENTED_EDGE('',*,*,#4387,.T.);
#4390=ORIENTED_EDGE('',*,*,#4389,.T.);
#4392=ORIENTED_EDGE('',*,*,#4391,.T.);
#4393=ORIENTED_EDGE('',*,*,#4123,.T.);
#4394=ORIENTED_EDGE('',*,*,#4141,.T.);
#4396=ORIENTED_EDGE('',*,*,#4395,.T.);
#4397=ORIENTED_EDGE('',*,*,#4363,.F.);
#4398=ORIENTED_EDGE('',*,*,#4248,.F.);
#4399=ORIENTED_EDGE('',*,*,#4235,.T.);
#4401=ORIENTED_EDGE('',*,*,#4400,.T.);
#4403=ORIENTED_EDGE('',*,*,#4402,.F.);
#4405=ORIENTED_EDGE('',*,*,#4404,.F.);
#4406=ORIENTED_EDGE('',*,*,#4227,.T.);
#4408=ORIENTED_EDGE('',*,*,#4407,.T.);
#4410=ORIENTED_EDGE('',*,*,#4409,.F.);
#4412=ORIENTED_EDGE('',*,*,#4411,.F.);
#4413=ORIENTED_EDGE('',*,*,#4219,.T.);
#4415=ORIENTED_EDGE('',*,*,#4414,.T.);
#4417=ORIENTED_EDGE('',*,*,#4416,.F.);
#4419=ORIENTED_EDGE('',*,*,#4418,.F.);
#4420=ORIENTED_EDGE('',*,*,#4211,.T.);
#4422=ORIENTED_EDGE('',*,*,#4421,.T.);
#4424=ORIENTED_EDGE('',*,*,#4423,.F.);
#4426=ORIENTED_EDGE('',*,*,#4425,.F.);
#4427=ORIENTED_EDGE('',*,*,#4203,.T.);
#4429=ORIENTED_EDGE('',*,*,#4428,.T.);
#4431=ORIENTED_EDGE('',*,*,#4430,.F.);
#4433=ORIENTED_EDGE('',*,*,#4432,.F.);
#4434=ORIENTED_EDGE('',*,*,#4195,.T.);
#4436=ORIENTED_EDGE('',*,*,#4435,.T.);
#4438=ORIENTED_EDGE('',*,*,#4437,.F.);
#4440=ORIENTED_EDGE('',*,*,#4439,.F.);
#4441=ORIENTED_EDGE('',*,*,#4187,.T.);
#4443=ORIENTED_EDGE('',*,*,#4442,.T.);
#4445=ORIENTED_EDGE('',*,*,#4444,.F.);
#4447=ORIENTED_EDGE('',*,*,#4446,.F.);
#4448=ORIENTED_EDGE('',*,*,#4179,.T.);
#4450=ORIENTED_EDGE('',*,*,#4449,.T.);
#4452=ORIENTED_EDGE('',*,*,#4451,.F.);
#4454=ORIENTED_EDGE('',*,*,#4453,.F.);
#4455=ORIENTED_EDGE('',*,*,#4171,.T.);
#4457=ORIENTED_EDGE('',*,*,#4456,.T.);
#4459=ORIENTED_EDGE('',*,*,#4458,.F.);
#4461=ORIENTED_EDGE('',*,*,#4460,.F.);
#4462=ORIENTED_EDGE('',*,*,#4163,.T.);
#4464=ORIENTED_EDGE('',*,*,#4463,.T.);
#4466=ORIENTED_EDGE('',*,*,#4465,.F.);
#4468=ORIENTED_EDGE('',*,*,#4467,.F.);
#4469=ORIENTED_EDGE('',*,*,#4155,.T.);
#4471=ORIENTED_EDGE('',*,*,#4470,.T.);
#4473=ORIENTED_EDGE('',*,*,#4472,.F.);
#4475=ORIENTED_EDGE('',*,*,#4474,.F.);
#4476=ORIENTED_EDGE('',*,*,#4147,.T.);
#4478=ORIENTED_EDGE('',*,*,#4477,.T.);
#4480=ORIENTED_EDGE('',*,*,#4479,.T.);
#4482=ORIENTED_EDGE('',*,*,#4481,.F.);
#4484=ORIENTED_EDGE('',*,*,#4483,.T.);
#4486=ORIENTED_EDGE('',*,*,#4485,.T.);
#4488=ORIENTED_EDGE('',*,*,#4487,.T.);
#4490=ORIENTED_EDGE('',*,*,#4489,.F.);
#4492=ORIENTED_EDGE('',*,*,#4491,.T.);
#4494=ORIENTED_EDGE('',*,*,#4493,.T.);
#4496=ORIENTED_EDGE('',*,*,#4495,.T.);
#4498=ORIENTED_EDGE('',*,*,#4497,.F.);
#4500=ORIENTED_EDGE('',*,*,#4499,.T.);
#4502=ORIENTED_EDGE('',*,*,#4501,.T.);
#4504=ORIENTED_EDGE('',*,*,#4503,.T.);
#4506=ORIENTED_EDGE('',*,*,#4505,.F.);
#4508=ORIENTED_EDGE('',*,*,#4507,.T.);
#4510=ORIENTED_EDGE('',*,*,#4509,.T.);
#4512=ORIENTED_EDGE('',*,*,#4511,.T.);
#4514=ORIENTED_EDGE('',*,*,#4513,.F.);
#4516=ORIENTED_EDGE('',*,*,#4515,.T.);
#4518=ORIENTED_EDGE('',*,*,#4517,.T.);
#4520=ORIENTED_EDGE('',*,*,#4519,.T.);
#4522=ORIENTED_EDGE('',*,*,#4521,.F.);
#4524=ORIENTED_EDGE('',*,*,#4523,.T.);
#4526=ORIENTED_EDGE('',*,*,#4525,.T.);
#4528=ORIENTED_EDGE('',*,*,#4527,.T.);
#4530=ORIENTED_EDGE('',*,*,#4529,.F.);
#4532=ORIENTED_EDGE('',*,*,#4531,.T.);
#4534=ORIENTED_EDGE('',*,*,#4533,.T.);
#4536=ORIENTED_EDGE('',*,*,#4535,.T.);
#4538=ORIENTED_EDGE('',*,*,#4537,.F.);
#4540=ORIENTED_EDGE('',*,*,#4539,.T.);
#4542=ORIENTED_EDGE('',*,*,#4541,.T.);
#4544=ORIENTED_EDGE('',*,*,#4543,.T.);
#4546=ORIENTED_EDGE('',*,*,#4545,.F.);
#4548=ORIENTED_EDGE('',*,*,#4547,.T.);
#4550=ORIENTED_EDGE('',*,*,#4549,.T.);
#4552=ORIENTED_EDGE('',*,*,#4551,.T.);
#4554=ORIENTED_EDGE('',*,*,#4553,.F.);
#4556=ORIENTED_EDGE('',*,*,#4555,.T.);
#4558=ORIENTED_EDGE('',*,*,#4557,.T.);
#4560=ORIENTED_EDGE('',*,*,#4559,.T.);
#4562=ORIENTED_EDGE('',*,*,#4561,.F.);
#4564=ORIENTED_EDGE('',*,*,#4563,.T.);
#4566=ORIENTED_EDGE('',*,*,#4565,.T.);
#4568=ORIENTED_EDGE('',*,*,#4567,.T.);
#4570=ORIENTED_EDGE('',*,*,#4569,.F.);
#4572=ORIENTED_EDGE('',*,*,#4571,.T.);
#4574=ORIENTED_EDGE('',*,*,#4573,.T.);
#4575=EDGE_LOOP('',(#4377,#4378,#4380,#4382,#4384,#4386,#4388,#4390,#4392,#4393,
#4394,#4396,#4397,#4398,#4399,#4401,#4403,#4405,#4406,#4408,#4410,#4412,#4413,
#4415,#4417,#4419,#4420,#4422,#4424,#4426,#4427,#4429,#4431,#4433,#4434,#4436,
#4438,#4440,#4441,#4443,#4445,#4447,#4448,#4450,#4452,#4454,#4455,#4457,#4459,
#4461,#4462,#4464,#4466,#4468,#4469,#4471,#4473,#4475,#4476,#4478,#4480,#4482,
#4484,#4486,#4488,#4490,#4492,#4494,#4496,#4498,#4500,#4502,#4504,#4506,#4508,
#4510,#4512,#4514,#4516,#4518,#4520,#4522,#4524,#4526,#4528,#4530,#4532,#4534,
#4536,#4538,#4540,#4542,#4544,#4546,#4548,#4550,#4552,#4554,#4556,#4558,#4560,
#4562,#4564,#4566,#4568,#4570,#4572,#4574));
#4576=FACE_OUTER_BOUND('',#4575,.F.);
#4577=ADVANCED_FACE('',(#4576),#4375,.F.);
#4578=CARTESIAN_POINT('',(-2.445E0,0.E0,7.1E-1));
#4579=DIRECTION('',(0.E0,0.E0,1.E0));
#4580=DIRECTION('',(1.E0,0.E0,0.E0));
#4581=AXIS2_PLACEMENT_3D('',#4578,#4579,#4580);
#4582=PLANE('',#4581);
#4583=ORIENTED_EDGE('',*,*,#4270,.F.);
#4584=ORIENTED_EDGE('',*,*,#4376,.F.);
#4586=ORIENTED_EDGE('',*,*,#4585,.T.);
#4588=ORIENTED_EDGE('',*,*,#4587,.F.);
#4590=ORIENTED_EDGE('',*,*,#4589,.F.);
#4591=ORIENTED_EDGE('',*,*,#4567,.F.);
#4593=ORIENTED_EDGE('',*,*,#4592,.T.);
#4595=ORIENTED_EDGE('',*,*,#4594,.F.);
#4597=ORIENTED_EDGE('',*,*,#4596,.F.);
#4598=ORIENTED_EDGE('',*,*,#4559,.F.);
#4600=ORIENTED_EDGE('',*,*,#4599,.T.);
#4602=ORIENTED_EDGE('',*,*,#4601,.F.);
#4604=ORIENTED_EDGE('',*,*,#4603,.F.);
#4605=ORIENTED_EDGE('',*,*,#4551,.F.);
#4607=ORIENTED_EDGE('',*,*,#4606,.T.);
#4609=ORIENTED_EDGE('',*,*,#4608,.F.);
#4611=ORIENTED_EDGE('',*,*,#4610,.F.);
#4612=ORIENTED_EDGE('',*,*,#4543,.F.);
#4614=ORIENTED_EDGE('',*,*,#4613,.T.);
#4616=ORIENTED_EDGE('',*,*,#4615,.F.);
#4618=ORIENTED_EDGE('',*,*,#4617,.F.);
#4619=ORIENTED_EDGE('',*,*,#4535,.F.);
#4621=ORIENTED_EDGE('',*,*,#4620,.T.);
#4623=ORIENTED_EDGE('',*,*,#4622,.F.);
#4625=ORIENTED_EDGE('',*,*,#4624,.F.);
#4626=ORIENTED_EDGE('',*,*,#4527,.F.);
#4628=ORIENTED_EDGE('',*,*,#4627,.T.);
#4630=ORIENTED_EDGE('',*,*,#4629,.F.);
#4632=ORIENTED_EDGE('',*,*,#4631,.F.);
#4633=ORIENTED_EDGE('',*,*,#4519,.F.);
#4635=ORIENTED_EDGE('',*,*,#4634,.T.);
#4637=ORIENTED_EDGE('',*,*,#4636,.F.);
#4639=ORIENTED_EDGE('',*,*,#4638,.F.);
#4640=ORIENTED_EDGE('',*,*,#4511,.F.);
#4642=ORIENTED_EDGE('',*,*,#4641,.T.);
#4644=ORIENTED_EDGE('',*,*,#4643,.F.);
#4646=ORIENTED_EDGE('',*,*,#4645,.F.);
#4647=ORIENTED_EDGE('',*,*,#4503,.F.);
#4649=ORIENTED_EDGE('',*,*,#4648,.T.);
#4651=ORIENTED_EDGE('',*,*,#4650,.F.);
#4653=ORIENTED_EDGE('',*,*,#4652,.F.);
#4654=ORIENTED_EDGE('',*,*,#4495,.F.);
#4656=ORIENTED_EDGE('',*,*,#4655,.T.);
#4658=ORIENTED_EDGE('',*,*,#4657,.F.);
#4660=ORIENTED_EDGE('',*,*,#4659,.F.);
#4661=ORIENTED_EDGE('',*,*,#4487,.F.);
#4663=ORIENTED_EDGE('',*,*,#4662,.F.);
#4664=ORIENTED_EDGE('',*,*,#3934,.T.);
#4666=ORIENTED_EDGE('',*,*,#4665,.T.);
#4667=ORIENTED_EDGE('',*,*,#4383,.F.);
#4669=ORIENTED_EDGE('',*,*,#4668,.T.);
#4671=ORIENTED_EDGE('',*,*,#4670,.F.);
#4672=EDGE_LOOP('',(#4583,#4584,#4586,#4588,#4590,#4591,#4593,#4595,#4597,#4598,
#4600,#4602,#4604,#4605,#4607,#4609,#4611,#4612,#4614,#4616,#4618,#4619,#4621,
#4623,#4625,#4626,#4628,#4630,#4632,#4633,#4635,#4637,#4639,#4640,#4642,#4644,
#4646,#4647,#4649,#4651,#4653,#4654,#4656,#4658,#4660,#4661,#4663,#4664,#4666,
#4667,#4669,#4671));
#4673=FACE_OUTER_BOUND('',#4672,.F.);
#4674=ADVANCED_FACE('',(#4673),#4582,.T.);
#4675=CARTESIAN_POINT('',(1.87E0,0.E0,0.E0));
#4676=DIRECTION('',(1.E0,0.E0,0.E0));
#4677=DIRECTION('',(0.E0,0.E0,-1.E0));
#4678=AXIS2_PLACEMENT_3D('',#4675,#4676,#4677);
#4679=PLANE('',#4678);
#4681=ORIENTED_EDGE('',*,*,#4680,.F.);
#4683=ORIENTED_EDGE('',*,*,#4682,.F.);
#4685=ORIENTED_EDGE('',*,*,#4684,.F.);
#4687=ORIENTED_EDGE('',*,*,#4686,.F.);
#4689=ORIENTED_EDGE('',*,*,#4688,.F.);
#4691=ORIENTED_EDGE('',*,*,#4690,.F.);
#4692=ORIENTED_EDGE('',*,*,#4400,.F.);
#4693=ORIENTED_EDGE('',*,*,#4233,.T.);
#4694=EDGE_LOOP('',(#4681,#4683,#4685,#4687,#4689,#4691,#4692,#4693));
#4695=FACE_OUTER_BOUND('',#4694,.F.);
#4696=ADVANCED_FACE('',(#4695),#4679,.T.);
#4697=CARTESIAN_POINT('',(1.87E0,0.E0,0.E0));
#4698=DIRECTION('',(1.E0,0.E0,0.E0));
#4699=DIRECTION('',(0.E0,0.E0,-1.E0));
#4700=AXIS2_PLACEMENT_3D('',#4697,#4698,#4699);
#4701=PLANE('',#4700);
#4702=ORIENTED_EDGE('',*,*,#4573,.F.);
#4704=ORIENTED_EDGE('',*,*,#4703,.F.);
#4706=ORIENTED_EDGE('',*,*,#4705,.F.);
#4708=ORIENTED_EDGE('',*,*,#4707,.F.);
#4710=ORIENTED_EDGE('',*,*,#4709,.F.);
#4712=ORIENTED_EDGE('',*,*,#4711,.F.);
#4714=ORIENTED_EDGE('',*,*,#4713,.F.);
#4715=ORIENTED_EDGE('',*,*,#4585,.F.);
#4716=EDGE_LOOP('',(#4702,#4704,#4706,#4708,#4710,#4712,#4714,#4715));
#4717=FACE_OUTER_BOUND('',#4716,.F.);
#4718=ADVANCED_FACE('',(#4717),#4701,.T.);
#4719=CARTESIAN_POINT('',(1.73E0,-5.8E-1,-8.3E-1));
#4720=DIRECTION('',(0.E0,1.E0,0.E0));
#4721=DIRECTION('',(0.E0,0.E0,1.E0));
#4722=AXIS2_PLACEMENT_3D('',#4719,#4720,#4721);
#4723=PLANE('',#4722);
#4725=ORIENTED_EDGE('',*,*,#4724,.F.);
#4727=ORIENTED_EDGE('',*,*,#4726,.T.);
#4728=ORIENTED_EDGE('',*,*,#4680,.T.);
#4729=ORIENTED_EDGE('',*,*,#4231,.F.);
#4730=EDGE_LOOP('',(#4725,#4727,#4728,#4729));
#4731=FACE_OUTER_BOUND('',#4730,.F.);
#4732=ADVANCED_FACE('',(#4731),#4723,.T.);
#4733=CARTESIAN_POINT('',(1.73E0,0.E0,0.E0));
#4734=DIRECTION('',(1.E0,0.E0,0.E0));
#4735=DIRECTION('',(0.E0,0.E0,-1.E0));
#4736=AXIS2_PLACEMENT_3D('',#4733,#4734,#4735);
#4737=PLANE('',#4736);
#4738=ORIENTED_EDGE('',*,*,#4724,.T.);
#4739=ORIENTED_EDGE('',*,*,#4229,.F.);
#4740=ORIENTED_EDGE('',*,*,#4404,.T.);
#4742=ORIENTED_EDGE('',*,*,#4741,.T.);
#4744=ORIENTED_EDGE('',*,*,#4743,.T.);
#4746=ORIENTED_EDGE('',*,*,#4745,.T.);
#4748=ORIENTED_EDGE('',*,*,#4747,.T.);
#4750=ORIENTED_EDGE('',*,*,#4749,.T.);
#4751=EDGE_LOOP('',(#4738,#4739,#4740,#4742,#4744,#4746,#4748,#4750));
#4752=FACE_OUTER_BOUND('',#4751,.F.);
#4753=ADVANCED_FACE('',(#4752),#4737,.F.);
#4754=CARTESIAN_POINT('',(1.73E0,0.E0,0.E0));
#4755=DIRECTION('',(1.E0,0.E0,0.E0));
#4756=DIRECTION('',(0.E0,0.E0,-1.E0));
#4757=AXIS2_PLACEMENT_3D('',#4754,#4755,#4756);
#4758=PLANE('',#4757);
#4759=ORIENTED_EDGE('',*,*,#4569,.T.);
#4760=ORIENTED_EDGE('',*,*,#4589,.T.);
#4762=ORIENTED_EDGE('',*,*,#4761,.T.);
#4764=ORIENTED_EDGE('',*,*,#4763,.T.);
#4766=ORIENTED_EDGE('',*,*,#4765,.T.);
#4768=ORIENTED_EDGE('',*,*,#4767,.T.);
#4770=ORIENTED_EDGE('',*,*,#4769,.T.);
#4772=ORIENTED_EDGE('',*,*,#4771,.T.);
#4773=EDGE_LOOP('',(#4759,#4760,#4762,#4764,#4766,#4768,#4770,#4772));
#4774=FACE_OUTER_BOUND('',#4773,.F.);
#4775=ADVANCED_FACE('',(#4774),#4758,.F.);
#4776=CARTESIAN_POINT('',(1.73E0,-6.6E-1,-8.3E-1));
#4777=DIRECTION('',(0.E0,-7.071067811865E-1,7.071067811866E-1));
#4778=DIRECTION('',(0.E0,-7.071067811866E-1,-7.071067811865E-1));
#4779=AXIS2_PLACEMENT_3D('',#4776,#4777,#4778);
#4780=PLANE('',#4779);
#4781=ORIENTED_EDGE('',*,*,#4741,.F.);
#4782=ORIENTED_EDGE('',*,*,#4402,.T.);
#4783=ORIENTED_EDGE('',*,*,#4690,.T.);
#4785=ORIENTED_EDGE('',*,*,#4784,.F.);
#4786=EDGE_LOOP('',(#4781,#4782,#4783,#4785));
#4787=FACE_OUTER_BOUND('',#4786,.F.);
#4788=ADVANCED_FACE('',(#4787),#4780,.T.);
#4789=CARTESIAN_POINT('',(1.73E0,-6.8E-1,-8.5E-1));
#4790=DIRECTION('',(0.E0,-1.E0,0.E0));
#4791=DIRECTION('',(0.E0,0.E0,-1.E0));
#4792=AXIS2_PLACEMENT_3D('',#4789,#4790,#4791);
#4793=PLANE('',#4792);
#4794=ORIENTED_EDGE('',*,*,#4743,.F.);
#4795=ORIENTED_EDGE('',*,*,#4784,.T.);
#4796=ORIENTED_EDGE('',*,*,#4688,.T.);
#4798=ORIENTED_EDGE('',*,*,#4797,.F.);
#4799=EDGE_LOOP('',(#4794,#4795,#4796,#4798));
#4800=FACE_OUTER_BOUND('',#4799,.F.);
#4801=ADVANCED_FACE('',(#4800),#4793,.T.);
#4802=CARTESIAN_POINT('',(1.73E0,-6.8E-1,-1.05E0));
#4803=DIRECTION('',(0.E0,0.E0,-1.E0));
#4804=DIRECTION('',(0.E0,1.E0,0.E0));
#4805=AXIS2_PLACEMENT_3D('',#4802,#4803,#4804);
#4806=PLANE('',#4805);
#4807=ORIENTED_EDGE('',*,*,#4745,.F.);
#4808=ORIENTED_EDGE('',*,*,#4797,.T.);
#4809=ORIENTED_EDGE('',*,*,#4686,.T.);
#4811=ORIENTED_EDGE('',*,*,#4810,.F.);
#4812=EDGE_LOOP('',(#4807,#4808,#4809,#4811));
#4813=FACE_OUTER_BOUND('',#4812,.F.);
#4814=ADVANCED_FACE('',(#4813),#4806,.T.);
#4815=CARTESIAN_POINT('',(1.73E0,-6.E-1,-1.05E0));
#4816=DIRECTION('',(0.E0,1.E0,0.E0));
#4817=DIRECTION('',(0.E0,0.E0,1.E0));
#4818=AXIS2_PLACEMENT_3D('',#4815,#4816,#4817);
#4819=PLANE('',#4818);
#4820=ORIENTED_EDGE('',*,*,#4747,.F.);
#4821=ORIENTED_EDGE('',*,*,#4810,.T.);
#4822=ORIENTED_EDGE('',*,*,#4684,.T.);
#4824=ORIENTED_EDGE('',*,*,#4823,.F.);
#4825=EDGE_LOOP('',(#4820,#4821,#4822,#4824));
#4826=FACE_OUTER_BOUND('',#4825,.F.);
#4827=ADVANCED_FACE('',(#4826),#4819,.T.);
#4828=CARTESIAN_POINT('',(1.73E0,-6.E-1,-8.5E-1));
#4829=DIRECTION('',(0.E0,7.071067811865E-1,-7.071067811866E-1));
#4830=DIRECTION('',(0.E0,7.071067811866E-1,7.071067811865E-1));
#4831=AXIS2_PLACEMENT_3D('',#4828,#4829,#4830);
#4832=PLANE('',#4831);
#4833=ORIENTED_EDGE('',*,*,#4749,.F.);
#4834=ORIENTED_EDGE('',*,*,#4823,.T.);
#4835=ORIENTED_EDGE('',*,*,#4682,.T.);
#4836=ORIENTED_EDGE('',*,*,#4726,.F.);
#4837=EDGE_LOOP('',(#4833,#4834,#4835,#4836));
#4838=FACE_OUTER_BOUND('',#4837,.F.);
#4839=ADVANCED_FACE('',(#4838),#4832,.T.);
#4840=CARTESIAN_POINT('',(1.73E0,-5.8E-1,7.1E-1));
#4841=DIRECTION('',(0.E0,1.E0,0.E0));
#4842=DIRECTION('',(0.E0,0.E0,1.E0));
#4843=AXIS2_PLACEMENT_3D('',#4840,#4841,#4842);
#4844=PLANE('',#4843);
#4845=ORIENTED_EDGE('',*,*,#4761,.F.);
#4846=ORIENTED_EDGE('',*,*,#4587,.T.);
#4847=ORIENTED_EDGE('',*,*,#4713,.T.);
#4849=ORIENTED_EDGE('',*,*,#4848,.F.);
#4850=EDGE_LOOP('',(#4845,#4846,#4847,#4849));
#4851=FACE_OUTER_BOUND('',#4850,.F.);
#4852=ADVANCED_FACE('',(#4851),#4844,.T.);
#4853=CARTESIAN_POINT('',(1.73E0,-5.8E-1,8.3E-1));
#4854=DIRECTION('',(0.E0,7.071067811865E-1,7.071067811866E-1));
#4855=DIRECTION('',(0.E0,-7.071067811866E-1,7.071067811865E-1));
#4856=AXIS2_PLACEMENT_3D('',#4853,#4854,#4855);
#4857=PLANE('',#4856);
#4858=ORIENTED_EDGE('',*,*,#4763,.F.);
#4859=ORIENTED_EDGE('',*,*,#4848,.T.);
#4860=ORIENTED_EDGE('',*,*,#4711,.T.);
#4862=ORIENTED_EDGE('',*,*,#4861,.F.);
#4863=EDGE_LOOP('',(#4858,#4859,#4860,#4862));
#4864=FACE_OUTER_BOUND('',#4863,.F.);
#4865=ADVANCED_FACE('',(#4864),#4857,.T.);
#4866=CARTESIAN_POINT('',(1.73E0,-6.E-1,8.5E-1));
#4867=DIRECTION('',(0.E0,1.E0,0.E0));
#4868=DIRECTION('',(0.E0,0.E0,1.E0));
#4869=AXIS2_PLACEMENT_3D('',#4866,#4867,#4868);
#4870=PLANE('',#4869);
#4871=ORIENTED_EDGE('',*,*,#4765,.F.);
#4872=ORIENTED_EDGE('',*,*,#4861,.T.);
#4873=ORIENTED_EDGE('',*,*,#4709,.T.);
#4875=ORIENTED_EDGE('',*,*,#4874,.F.);
#4876=EDGE_LOOP('',(#4871,#4872,#4873,#4875));
#4877=FACE_OUTER_BOUND('',#4876,.F.);
#4878=ADVANCED_FACE('',(#4877),#4870,.T.);
#4879=CARTESIAN_POINT('',(1.73E0,-6.E-1,1.05E0));
#4880=DIRECTION('',(0.E0,0.E0,1.E0));
#4881=DIRECTION('',(0.E0,-1.E0,0.E0));
#4882=AXIS2_PLACEMENT_3D('',#4879,#4880,#4881);
#4883=PLANE('',#4882);
#4884=ORIENTED_EDGE('',*,*,#4767,.F.);
#4885=ORIENTED_EDGE('',*,*,#4874,.T.);
#4886=ORIENTED_EDGE('',*,*,#4707,.T.);
#4888=ORIENTED_EDGE('',*,*,#4887,.F.);
#4889=EDGE_LOOP('',(#4884,#4885,#4886,#4888));
#4890=FACE_OUTER_BOUND('',#4889,.F.);
#4891=ADVANCED_FACE('',(#4890),#4883,.T.);
#4892=CARTESIAN_POINT('',(1.73E0,-6.8E-1,1.05E0));
#4893=DIRECTION('',(0.E0,-1.E0,0.E0));
#4894=DIRECTION('',(0.E0,0.E0,-1.E0));
#4895=AXIS2_PLACEMENT_3D('',#4892,#4893,#4894);
#4896=PLANE('',#4895);
#4897=ORIENTED_EDGE('',*,*,#4769,.F.);
#4898=ORIENTED_EDGE('',*,*,#4887,.T.);
#4899=ORIENTED_EDGE('',*,*,#4705,.T.);
#4901=ORIENTED_EDGE('',*,*,#4900,.F.);
#4902=EDGE_LOOP('',(#4897,#4898,#4899,#4901));
#4903=FACE_OUTER_BOUND('',#4902,.F.);
#4904=ADVANCED_FACE('',(#4903),#4896,.T.);
#4905=CARTESIAN_POINT('',(1.73E0,-6.8E-1,8.5E-1));
#4906=DIRECTION('',(0.E0,-7.071067811865E-1,-7.071067811866E-1));
#4907=DIRECTION('',(0.E0,7.071067811866E-1,-7.071067811865E-1));
#4908=AXIS2_PLACEMENT_3D('',#4905,#4906,#4907);
#4909=PLANE('',#4908);
#4910=ORIENTED_EDGE('',*,*,#4771,.F.);
#4911=ORIENTED_EDGE('',*,*,#4900,.T.);
#4912=ORIENTED_EDGE('',*,*,#4703,.T.);
#4913=ORIENTED_EDGE('',*,*,#4571,.F.);
#4914=EDGE_LOOP('',(#4910,#4911,#4912,#4913));
#4915=FACE_OUTER_BOUND('',#4914,.F.);
#4916=ADVANCED_FACE('',(#4915),#4909,.T.);
#4917=CARTESIAN_POINT('',(1.47E0,0.E0,0.E0));
#4918=DIRECTION('',(1.E0,0.E0,0.E0));
#4919=DIRECTION('',(0.E0,0.E0,-1.E0));
#4920=AXIS2_PLACEMENT_3D('',#4917,#4918,#4919);
#4921=PLANE('',#4920);
#4923=ORIENTED_EDGE('',*,*,#4922,.F.);
#4925=ORIENTED_EDGE('',*,*,#4924,.F.);
#4927=ORIENTED_EDGE('',*,*,#4926,.F.);
#4929=ORIENTED_EDGE('',*,*,#4928,.F.);
#4931=ORIENTED_EDGE('',*,*,#4930,.F.);
#4933=ORIENTED_EDGE('',*,*,#4932,.F.);
#4934=ORIENTED_EDGE('',*,*,#4407,.F.);
#4935=ORIENTED_EDGE('',*,*,#4225,.T.);
#4936=EDGE_LOOP('',(#4923,#4925,#4927,#4929,#4931,#4933,#4934,#4935));
#4937=FACE_OUTER_BOUND('',#4936,.F.);
#4938=ADVANCED_FACE('',(#4937),#4921,.T.);
#4939=CARTESIAN_POINT('',(1.47E0,0.E0,0.E0));
#4940=DIRECTION('',(1.E0,0.E0,0.E0));
#4941=DIRECTION('',(0.E0,0.E0,-1.E0));
#4942=AXIS2_PLACEMENT_3D('',#4939,#4940,#4941);
#4943=PLANE('',#4942);
#4944=ORIENTED_EDGE('',*,*,#4565,.F.);
#4946=ORIENTED_EDGE('',*,*,#4945,.F.);
#4948=ORIENTED_EDGE('',*,*,#4947,.F.);
#4950=ORIENTED_EDGE('',*,*,#4949,.F.);
#4952=ORIENTED_EDGE('',*,*,#4951,.F.);
#4954=ORIENTED_EDGE('',*,*,#4953,.F.);
#4956=ORIENTED_EDGE('',*,*,#4955,.F.);
#4957=ORIENTED_EDGE('',*,*,#4592,.F.);
#4958=EDGE_LOOP('',(#4944,#4946,#4948,#4950,#4952,#4954,#4956,#4957));
#4959=FACE_OUTER_BOUND('',#4958,.F.);
#4960=ADVANCED_FACE('',(#4959),#4943,.T.);
#4961=CARTESIAN_POINT('',(1.33E0,-5.8E-1,-8.3E-1));
#4962=DIRECTION('',(0.E0,1.E0,0.E0));
#4963=DIRECTION('',(0.E0,0.E0,1.E0));
#4964=AXIS2_PLACEMENT_3D('',#4961,#4962,#4963);
#4965=PLANE('',#4964);
#4967=ORIENTED_EDGE('',*,*,#4966,.F.);
#4969=ORIENTED_EDGE('',*,*,#4968,.T.);
#4970=ORIENTED_EDGE('',*,*,#4922,.T.);
#4971=ORIENTED_EDGE('',*,*,#4223,.F.);
#4972=EDGE_LOOP('',(#4967,#4969,#4970,#4971));
#4973=FACE_OUTER_BOUND('',#4972,.F.);
#4974=ADVANCED_FACE('',(#4973),#4965,.T.);
#4975=CARTESIAN_POINT('',(1.33E0,0.E0,0.E0));
#4976=DIRECTION('',(1.E0,0.E0,0.E0));
#4977=DIRECTION('',(0.E0,0.E0,-1.E0));
#4978=AXIS2_PLACEMENT_3D('',#4975,#4976,#4977);
#4979=PLANE('',#4978);
#4980=ORIENTED_EDGE('',*,*,#4966,.T.);
#4981=ORIENTED_EDGE('',*,*,#4221,.F.);
#4982=ORIENTED_EDGE('',*,*,#4411,.T.);
#4984=ORIENTED_EDGE('',*,*,#4983,.T.);
#4986=ORIENTED_EDGE('',*,*,#4985,.T.);
#4988=ORIENTED_EDGE('',*,*,#4987,.T.);
#4990=ORIENTED_EDGE('',*,*,#4989,.T.);
#4992=ORIENTED_EDGE('',*,*,#4991,.T.);
#4993=EDGE_LOOP('',(#4980,#4981,#4982,#4984,#4986,#4988,#4990,#4992));
#4994=FACE_OUTER_BOUND('',#4993,.F.);
#4995=ADVANCED_FACE('',(#4994),#4979,.F.);
#4996=CARTESIAN_POINT('',(1.33E0,0.E0,0.E0));
#4997=DIRECTION('',(1.E0,0.E0,0.E0));
#4998=DIRECTION('',(0.E0,0.E0,-1.E0));
#4999=AXIS2_PLACEMENT_3D('',#4996,#4997,#4998);
#5000=PLANE('',#4999);
#5001=ORIENTED_EDGE('',*,*,#4561,.T.);
#5002=ORIENTED_EDGE('',*,*,#4596,.T.);
#5004=ORIENTED_EDGE('',*,*,#5003,.T.);
#5006=ORIENTED_EDGE('',*,*,#5005,.T.);
#5008=ORIENTED_EDGE('',*,*,#5007,.T.);
#5010=ORIENTED_EDGE('',*,*,#5009,.T.);
#5012=ORIENTED_EDGE('',*,*,#5011,.T.);
#5014=ORIENTED_EDGE('',*,*,#5013,.T.);
#5015=EDGE_LOOP('',(#5001,#5002,#5004,#5006,#5008,#5010,#5012,#5014));
#5016=FACE_OUTER_BOUND('',#5015,.F.);
#5017=ADVANCED_FACE('',(#5016),#5000,.F.);
#5018=CARTESIAN_POINT('',(1.33E0,-6.6E-1,-8.3E-1));
#5019=DIRECTION('',(0.E0,-7.071067811865E-1,7.071067811866E-1));
#5020=DIRECTION('',(0.E0,-7.071067811866E-1,-7.071067811865E-1));
#5021=AXIS2_PLACEMENT_3D('',#5018,#5019,#5020);
#5022=PLANE('',#5021);
#5023=ORIENTED_EDGE('',*,*,#4983,.F.);
#5024=ORIENTED_EDGE('',*,*,#4409,.T.);
#5025=ORIENTED_EDGE('',*,*,#4932,.T.);
#5027=ORIENTED_EDGE('',*,*,#5026,.F.);
#5028=EDGE_LOOP('',(#5023,#5024,#5025,#5027));
#5029=FACE_OUTER_BOUND('',#5028,.F.);
#5030=ADVANCED_FACE('',(#5029),#5022,.T.);
#5031=CARTESIAN_POINT('',(1.33E0,-6.8E-1,-8.5E-1));
#5032=DIRECTION('',(0.E0,-1.E0,0.E0));
#5033=DIRECTION('',(0.E0,0.E0,-1.E0));
#5034=AXIS2_PLACEMENT_3D('',#5031,#5032,#5033);
#5035=PLANE('',#5034);
#5036=ORIENTED_EDGE('',*,*,#4985,.F.);
#5037=ORIENTED_EDGE('',*,*,#5026,.T.);
#5038=ORIENTED_EDGE('',*,*,#4930,.T.);
#5040=ORIENTED_EDGE('',*,*,#5039,.F.);
#5041=EDGE_LOOP('',(#5036,#5037,#5038,#5040));
#5042=FACE_OUTER_BOUND('',#5041,.F.);
#5043=ADVANCED_FACE('',(#5042),#5035,.T.);
#5044=CARTESIAN_POINT('',(1.33E0,-6.8E-1,-1.05E0));
#5045=DIRECTION('',(0.E0,0.E0,-1.E0));
#5046=DIRECTION('',(0.E0,1.E0,0.E0));
#5047=AXIS2_PLACEMENT_3D('',#5044,#5045,#5046);
#5048=PLANE('',#5047);
#5049=ORIENTED_EDGE('',*,*,#4987,.F.);
#5050=ORIENTED_EDGE('',*,*,#5039,.T.);
#5051=ORIENTED_EDGE('',*,*,#4928,.T.);
#5053=ORIENTED_EDGE('',*,*,#5052,.F.);
#5054=EDGE_LOOP('',(#5049,#5050,#5051,#5053));
#5055=FACE_OUTER_BOUND('',#5054,.F.);
#5056=ADVANCED_FACE('',(#5055),#5048,.T.);
#5057=CARTESIAN_POINT('',(1.33E0,-6.E-1,-1.05E0));
#5058=DIRECTION('',(0.E0,1.E0,0.E0));
#5059=DIRECTION('',(0.E0,0.E0,1.E0));
#5060=AXIS2_PLACEMENT_3D('',#5057,#5058,#5059);
#5061=PLANE('',#5060);
#5062=ORIENTED_EDGE('',*,*,#4989,.F.);
#5063=ORIENTED_EDGE('',*,*,#5052,.T.);
#5064=ORIENTED_EDGE('',*,*,#4926,.T.);
#5066=ORIENTED_EDGE('',*,*,#5065,.F.);
#5067=EDGE_LOOP('',(#5062,#5063,#5064,#5066));
#5068=FACE_OUTER_BOUND('',#5067,.F.);
#5069=ADVANCED_FACE('',(#5068),#5061,.T.);
#5070=CARTESIAN_POINT('',(1.33E0,-6.E-1,-8.5E-1));
#5071=DIRECTION('',(0.E0,7.071067811865E-1,-7.071067811866E-1));
#5072=DIRECTION('',(0.E0,7.071067811866E-1,7.071067811865E-1));
#5073=AXIS2_PLACEMENT_3D('',#5070,#5071,#5072);
#5074=PLANE('',#5073);
#5075=ORIENTED_EDGE('',*,*,#4991,.F.);
#5076=ORIENTED_EDGE('',*,*,#5065,.T.);
#5077=ORIENTED_EDGE('',*,*,#4924,.T.);
#5078=ORIENTED_EDGE('',*,*,#4968,.F.);
#5079=EDGE_LOOP('',(#5075,#5076,#5077,#5078));
#5080=FACE_OUTER_BOUND('',#5079,.F.);
#5081=ADVANCED_FACE('',(#5080),#5074,.T.);
#5082=CARTESIAN_POINT('',(1.33E0,-5.8E-1,7.1E-1));
#5083=DIRECTION('',(0.E0,1.E0,0.E0));
#5084=DIRECTION('',(0.E0,0.E0,1.E0));
#5085=AXIS2_PLACEMENT_3D('',#5082,#5083,#5084);
#5086=PLANE('',#5085);
#5087=ORIENTED_EDGE('',*,*,#5003,.F.);
#5088=ORIENTED_EDGE('',*,*,#4594,.T.);
#5089=ORIENTED_EDGE('',*,*,#4955,.T.);
#5091=ORIENTED_EDGE('',*,*,#5090,.F.);
#5092=EDGE_LOOP('',(#5087,#5088,#5089,#5091));
#5093=FACE_OUTER_BOUND('',#5092,.F.);
#5094=ADVANCED_FACE('',(#5093),#5086,.T.);
#5095=CARTESIAN_POINT('',(1.33E0,-5.8E-1,8.3E-1));
#5096=DIRECTION('',(0.E0,7.071067811865E-1,7.071067811866E-1));
#5097=DIRECTION('',(0.E0,-7.071067811866E-1,7.071067811865E-1));
#5098=AXIS2_PLACEMENT_3D('',#5095,#5096,#5097);
#5099=PLANE('',#5098);
#5100=ORIENTED_EDGE('',*,*,#5005,.F.);
#5101=ORIENTED_EDGE('',*,*,#5090,.T.);
#5102=ORIENTED_EDGE('',*,*,#4953,.T.);
#5104=ORIENTED_EDGE('',*,*,#5103,.F.);
#5105=EDGE_LOOP('',(#5100,#5101,#5102,#5104));
#5106=FACE_OUTER_BOUND('',#5105,.F.);
#5107=ADVANCED_FACE('',(#5106),#5099,.T.);
#5108=CARTESIAN_POINT('',(1.33E0,-6.E-1,8.5E-1));
#5109=DIRECTION('',(0.E0,1.E0,0.E0));
#5110=DIRECTION('',(0.E0,0.E0,1.E0));
#5111=AXIS2_PLACEMENT_3D('',#5108,#5109,#5110);
#5112=PLANE('',#5111);
#5113=ORIENTED_EDGE('',*,*,#5007,.F.);
#5114=ORIENTED_EDGE('',*,*,#5103,.T.);
#5115=ORIENTED_EDGE('',*,*,#4951,.T.);
#5117=ORIENTED_EDGE('',*,*,#5116,.F.);
#5118=EDGE_LOOP('',(#5113,#5114,#5115,#5117));
#5119=FACE_OUTER_BOUND('',#5118,.F.);
#5120=ADVANCED_FACE('',(#5119),#5112,.T.);
#5121=CARTESIAN_POINT('',(1.33E0,-6.E-1,1.05E0));
#5122=DIRECTION('',(0.E0,0.E0,1.E0));
#5123=DIRECTION('',(0.E0,-1.E0,0.E0));
#5124=AXIS2_PLACEMENT_3D('',#5121,#5122,#5123);
#5125=PLANE('',#5124);
#5126=ORIENTED_EDGE('',*,*,#5009,.F.);
#5127=ORIENTED_EDGE('',*,*,#5116,.T.);
#5128=ORIENTED_EDGE('',*,*,#4949,.T.);
#5130=ORIENTED_EDGE('',*,*,#5129,.F.);
#5131=EDGE_LOOP('',(#5126,#5127,#5128,#5130));
#5132=FACE_OUTER_BOUND('',#5131,.F.);
#5133=ADVANCED_FACE('',(#5132),#5125,.T.);
#5134=CARTESIAN_POINT('',(1.33E0,-6.8E-1,1.05E0));
#5135=DIRECTION('',(0.E0,-1.E0,0.E0));
#5136=DIRECTION('',(0.E0,0.E0,-1.E0));
#5137=AXIS2_PLACEMENT_3D('',#5134,#5135,#5136);
#5138=PLANE('',#5137);
#5139=ORIENTED_EDGE('',*,*,#5011,.F.);
#5140=ORIENTED_EDGE('',*,*,#5129,.T.);
#5141=ORIENTED_EDGE('',*,*,#4947,.T.);
#5143=ORIENTED_EDGE('',*,*,#5142,.F.);
#5144=EDGE_LOOP('',(#5139,#5140,#5141,#5143));
#5145=FACE_OUTER_BOUND('',#5144,.F.);
#5146=ADVANCED_FACE('',(#5145),#5138,.T.);
#5147=CARTESIAN_POINT('',(1.33E0,-6.8E-1,8.5E-1));
#5148=DIRECTION('',(0.E0,-7.071067811865E-1,-7.071067811866E-1));
#5149=DIRECTION('',(0.E0,7.071067811866E-1,-7.071067811865E-1));
#5150=AXIS2_PLACEMENT_3D('',#5147,#5148,#5149);
#5151=PLANE('',#5150);
#5152=ORIENTED_EDGE('',*,*,#5013,.F.);
#5153=ORIENTED_EDGE('',*,*,#5142,.T.);
#5154=ORIENTED_EDGE('',*,*,#4945,.T.);
#5155=ORIENTED_EDGE('',*,*,#4563,.F.);
#5156=EDGE_LOOP('',(#5152,#5153,#5154,#5155));
#5157=FACE_OUTER_BOUND('',#5156,.F.);
#5158=ADVANCED_FACE('',(#5157),#5151,.T.);
#5159=CARTESIAN_POINT('',(1.07E0,0.E0,0.E0));
#5160=DIRECTION('',(1.E0,0.E0,0.E0));
#5161=DIRECTION('',(0.E0,0.E0,-1.E0));
#5162=AXIS2_PLACEMENT_3D('',#5159,#5160,#5161);
#5163=PLANE('',#5162);
#5165=ORIENTED_EDGE('',*,*,#5164,.F.);
#5167=ORIENTED_EDGE('',*,*,#5166,.F.);
#5169=ORIENTED_EDGE('',*,*,#5168,.F.);
#5171=ORIENTED_EDGE('',*,*,#5170,.F.);
#5173=ORIENTED_EDGE('',*,*,#5172,.F.);
#5175=ORIENTED_EDGE('',*,*,#5174,.F.);
#5176=ORIENTED_EDGE('',*,*,#4414,.F.);
#5177=ORIENTED_EDGE('',*,*,#4217,.T.);
#5178=EDGE_LOOP('',(#5165,#5167,#5169,#5171,#5173,#5175,#5176,#5177));
#5179=FACE_OUTER_BOUND('',#5178,.F.);
#5180=ADVANCED_FACE('',(#5179),#5163,.T.);
#5181=CARTESIAN_POINT('',(1.07E0,0.E0,0.E0));
#5182=DIRECTION('',(1.E0,0.E0,0.E0));
#5183=DIRECTION('',(0.E0,0.E0,-1.E0));
#5184=AXIS2_PLACEMENT_3D('',#5181,#5182,#5183);
#5185=PLANE('',#5184);
#5186=ORIENTED_EDGE('',*,*,#4557,.F.);
#5188=ORIENTED_EDGE('',*,*,#5187,.F.);
#5190=ORIENTED_EDGE('',*,*,#5189,.F.);
#5192=ORIENTED_EDGE('',*,*,#5191,.F.);
#5194=ORIENTED_EDGE('',*,*,#5193,.F.);
#5196=ORIENTED_EDGE('',*,*,#5195,.F.);
#5198=ORIENTED_EDGE('',*,*,#5197,.F.);
#5199=ORIENTED_EDGE('',*,*,#4599,.F.);
#5200=EDGE_LOOP('',(#5186,#5188,#5190,#5192,#5194,#5196,#5198,#5199));
#5201=FACE_OUTER_BOUND('',#5200,.F.);
#5202=ADVANCED_FACE('',(#5201),#5185,.T.);
#5203=CARTESIAN_POINT('',(9.3E-1,-5.8E-1,-8.3E-1));
#5204=DIRECTION('',(0.E0,1.E0,0.E0));
#5205=DIRECTION('',(0.E0,0.E0,1.E0));
#5206=AXIS2_PLACEMENT_3D('',#5203,#5204,#5205);
#5207=PLANE('',#5206);
#5209=ORIENTED_EDGE('',*,*,#5208,.F.);
#5211=ORIENTED_EDGE('',*,*,#5210,.T.);
#5212=ORIENTED_EDGE('',*,*,#5164,.T.);
#5213=ORIENTED_EDGE('',*,*,#4215,.F.);
#5214=EDGE_LOOP('',(#5209,#5211,#5212,#5213));
#5215=FACE_OUTER_BOUND('',#5214,.F.);
#5216=ADVANCED_FACE('',(#5215),#5207,.T.);
#5217=CARTESIAN_POINT('',(9.3E-1,0.E0,0.E0));
#5218=DIRECTION('',(1.E0,0.E0,0.E0));
#5219=DIRECTION('',(0.E0,0.E0,-1.E0));
#5220=AXIS2_PLACEMENT_3D('',#5217,#5218,#5219);
#5221=PLANE('',#5220);
#5222=ORIENTED_EDGE('',*,*,#5208,.T.);
#5223=ORIENTED_EDGE('',*,*,#4213,.F.);
#5224=ORIENTED_EDGE('',*,*,#4418,.T.);
#5226=ORIENTED_EDGE('',*,*,#5225,.T.);
#5228=ORIENTED_EDGE('',*,*,#5227,.T.);
#5230=ORIENTED_EDGE('',*,*,#5229,.T.);
#5232=ORIENTED_EDGE('',*,*,#5231,.T.);
#5234=ORIENTED_EDGE('',*,*,#5233,.T.);
#5235=EDGE_LOOP('',(#5222,#5223,#5224,#5226,#5228,#5230,#5232,#5234));
#5236=FACE_OUTER_BOUND('',#5235,.F.);
#5237=ADVANCED_FACE('',(#5236),#5221,.F.);
#5238=CARTESIAN_POINT('',(9.3E-1,0.E0,0.E0));
#5239=DIRECTION('',(1.E0,0.E0,0.E0));
#5240=DIRECTION('',(0.E0,0.E0,-1.E0));
#5241=AXIS2_PLACEMENT_3D('',#5238,#5239,#5240);
#5242=PLANE('',#5241);
#5243=ORIENTED_EDGE('',*,*,#4553,.T.);
#5244=ORIENTED_EDGE('',*,*,#4603,.T.);
#5246=ORIENTED_EDGE('',*,*,#5245,.T.);
#5248=ORIENTED_EDGE('',*,*,#5247,.T.);
#5250=ORIENTED_EDGE('',*,*,#5249,.T.);
#5252=ORIENTED_EDGE('',*,*,#5251,.T.);
#5254=ORIENTED_EDGE('',*,*,#5253,.T.);
#5256=ORIENTED_EDGE('',*,*,#5255,.T.);
#5257=EDGE_LOOP('',(#5243,#5244,#5246,#5248,#5250,#5252,#5254,#5256));
#5258=FACE_OUTER_BOUND('',#5257,.F.);
#5259=ADVANCED_FACE('',(#5258),#5242,.F.);
#5260=CARTESIAN_POINT('',(9.3E-1,-6.6E-1,-8.3E-1));
#5261=DIRECTION('',(0.E0,-7.071067811865E-1,7.071067811866E-1));
#5262=DIRECTION('',(0.E0,-7.071067811866E-1,-7.071067811865E-1));
#5263=AXIS2_PLACEMENT_3D('',#5260,#5261,#5262);
#5264=PLANE('',#5263);
#5265=ORIENTED_EDGE('',*,*,#5225,.F.);
#5266=ORIENTED_EDGE('',*,*,#4416,.T.);
#5267=ORIENTED_EDGE('',*,*,#5174,.T.);
#5269=ORIENTED_EDGE('',*,*,#5268,.F.);
#5270=EDGE_LOOP('',(#5265,#5266,#5267,#5269));
#5271=FACE_OUTER_BOUND('',#5270,.F.);
#5272=ADVANCED_FACE('',(#5271),#5264,.T.);
#5273=CARTESIAN_POINT('',(9.3E-1,-6.8E-1,-8.5E-1));
#5274=DIRECTION('',(0.E0,-1.E0,0.E0));
#5275=DIRECTION('',(0.E0,0.E0,-1.E0));
#5276=AXIS2_PLACEMENT_3D('',#5273,#5274,#5275);
#5277=PLANE('',#5276);
#5278=ORIENTED_EDGE('',*,*,#5227,.F.);
#5279=ORIENTED_EDGE('',*,*,#5268,.T.);
#5280=ORIENTED_EDGE('',*,*,#5172,.T.);
#5282=ORIENTED_EDGE('',*,*,#5281,.F.);
#5283=EDGE_LOOP('',(#5278,#5279,#5280,#5282));
#5284=FACE_OUTER_BOUND('',#5283,.F.);
#5285=ADVANCED_FACE('',(#5284),#5277,.T.);
#5286=CARTESIAN_POINT('',(9.3E-1,-6.8E-1,-1.05E0));
#5287=DIRECTION('',(0.E0,0.E0,-1.E0));
#5288=DIRECTION('',(0.E0,1.E0,0.E0));
#5289=AXIS2_PLACEMENT_3D('',#5286,#5287,#5288);
#5290=PLANE('',#5289);
#5291=ORIENTED_EDGE('',*,*,#5229,.F.);
#5292=ORIENTED_EDGE('',*,*,#5281,.T.);
#5293=ORIENTED_EDGE('',*,*,#5170,.T.);
#5295=ORIENTED_EDGE('',*,*,#5294,.F.);
#5296=EDGE_LOOP('',(#5291,#5292,#5293,#5295));
#5297=FACE_OUTER_BOUND('',#5296,.F.);
#5298=ADVANCED_FACE('',(#5297),#5290,.T.);
#5299=CARTESIAN_POINT('',(9.3E-1,-6.E-1,-1.05E0));
#5300=DIRECTION('',(0.E0,1.E0,0.E0));
#5301=DIRECTION('',(0.E0,0.E0,1.E0));
#5302=AXIS2_PLACEMENT_3D('',#5299,#5300,#5301);
#5303=PLANE('',#5302);
#5304=ORIENTED_EDGE('',*,*,#5231,.F.);
#5305=ORIENTED_EDGE('',*,*,#5294,.T.);
#5306=ORIENTED_EDGE('',*,*,#5168,.T.);
#5308=ORIENTED_EDGE('',*,*,#5307,.F.);
#5309=EDGE_LOOP('',(#5304,#5305,#5306,#5308));
#5310=FACE_OUTER_BOUND('',#5309,.F.);
#5311=ADVANCED_FACE('',(#5310),#5303,.T.);
#5312=CARTESIAN_POINT('',(9.3E-1,-6.E-1,-8.5E-1));
#5313=DIRECTION('',(0.E0,7.071067811865E-1,-7.071067811866E-1));
#5314=DIRECTION('',(0.E0,7.071067811866E-1,7.071067811865E-1));
#5315=AXIS2_PLACEMENT_3D('',#5312,#5313,#5314);
#5316=PLANE('',#5315);
#5317=ORIENTED_EDGE('',*,*,#5233,.F.);
#5318=ORIENTED_EDGE('',*,*,#5307,.T.);
#5319=ORIENTED_EDGE('',*,*,#5166,.T.);
#5320=ORIENTED_EDGE('',*,*,#5210,.F.);
#5321=EDGE_LOOP('',(#5317,#5318,#5319,#5320));
#5322=FACE_OUTER_BOUND('',#5321,.F.);
#5323=ADVANCED_FACE('',(#5322),#5316,.T.);
#5324=CARTESIAN_POINT('',(9.3E-1,-5.8E-1,7.1E-1));
#5325=DIRECTION('',(0.E0,1.E0,0.E0));
#5326=DIRECTION('',(0.E0,0.E0,1.E0));
#5327=AXIS2_PLACEMENT_3D('',#5324,#5325,#5326);
#5328=PLANE('',#5327);
#5329=ORIENTED_EDGE('',*,*,#5245,.F.);
#5330=ORIENTED_EDGE('',*,*,#4601,.T.);
#5331=ORIENTED_EDGE('',*,*,#5197,.T.);
#5333=ORIENTED_EDGE('',*,*,#5332,.F.);
#5334=EDGE_LOOP('',(#5329,#5330,#5331,#5333));
#5335=FACE_OUTER_BOUND('',#5334,.F.);
#5336=ADVANCED_FACE('',(#5335),#5328,.T.);
#5337=CARTESIAN_POINT('',(9.3E-1,-5.8E-1,8.3E-1));
#5338=DIRECTION('',(0.E0,7.071067811865E-1,7.071067811866E-1));
#5339=DIRECTION('',(0.E0,-7.071067811866E-1,7.071067811865E-1));
#5340=AXIS2_PLACEMENT_3D('',#5337,#5338,#5339);
#5341=PLANE('',#5340);
#5342=ORIENTED_EDGE('',*,*,#5247,.F.);
#5343=ORIENTED_EDGE('',*,*,#5332,.T.);
#5344=ORIENTED_EDGE('',*,*,#5195,.T.);
#5346=ORIENTED_EDGE('',*,*,#5345,.F.);
#5347=EDGE_LOOP('',(#5342,#5343,#5344,#5346));
#5348=FACE_OUTER_BOUND('',#5347,.F.);
#5349=ADVANCED_FACE('',(#5348),#5341,.T.);
#5350=CARTESIAN_POINT('',(9.3E-1,-6.E-1,8.5E-1));
#5351=DIRECTION('',(0.E0,1.E0,0.E0));
#5352=DIRECTION('',(0.E0,0.E0,1.E0));
#5353=AXIS2_PLACEMENT_3D('',#5350,#5351,#5352);
#5354=PLANE('',#5353);
#5355=ORIENTED_EDGE('',*,*,#5249,.F.);
#5356=ORIENTED_EDGE('',*,*,#5345,.T.);
#5357=ORIENTED_EDGE('',*,*,#5193,.T.);
#5359=ORIENTED_EDGE('',*,*,#5358,.F.);
#5360=EDGE_LOOP('',(#5355,#5356,#5357,#5359));
#5361=FACE_OUTER_BOUND('',#5360,.F.);
#5362=ADVANCED_FACE('',(#5361),#5354,.T.);
#5363=CARTESIAN_POINT('',(9.3E-1,-6.E-1,1.05E0));
#5364=DIRECTION('',(0.E0,0.E0,1.E0));
#5365=DIRECTION('',(0.E0,-1.E0,0.E0));
#5366=AXIS2_PLACEMENT_3D('',#5363,#5364,#5365);
#5367=PLANE('',#5366);
#5368=ORIENTED_EDGE('',*,*,#5251,.F.);
#5369=ORIENTED_EDGE('',*,*,#5358,.T.);
#5370=ORIENTED_EDGE('',*,*,#5191,.T.);
#5372=ORIENTED_EDGE('',*,*,#5371,.F.);
#5373=EDGE_LOOP('',(#5368,#5369,#5370,#5372));
#5374=FACE_OUTER_BOUND('',#5373,.F.);
#5375=ADVANCED_FACE('',(#5374),#5367,.T.);
#5376=CARTESIAN_POINT('',(9.3E-1,-6.8E-1,1.05E0));
#5377=DIRECTION('',(0.E0,-1.E0,0.E0));
#5378=DIRECTION('',(0.E0,0.E0,-1.E0));
#5379=AXIS2_PLACEMENT_3D('',#5376,#5377,#5378);
#5380=PLANE('',#5379);
#5381=ORIENTED_EDGE('',*,*,#5253,.F.);
#5382=ORIENTED_EDGE('',*,*,#5371,.T.);
#5383=ORIENTED_EDGE('',*,*,#5189,.T.);
#5385=ORIENTED_EDGE('',*,*,#5384,.F.);
#5386=EDGE_LOOP('',(#5381,#5382,#5383,#5385));
#5387=FACE_OUTER_BOUND('',#5386,.F.);
#5388=ADVANCED_FACE('',(#5387),#5380,.T.);
#5389=CARTESIAN_POINT('',(9.3E-1,-6.8E-1,8.5E-1));
#5390=DIRECTION('',(0.E0,-7.071067811865E-1,-7.071067811866E-1));
#5391=DIRECTION('',(0.E0,7.071067811866E-1,-7.071067811865E-1));
#5392=AXIS2_PLACEMENT_3D('',#5389,#5390,#5391);
#5393=PLANE('',#5392);
#5394=ORIENTED_EDGE('',*,*,#5255,.F.);
#5395=ORIENTED_EDGE('',*,*,#5384,.T.);
#5396=ORIENTED_EDGE('',*,*,#5187,.T.);
#5397=ORIENTED_EDGE('',*,*,#4555,.F.);
#5398=EDGE_LOOP('',(#5394,#5395,#5396,#5397));
#5399=FACE_OUTER_BOUND('',#5398,.F.);
#5400=ADVANCED_FACE('',(#5399),#5393,.T.);
#5401=CARTESIAN_POINT('',(6.7E-1,0.E0,0.E0));
#5402=DIRECTION('',(1.E0,0.E0,0.E0));
#5403=DIRECTION('',(0.E0,0.E0,-1.E0));
#5404=AXIS2_PLACEMENT_3D('',#5401,#5402,#5403);
#5405=PLANE('',#5404);
#5407=ORIENTED_EDGE('',*,*,#5406,.F.);
#5409=ORIENTED_EDGE('',*,*,#5408,.F.);
#5411=ORIENTED_EDGE('',*,*,#5410,.F.);
#5413=ORIENTED_EDGE('',*,*,#5412,.F.);
#5415=ORIENTED_EDGE('',*,*,#5414,.F.);
#5417=ORIENTED_EDGE('',*,*,#5416,.F.);
#5418=ORIENTED_EDGE('',*,*,#4421,.F.);
#5419=ORIENTED_EDGE('',*,*,#4209,.T.);
#5420=EDGE_LOOP('',(#5407,#5409,#5411,#5413,#5415,#5417,#5418,#5419));
#5421=FACE_OUTER_BOUND('',#5420,.F.);
#5422=ADVANCED_FACE('',(#5421),#5405,.T.);
#5423=CARTESIAN_POINT('',(6.7E-1,0.E0,0.E0));
#5424=DIRECTION('',(1.E0,0.E0,0.E0));
#5425=DIRECTION('',(0.E0,0.E0,-1.E0));
#5426=AXIS2_PLACEMENT_3D('',#5423,#5424,#5425);
#5427=PLANE('',#5426);
#5428=ORIENTED_EDGE('',*,*,#4549,.F.);
#5430=ORIENTED_EDGE('',*,*,#5429,.F.);
#5432=ORIENTED_EDGE('',*,*,#5431,.F.);
#5434=ORIENTED_EDGE('',*,*,#5433,.F.);
#5436=ORIENTED_EDGE('',*,*,#5435,.F.);
#5438=ORIENTED_EDGE('',*,*,#5437,.F.);
#5440=ORIENTED_EDGE('',*,*,#5439,.F.);
#5441=ORIENTED_EDGE('',*,*,#4606,.F.);
#5442=EDGE_LOOP('',(#5428,#5430,#5432,#5434,#5436,#5438,#5440,#5441));
#5443=FACE_OUTER_BOUND('',#5442,.F.);
#5444=ADVANCED_FACE('',(#5443),#5427,.T.);
#5445=CARTESIAN_POINT('',(5.3E-1,-5.8E-1,-8.3E-1));
#5446=DIRECTION('',(0.E0,1.E0,0.E0));
#5447=DIRECTION('',(0.E0,0.E0,1.E0));
#5448=AXIS2_PLACEMENT_3D('',#5445,#5446,#5447);
#5449=PLANE('',#5448);
#5451=ORIENTED_EDGE('',*,*,#5450,.F.);
#5453=ORIENTED_EDGE('',*,*,#5452,.T.);
#5454=ORIENTED_EDGE('',*,*,#5406,.T.);
#5455=ORIENTED_EDGE('',*,*,#4207,.F.);
#5456=EDGE_LOOP('',(#5451,#5453,#5454,#5455));
#5457=FACE_OUTER_BOUND('',#5456,.F.);
#5458=ADVANCED_FACE('',(#5457),#5449,.T.);
#5459=CARTESIAN_POINT('',(5.3E-1,0.E0,0.E0));
#5460=DIRECTION('',(1.E0,0.E0,0.E0));
#5461=DIRECTION('',(0.E0,0.E0,-1.E0));
#5462=AXIS2_PLACEMENT_3D('',#5459,#5460,#5461);
#5463=PLANE('',#5462);
#5464=ORIENTED_EDGE('',*,*,#5450,.T.);
#5465=ORIENTED_EDGE('',*,*,#4205,.F.);
#5466=ORIENTED_EDGE('',*,*,#4425,.T.);
#5468=ORIENTED_EDGE('',*,*,#5467,.T.);
#5470=ORIENTED_EDGE('',*,*,#5469,.T.);
#5472=ORIENTED_EDGE('',*,*,#5471,.T.);
#5474=ORIENTED_EDGE('',*,*,#5473,.T.);
#5476=ORIENTED_EDGE('',*,*,#5475,.T.);
#5477=EDGE_LOOP('',(#5464,#5465,#5466,#5468,#5470,#5472,#5474,#5476));
#5478=FACE_OUTER_BOUND('',#5477,.F.);
#5479=ADVANCED_FACE('',(#5478),#5463,.F.);
#5480=CARTESIAN_POINT('',(5.3E-1,0.E0,0.E0));
#5481=DIRECTION('',(1.E0,0.E0,0.E0));
#5482=DIRECTION('',(0.E0,0.E0,-1.E0));
#5483=AXIS2_PLACEMENT_3D('',#5480,#5481,#5482);
#5484=PLANE('',#5483);
#5485=ORIENTED_EDGE('',*,*,#4545,.T.);
#5486=ORIENTED_EDGE('',*,*,#4610,.T.);
#5488=ORIENTED_EDGE('',*,*,#5487,.T.);
#5490=ORIENTED_EDGE('',*,*,#5489,.T.);
#5492=ORIENTED_EDGE('',*,*,#5491,.T.);
#5494=ORIENTED_EDGE('',*,*,#5493,.T.);
#5496=ORIENTED_EDGE('',*,*,#5495,.T.);
#5498=ORIENTED_EDGE('',*,*,#5497,.T.);
#5499=EDGE_LOOP('',(#5485,#5486,#5488,#5490,#5492,#5494,#5496,#5498));
#5500=FACE_OUTER_BOUND('',#5499,.F.);
#5501=ADVANCED_FACE('',(#5500),#5484,.F.);
#5502=CARTESIAN_POINT('',(5.3E-1,-6.6E-1,-8.3E-1));
#5503=DIRECTION('',(0.E0,-7.071067811865E-1,7.071067811866E-1));
#5504=DIRECTION('',(0.E0,-7.071067811866E-1,-7.071067811865E-1));
#5505=AXIS2_PLACEMENT_3D('',#5502,#5503,#5504);
#5506=PLANE('',#5505);
#5507=ORIENTED_EDGE('',*,*,#5467,.F.);
#5508=ORIENTED_EDGE('',*,*,#4423,.T.);
#5509=ORIENTED_EDGE('',*,*,#5416,.T.);
#5511=ORIENTED_EDGE('',*,*,#5510,.F.);
#5512=EDGE_LOOP('',(#5507,#5508,#5509,#5511));
#5513=FACE_OUTER_BOUND('',#5512,.F.);
#5514=ADVANCED_FACE('',(#5513),#5506,.T.);
#5515=CARTESIAN_POINT('',(5.3E-1,-6.8E-1,-8.5E-1));
#5516=DIRECTION('',(0.E0,-1.E0,0.E0));
#5517=DIRECTION('',(0.E0,0.E0,-1.E0));
#5518=AXIS2_PLACEMENT_3D('',#5515,#5516,#5517);
#5519=PLANE('',#5518);
#5520=ORIENTED_EDGE('',*,*,#5469,.F.);
#5521=ORIENTED_EDGE('',*,*,#5510,.T.);
#5522=ORIENTED_EDGE('',*,*,#5414,.T.);
#5524=ORIENTED_EDGE('',*,*,#5523,.F.);
#5525=EDGE_LOOP('',(#5520,#5521,#5522,#5524));
#5526=FACE_OUTER_BOUND('',#5525,.F.);
#5527=ADVANCED_FACE('',(#5526),#5519,.T.);
#5528=CARTESIAN_POINT('',(5.3E-1,-6.8E-1,-1.05E0));
#5529=DIRECTION('',(0.E0,0.E0,-1.E0));
#5530=DIRECTION('',(0.E0,1.E0,0.E0));
#5531=AXIS2_PLACEMENT_3D('',#5528,#5529,#5530);
#5532=PLANE('',#5531);
#5533=ORIENTED_EDGE('',*,*,#5471,.F.);
#5534=ORIENTED_EDGE('',*,*,#5523,.T.);
#5535=ORIENTED_EDGE('',*,*,#5412,.T.);
#5537=ORIENTED_EDGE('',*,*,#5536,.F.);
#5538=EDGE_LOOP('',(#5533,#5534,#5535,#5537));
#5539=FACE_OUTER_BOUND('',#5538,.F.);
#5540=ADVANCED_FACE('',(#5539),#5532,.T.);
#5541=CARTESIAN_POINT('',(5.3E-1,-6.E-1,-1.05E0));
#5542=DIRECTION('',(0.E0,1.E0,0.E0));
#5543=DIRECTION('',(0.E0,0.E0,1.E0));
#5544=AXIS2_PLACEMENT_3D('',#5541,#5542,#5543);
#5545=PLANE('',#5544);
#5546=ORIENTED_EDGE('',*,*,#5473,.F.);
#5547=ORIENTED_EDGE('',*,*,#5536,.T.);
#5548=ORIENTED_EDGE('',*,*,#5410,.T.);
#5550=ORIENTED_EDGE('',*,*,#5549,.F.);
#5551=EDGE_LOOP('',(#5546,#5547,#5548,#5550));
#5552=FACE_OUTER_BOUND('',#5551,.F.);
#5553=ADVANCED_FACE('',(#5552),#5545,.T.);
#5554=CARTESIAN_POINT('',(5.3E-1,-6.E-1,-8.5E-1));
#5555=DIRECTION('',(0.E0,7.071067811865E-1,-7.071067811866E-1));
#5556=DIRECTION('',(0.E0,7.071067811866E-1,7.071067811865E-1));
#5557=AXIS2_PLACEMENT_3D('',#5554,#5555,#5556);
#5558=PLANE('',#5557);
#5559=ORIENTED_EDGE('',*,*,#5475,.F.);
#5560=ORIENTED_EDGE('',*,*,#5549,.T.);
#5561=ORIENTED_EDGE('',*,*,#5408,.T.);
#5562=ORIENTED_EDGE('',*,*,#5452,.F.);
#5563=EDGE_LOOP('',(#5559,#5560,#5561,#5562));
#5564=FACE_OUTER_BOUND('',#5563,.F.);
#5565=ADVANCED_FACE('',(#5564),#5558,.T.);
#5566=CARTESIAN_POINT('',(5.3E-1,-5.8E-1,7.1E-1));
#5567=DIRECTION('',(0.E0,1.E0,0.E0));
#5568=DIRECTION('',(0.E0,0.E0,1.E0));
#5569=AXIS2_PLACEMENT_3D('',#5566,#5567,#5568);
#5570=PLANE('',#5569);
#5571=ORIENTED_EDGE('',*,*,#5487,.F.);
#5572=ORIENTED_EDGE('',*,*,#4608,.T.);
#5573=ORIENTED_EDGE('',*,*,#5439,.T.);
#5575=ORIENTED_EDGE('',*,*,#5574,.F.);
#5576=EDGE_LOOP('',(#5571,#5572,#5573,#5575));
#5577=FACE_OUTER_BOUND('',#5576,.F.);
#5578=ADVANCED_FACE('',(#5577),#5570,.T.);
#5579=CARTESIAN_POINT('',(5.3E-1,-5.8E-1,8.3E-1));
#5580=DIRECTION('',(0.E0,7.071067811865E-1,7.071067811866E-1));
#5581=DIRECTION('',(0.E0,-7.071067811866E-1,7.071067811865E-1));
#5582=AXIS2_PLACEMENT_3D('',#5579,#5580,#5581);
#5583=PLANE('',#5582);
#5584=ORIENTED_EDGE('',*,*,#5489,.F.);
#5585=ORIENTED_EDGE('',*,*,#5574,.T.);
#5586=ORIENTED_EDGE('',*,*,#5437,.T.);
#5588=ORIENTED_EDGE('',*,*,#5587,.F.);
#5589=EDGE_LOOP('',(#5584,#5585,#5586,#5588));
#5590=FACE_OUTER_BOUND('',#5589,.F.);
#5591=ADVANCED_FACE('',(#5590),#5583,.T.);
#5592=CARTESIAN_POINT('',(5.3E-1,-6.E-1,8.5E-1));
#5593=DIRECTION('',(0.E0,1.E0,0.E0));
#5594=DIRECTION('',(0.E0,0.E0,1.E0));
#5595=AXIS2_PLACEMENT_3D('',#5592,#5593,#5594);
#5596=PLANE('',#5595);
#5597=ORIENTED_EDGE('',*,*,#5491,.F.);
#5598=ORIENTED_EDGE('',*,*,#5587,.T.);
#5599=ORIENTED_EDGE('',*,*,#5435,.T.);
#5601=ORIENTED_EDGE('',*,*,#5600,.F.);
#5602=EDGE_LOOP('',(#5597,#5598,#5599,#5601));
#5603=FACE_OUTER_BOUND('',#5602,.F.);
#5604=ADVANCED_FACE('',(#5603),#5596,.T.);
#5605=CARTESIAN_POINT('',(5.3E-1,-6.E-1,1.05E0));
#5606=DIRECTION('',(0.E0,0.E0,1.E0));
#5607=DIRECTION('',(0.E0,-1.E0,0.E0));
#5608=AXIS2_PLACEMENT_3D('',#5605,#5606,#5607);
#5609=PLANE('',#5608);
#5610=ORIENTED_EDGE('',*,*,#5493,.F.);
#5611=ORIENTED_EDGE('',*,*,#5600,.T.);
#5612=ORIENTED_EDGE('',*,*,#5433,.T.);
#5614=ORIENTED_EDGE('',*,*,#5613,.F.);
#5615=EDGE_LOOP('',(#5610,#5611,#5612,#5614));
#5616=FACE_OUTER_BOUND('',#5615,.F.);
#5617=ADVANCED_FACE('',(#5616),#5609,.T.);
#5618=CARTESIAN_POINT('',(5.3E-1,-6.8E-1,1.05E0));
#5619=DIRECTION('',(0.E0,-1.E0,0.E0));
#5620=DIRECTION('',(0.E0,0.E0,-1.E0));
#5621=AXIS2_PLACEMENT_3D('',#5618,#5619,#5620);
#5622=PLANE('',#5621);
#5623=ORIENTED_EDGE('',*,*,#5495,.F.);
#5624=ORIENTED_EDGE('',*,*,#5613,.T.);
#5625=ORIENTED_EDGE('',*,*,#5431,.T.);
#5627=ORIENTED_EDGE('',*,*,#5626,.F.);
#5628=EDGE_LOOP('',(#5623,#5624,#5625,#5627));
#5629=FACE_OUTER_BOUND('',#5628,.F.);
#5630=ADVANCED_FACE('',(#5629),#5622,.T.);
#5631=CARTESIAN_POINT('',(5.3E-1,-6.8E-1,8.5E-1));
#5632=DIRECTION('',(0.E0,-7.071067811865E-1,-7.071067811866E-1));
#5633=DIRECTION('',(0.E0,7.071067811866E-1,-7.071067811865E-1));
#5634=AXIS2_PLACEMENT_3D('',#5631,#5632,#5633);
#5635=PLANE('',#5634);
#5636=ORIENTED_EDGE('',*,*,#5497,.F.);
#5637=ORIENTED_EDGE('',*,*,#5626,.T.);
#5638=ORIENTED_EDGE('',*,*,#5429,.T.);
#5639=ORIENTED_EDGE('',*,*,#4547,.F.);
#5640=EDGE_LOOP('',(#5636,#5637,#5638,#5639));
#5641=FACE_OUTER_BOUND('',#5640,.F.);
#5642=ADVANCED_FACE('',(#5641),#5635,.T.);
#5643=CARTESIAN_POINT('',(2.7E-1,0.E0,0.E0));
#5644=DIRECTION('',(1.E0,0.E0,0.E0));
#5645=DIRECTION('',(0.E0,0.E0,-1.E0));
#5646=AXIS2_PLACEMENT_3D('',#5643,#5644,#5645);
#5647=PLANE('',#5646);
#5649=ORIENTED_EDGE('',*,*,#5648,.F.);
#5651=ORIENTED_EDGE('',*,*,#5650,.F.);
#5653=ORIENTED_EDGE('',*,*,#5652,.F.);
#5655=ORIENTED_EDGE('',*,*,#5654,.F.);
#5657=ORIENTED_EDGE('',*,*,#5656,.F.);
#5659=ORIENTED_EDGE('',*,*,#5658,.F.);
#5660=ORIENTED_EDGE('',*,*,#4428,.F.);
#5661=ORIENTED_EDGE('',*,*,#4201,.T.);
#5662=EDGE_LOOP('',(#5649,#5651,#5653,#5655,#5657,#5659,#5660,#5661));
#5663=FACE_OUTER_BOUND('',#5662,.F.);
#5664=ADVANCED_FACE('',(#5663),#5647,.T.);
#5665=CARTESIAN_POINT('',(2.7E-1,0.E0,0.E0));
#5666=DIRECTION('',(1.E0,0.E0,0.E0));
#5667=DIRECTION('',(0.E0,0.E0,-1.E0));
#5668=AXIS2_PLACEMENT_3D('',#5665,#5666,#5667);
#5669=PLANE('',#5668);
#5670=ORIENTED_EDGE('',*,*,#4541,.F.);
#5672=ORIENTED_EDGE('',*,*,#5671,.F.);
#5674=ORIENTED_EDGE('',*,*,#5673,.F.);
#5676=ORIENTED_EDGE('',*,*,#5675,.F.);
#5678=ORIENTED_EDGE('',*,*,#5677,.F.);
#5680=ORIENTED_EDGE('',*,*,#5679,.F.);
#5682=ORIENTED_EDGE('',*,*,#5681,.F.);
#5683=ORIENTED_EDGE('',*,*,#4613,.F.);
#5684=EDGE_LOOP('',(#5670,#5672,#5674,#5676,#5678,#5680,#5682,#5683));
#5685=FACE_OUTER_BOUND('',#5684,.F.);
#5686=ADVANCED_FACE('',(#5685),#5669,.T.);
#5687=CARTESIAN_POINT('',(1.3E-1,-5.8E-1,-8.3E-1));
#5688=DIRECTION('',(0.E0,1.E0,0.E0));
#5689=DIRECTION('',(0.E0,0.E0,1.E0));
#5690=AXIS2_PLACEMENT_3D('',#5687,#5688,#5689);
#5691=PLANE('',#5690);
#5693=ORIENTED_EDGE('',*,*,#5692,.F.);
#5695=ORIENTED_EDGE('',*,*,#5694,.T.);
#5696=ORIENTED_EDGE('',*,*,#5648,.T.);
#5697=ORIENTED_EDGE('',*,*,#4199,.F.);
#5698=EDGE_LOOP('',(#5693,#5695,#5696,#5697));
#5699=FACE_OUTER_BOUND('',#5698,.F.);
#5700=ADVANCED_FACE('',(#5699),#5691,.T.);
#5701=CARTESIAN_POINT('',(1.3E-1,0.E0,0.E0));
#5702=DIRECTION('',(1.E0,0.E0,0.E0));
#5703=DIRECTION('',(0.E0,0.E0,-1.E0));
#5704=AXIS2_PLACEMENT_3D('',#5701,#5702,#5703);
#5705=PLANE('',#5704);
#5706=ORIENTED_EDGE('',*,*,#5692,.T.);
#5707=ORIENTED_EDGE('',*,*,#4197,.F.);
#5708=ORIENTED_EDGE('',*,*,#4432,.T.);
#5710=ORIENTED_EDGE('',*,*,#5709,.T.);
#5712=ORIENTED_EDGE('',*,*,#5711,.T.);
#5714=ORIENTED_EDGE('',*,*,#5713,.T.);
#5716=ORIENTED_EDGE('',*,*,#5715,.T.);
#5718=ORIENTED_EDGE('',*,*,#5717,.T.);
#5719=EDGE_LOOP('',(#5706,#5707,#5708,#5710,#5712,#5714,#5716,#5718));
#5720=FACE_OUTER_BOUND('',#5719,.F.);
#5721=ADVANCED_FACE('',(#5720),#5705,.F.);
#5722=CARTESIAN_POINT('',(1.3E-1,0.E0,0.E0));
#5723=DIRECTION('',(1.E0,0.E0,0.E0));
#5724=DIRECTION('',(0.E0,0.E0,-1.E0));
#5725=AXIS2_PLACEMENT_3D('',#5722,#5723,#5724);
#5726=PLANE('',#5725);
#5727=ORIENTED_EDGE('',*,*,#4537,.T.);
#5728=ORIENTED_EDGE('',*,*,#4617,.T.);
#5730=ORIENTED_EDGE('',*,*,#5729,.T.);
#5732=ORIENTED_EDGE('',*,*,#5731,.T.);
#5734=ORIENTED_EDGE('',*,*,#5733,.T.);
#5736=ORIENTED_EDGE('',*,*,#5735,.T.);
#5738=ORIENTED_EDGE('',*,*,#5737,.T.);
#5740=ORIENTED_EDGE('',*,*,#5739,.T.);
#5741=EDGE_LOOP('',(#5727,#5728,#5730,#5732,#5734,#5736,#5738,#5740));
#5742=FACE_OUTER_BOUND('',#5741,.F.);
#5743=ADVANCED_FACE('',(#5742),#5726,.F.);
#5744=CARTESIAN_POINT('',(1.3E-1,-6.6E-1,-8.3E-1));
#5745=DIRECTION('',(0.E0,-7.071067811865E-1,7.071067811866E-1));
#5746=DIRECTION('',(0.E0,-7.071067811866E-1,-7.071067811865E-1));
#5747=AXIS2_PLACEMENT_3D('',#5744,#5745,#5746);
#5748=PLANE('',#5747);
#5749=ORIENTED_EDGE('',*,*,#5709,.F.);
#5750=ORIENTED_EDGE('',*,*,#4430,.T.);
#5751=ORIENTED_EDGE('',*,*,#5658,.T.);
#5753=ORIENTED_EDGE('',*,*,#5752,.F.);
#5754=EDGE_LOOP('',(#5749,#5750,#5751,#5753));
#5755=FACE_OUTER_BOUND('',#5754,.F.);
#5756=ADVANCED_FACE('',(#5755),#5748,.T.);
#5757=CARTESIAN_POINT('',(1.3E-1,-6.8E-1,-8.5E-1));
#5758=DIRECTION('',(0.E0,-1.E0,0.E0));
#5759=DIRECTION('',(0.E0,0.E0,-1.E0));
#5760=AXIS2_PLACEMENT_3D('',#5757,#5758,#5759);
#5761=PLANE('',#5760);
#5762=ORIENTED_EDGE('',*,*,#5711,.F.);
#5763=ORIENTED_EDGE('',*,*,#5752,.T.);
#5764=ORIENTED_EDGE('',*,*,#5656,.T.);
#5766=ORIENTED_EDGE('',*,*,#5765,.F.);
#5767=EDGE_LOOP('',(#5762,#5763,#5764,#5766));
#5768=FACE_OUTER_BOUND('',#5767,.F.);
#5769=ADVANCED_FACE('',(#5768),#5761,.T.);
#5770=CARTESIAN_POINT('',(1.3E-1,-6.8E-1,-1.05E0));
#5771=DIRECTION('',(0.E0,0.E0,-1.E0));
#5772=DIRECTION('',(0.E0,1.E0,0.E0));
#5773=AXIS2_PLACEMENT_3D('',#5770,#5771,#5772);
#5774=PLANE('',#5773);
#5775=ORIENTED_EDGE('',*,*,#5713,.F.);
#5776=ORIENTED_EDGE('',*,*,#5765,.T.);
#5777=ORIENTED_EDGE('',*,*,#5654,.T.);
#5779=ORIENTED_EDGE('',*,*,#5778,.F.);
#5780=EDGE_LOOP('',(#5775,#5776,#5777,#5779));
#5781=FACE_OUTER_BOUND('',#5780,.F.);
#5782=ADVANCED_FACE('',(#5781),#5774,.T.);
#5783=CARTESIAN_POINT('',(1.3E-1,-6.E-1,-1.05E0));
#5784=DIRECTION('',(0.E0,1.E0,0.E0));
#5785=DIRECTION('',(0.E0,0.E0,1.E0));
#5786=AXIS2_PLACEMENT_3D('',#5783,#5784,#5785);
#5787=PLANE('',#5786);
#5788=ORIENTED_EDGE('',*,*,#5715,.F.);
#5789=ORIENTED_EDGE('',*,*,#5778,.T.);
#5790=ORIENTED_EDGE('',*,*,#5652,.T.);
#5792=ORIENTED_EDGE('',*,*,#5791,.F.);
#5793=EDGE_LOOP('',(#5788,#5789,#5790,#5792));
#5794=FACE_OUTER_BOUND('',#5793,.F.);
#5795=ADVANCED_FACE('',(#5794),#5787,.T.);
#5796=CARTESIAN_POINT('',(1.3E-1,-6.E-1,-8.5E-1));
#5797=DIRECTION('',(0.E0,7.071067811865E-1,-7.071067811866E-1));
#5798=DIRECTION('',(0.E0,7.071067811866E-1,7.071067811865E-1));
#5799=AXIS2_PLACEMENT_3D('',#5796,#5797,#5798);
#5800=PLANE('',#5799);
#5801=ORIENTED_EDGE('',*,*,#5717,.F.);
#5802=ORIENTED_EDGE('',*,*,#5791,.T.);
#5803=ORIENTED_EDGE('',*,*,#5650,.T.);
#5804=ORIENTED_EDGE('',*,*,#5694,.F.);
#5805=EDGE_LOOP('',(#5801,#5802,#5803,#5804));
#5806=FACE_OUTER_BOUND('',#5805,.F.);
#5807=ADVANCED_FACE('',(#5806),#5800,.T.);
#5808=CARTESIAN_POINT('',(1.3E-1,-5.8E-1,7.1E-1));
#5809=DIRECTION('',(0.E0,1.E0,0.E0));
#5810=DIRECTION('',(0.E0,0.E0,1.E0));
#5811=AXIS2_PLACEMENT_3D('',#5808,#5809,#5810);
#5812=PLANE('',#5811);
#5813=ORIENTED_EDGE('',*,*,#5729,.F.);
#5814=ORIENTED_EDGE('',*,*,#4615,.T.);
#5815=ORIENTED_EDGE('',*,*,#5681,.T.);
#5817=ORIENTED_EDGE('',*,*,#5816,.F.);
#5818=EDGE_LOOP('',(#5813,#5814,#5815,#5817));
#5819=FACE_OUTER_BOUND('',#5818,.F.);
#5820=ADVANCED_FACE('',(#5819),#5812,.T.);
#5821=CARTESIAN_POINT('',(1.3E-1,-5.8E-1,8.3E-1));
#5822=DIRECTION('',(0.E0,7.071067811865E-1,7.071067811866E-1));
#5823=DIRECTION('',(0.E0,-7.071067811866E-1,7.071067811865E-1));
#5824=AXIS2_PLACEMENT_3D('',#5821,#5822,#5823);
#5825=PLANE('',#5824);
#5826=ORIENTED_EDGE('',*,*,#5731,.F.);
#5827=ORIENTED_EDGE('',*,*,#5816,.T.);
#5828=ORIENTED_EDGE('',*,*,#5679,.T.);
#5830=ORIENTED_EDGE('',*,*,#5829,.F.);
#5831=EDGE_LOOP('',(#5826,#5827,#5828,#5830));
#5832=FACE_OUTER_BOUND('',#5831,.F.);
#5833=ADVANCED_FACE('',(#5832),#5825,.T.);
#5834=CARTESIAN_POINT('',(1.3E-1,-6.E-1,8.5E-1));
#5835=DIRECTION('',(0.E0,1.E0,0.E0));
#5836=DIRECTION('',(0.E0,0.E0,1.E0));
#5837=AXIS2_PLACEMENT_3D('',#5834,#5835,#5836);
#5838=PLANE('',#5837);
#5839=ORIENTED_EDGE('',*,*,#5733,.F.);
#5840=ORIENTED_EDGE('',*,*,#5829,.T.);
#5841=ORIENTED_EDGE('',*,*,#5677,.T.);
#5843=ORIENTED_EDGE('',*,*,#5842,.F.);
#5844=EDGE_LOOP('',(#5839,#5840,#5841,#5843));
#5845=FACE_OUTER_BOUND('',#5844,.F.);
#5846=ADVANCED_FACE('',(#5845),#5838,.T.);
#5847=CARTESIAN_POINT('',(1.3E-1,-6.E-1,1.05E0));
#5848=DIRECTION('',(0.E0,0.E0,1.E0));
#5849=DIRECTION('',(0.E0,-1.E0,0.E0));
#5850=AXIS2_PLACEMENT_3D('',#5847,#5848,#5849);
#5851=PLANE('',#5850);
#5852=ORIENTED_EDGE('',*,*,#5735,.F.);
#5853=ORIENTED_EDGE('',*,*,#5842,.T.);
#5854=ORIENTED_EDGE('',*,*,#5675,.T.);
#5856=ORIENTED_EDGE('',*,*,#5855,.F.);
#5857=EDGE_LOOP('',(#5852,#5853,#5854,#5856));
#5858=FACE_OUTER_BOUND('',#5857,.F.);
#5859=ADVANCED_FACE('',(#5858),#5851,.T.);
#5860=CARTESIAN_POINT('',(1.3E-1,-6.8E-1,1.05E0));
#5861=DIRECTION('',(0.E0,-1.E0,0.E0));
#5862=DIRECTION('',(0.E0,0.E0,-1.E0));
#5863=AXIS2_PLACEMENT_3D('',#5860,#5861,#5862);
#5864=PLANE('',#5863);
#5865=ORIENTED_EDGE('',*,*,#5737,.F.);
#5866=ORIENTED_EDGE('',*,*,#5855,.T.);
#5867=ORIENTED_EDGE('',*,*,#5673,.T.);
#5869=ORIENTED_EDGE('',*,*,#5868,.F.);
#5870=EDGE_LOOP('',(#5865,#5866,#5867,#5869));
#5871=FACE_OUTER_BOUND('',#5870,.F.);
#5872=ADVANCED_FACE('',(#5871),#5864,.T.);
#5873=CARTESIAN_POINT('',(1.3E-1,-6.8E-1,8.5E-1));
#5874=DIRECTION('',(0.E0,-7.071067811865E-1,-7.071067811866E-1));
#5875=DIRECTION('',(0.E0,7.071067811866E-1,-7.071067811865E-1));
#5876=AXIS2_PLACEMENT_3D('',#5873,#5874,#5875);
#5877=PLANE('',#5876);
#5878=ORIENTED_EDGE('',*,*,#5739,.F.);
#5879=ORIENTED_EDGE('',*,*,#5868,.T.);
#5880=ORIENTED_EDGE('',*,*,#5671,.T.);
#5881=ORIENTED_EDGE('',*,*,#4539,.F.);
#5882=EDGE_LOOP('',(#5878,#5879,#5880,#5881));
#5883=FACE_OUTER_BOUND('',#5882,.F.);
#5884=ADVANCED_FACE('',(#5883),#5877,.T.);
#5885=CARTESIAN_POINT('',(-1.3E-1,0.E0,0.E0));
#5886=DIRECTION('',(1.E0,0.E0,0.E0));
#5887=DIRECTION('',(0.E0,0.E0,-1.E0));
#5888=AXIS2_PLACEMENT_3D('',#5885,#5886,#5887);
#5889=PLANE('',#5888);
#5891=ORIENTED_EDGE('',*,*,#5890,.F.);
#5893=ORIENTED_EDGE('',*,*,#5892,.F.);
#5895=ORIENTED_EDGE('',*,*,#5894,.F.);
#5897=ORIENTED_EDGE('',*,*,#5896,.F.);
#5899=ORIENTED_EDGE('',*,*,#5898,.F.);
#5901=ORIENTED_EDGE('',*,*,#5900,.F.);
#5902=ORIENTED_EDGE('',*,*,#4435,.F.);
#5903=ORIENTED_EDGE('',*,*,#4193,.T.);
#5904=EDGE_LOOP('',(#5891,#5893,#5895,#5897,#5899,#5901,#5902,#5903));
#5905=FACE_OUTER_BOUND('',#5904,.F.);
#5906=ADVANCED_FACE('',(#5905),#5889,.T.);
#5907=CARTESIAN_POINT('',(-1.3E-1,0.E0,0.E0));
#5908=DIRECTION('',(1.E0,0.E0,0.E0));
#5909=DIRECTION('',(0.E0,0.E0,-1.E0));
#5910=AXIS2_PLACEMENT_3D('',#5907,#5908,#5909);
#5911=PLANE('',#5910);
#5912=ORIENTED_EDGE('',*,*,#4533,.F.);
#5914=ORIENTED_EDGE('',*,*,#5913,.F.);
#5916=ORIENTED_EDGE('',*,*,#5915,.F.);
#5918=ORIENTED_EDGE('',*,*,#5917,.F.);
#5920=ORIENTED_EDGE('',*,*,#5919,.F.);
#5922=ORIENTED_EDGE('',*,*,#5921,.F.);
#5924=ORIENTED_EDGE('',*,*,#5923,.F.);
#5925=ORIENTED_EDGE('',*,*,#4620,.F.);
#5926=EDGE_LOOP('',(#5912,#5914,#5916,#5918,#5920,#5922,#5924,#5925));
#5927=FACE_OUTER_BOUND('',#5926,.F.);
#5928=ADVANCED_FACE('',(#5927),#5911,.T.);
#5929=CARTESIAN_POINT('',(-2.7E-1,-5.8E-1,-8.3E-1));
#5930=DIRECTION('',(0.E0,1.E0,0.E0));
#5931=DIRECTION('',(0.E0,0.E0,1.E0));
#5932=AXIS2_PLACEMENT_3D('',#5929,#5930,#5931);
#5933=PLANE('',#5932);
#5935=ORIENTED_EDGE('',*,*,#5934,.F.);
#5937=ORIENTED_EDGE('',*,*,#5936,.T.);
#5938=ORIENTED_EDGE('',*,*,#5890,.T.);
#5939=ORIENTED_EDGE('',*,*,#4191,.F.);
#5940=EDGE_LOOP('',(#5935,#5937,#5938,#5939));
#5941=FACE_OUTER_BOUND('',#5940,.F.);
#5942=ADVANCED_FACE('',(#5941),#5933,.T.);
#5943=CARTESIAN_POINT('',(-2.7E-1,0.E0,0.E0));
#5944=DIRECTION('',(1.E0,0.E0,0.E0));
#5945=DIRECTION('',(0.E0,0.E0,-1.E0));
#5946=AXIS2_PLACEMENT_3D('',#5943,#5944,#5945);
#5947=PLANE('',#5946);
#5948=ORIENTED_EDGE('',*,*,#5934,.T.);
#5949=ORIENTED_EDGE('',*,*,#4189,.F.);
#5950=ORIENTED_EDGE('',*,*,#4439,.T.);
#5952=ORIENTED_EDGE('',*,*,#5951,.T.);
#5954=ORIENTED_EDGE('',*,*,#5953,.T.);
#5956=ORIENTED_EDGE('',*,*,#5955,.T.);
#5958=ORIENTED_EDGE('',*,*,#5957,.T.);
#5960=ORIENTED_EDGE('',*,*,#5959,.T.);
#5961=EDGE_LOOP('',(#5948,#5949,#5950,#5952,#5954,#5956,#5958,#5960));
#5962=FACE_OUTER_BOUND('',#5961,.F.);
#5963=ADVANCED_FACE('',(#5962),#5947,.F.);
#5964=CARTESIAN_POINT('',(-2.7E-1,0.E0,0.E0));
#5965=DIRECTION('',(1.E0,0.E0,0.E0));
#5966=DIRECTION('',(0.E0,0.E0,-1.E0));
#5967=AXIS2_PLACEMENT_3D('',#5964,#5965,#5966);
#5968=PLANE('',#5967);
#5969=ORIENTED_EDGE('',*,*,#4529,.T.);
#5970=ORIENTED_EDGE('',*,*,#4624,.T.);
#5972=ORIENTED_EDGE('',*,*,#5971,.T.);
#5974=ORIENTED_EDGE('',*,*,#5973,.T.);
#5976=ORIENTED_EDGE('',*,*,#5975,.T.);
#5978=ORIENTED_EDGE('',*,*,#5977,.T.);
#5980=ORIENTED_EDGE('',*,*,#5979,.T.);
#5982=ORIENTED_EDGE('',*,*,#5981,.T.);
#5983=EDGE_LOOP('',(#5969,#5970,#5972,#5974,#5976,#5978,#5980,#5982));
#5984=FACE_OUTER_BOUND('',#5983,.F.);
#5985=ADVANCED_FACE('',(#5984),#5968,.F.);
#5986=CARTESIAN_POINT('',(-2.7E-1,-6.6E-1,-8.3E-1));
#5987=DIRECTION('',(0.E0,-7.071067811865E-1,7.071067811866E-1));
#5988=DIRECTION('',(0.E0,-7.071067811866E-1,-7.071067811865E-1));
#5989=AXIS2_PLACEMENT_3D('',#5986,#5987,#5988);
#5990=PLANE('',#5989);
#5991=ORIENTED_EDGE('',*,*,#5951,.F.);
#5992=ORIENTED_EDGE('',*,*,#4437,.T.);
#5993=ORIENTED_EDGE('',*,*,#5900,.T.);
#5995=ORIENTED_EDGE('',*,*,#5994,.F.);
#5996=EDGE_LOOP('',(#5991,#5992,#5993,#5995));
#5997=FACE_OUTER_BOUND('',#5996,.F.);
#5998=ADVANCED_FACE('',(#5997),#5990,.T.);
#5999=CARTESIAN_POINT('',(-2.7E-1,-6.8E-1,-8.5E-1));
#6000=DIRECTION('',(0.E0,-1.E0,0.E0));
#6001=DIRECTION('',(0.E0,0.E0,-1.E0));
#6002=AXIS2_PLACEMENT_3D('',#5999,#6000,#6001);
#6003=PLANE('',#6002);
#6004=ORIENTED_EDGE('',*,*,#5953,.F.);
#6005=ORIENTED_EDGE('',*,*,#5994,.T.);
#6006=ORIENTED_EDGE('',*,*,#5898,.T.);
#6008=ORIENTED_EDGE('',*,*,#6007,.F.);
#6009=EDGE_LOOP('',(#6004,#6005,#6006,#6008));
#6010=FACE_OUTER_BOUND('',#6009,.F.);
#6011=ADVANCED_FACE('',(#6010),#6003,.T.);
#6012=CARTESIAN_POINT('',(-2.7E-1,-6.8E-1,-1.05E0));
#6013=DIRECTION('',(0.E0,0.E0,-1.E0));
#6014=DIRECTION('',(0.E0,1.E0,0.E0));
#6015=AXIS2_PLACEMENT_3D('',#6012,#6013,#6014);
#6016=PLANE('',#6015);
#6017=ORIENTED_EDGE('',*,*,#5955,.F.);
#6018=ORIENTED_EDGE('',*,*,#6007,.T.);
#6019=ORIENTED_EDGE('',*,*,#5896,.T.);
#6021=ORIENTED_EDGE('',*,*,#6020,.F.);
#6022=EDGE_LOOP('',(#6017,#6018,#6019,#6021));
#6023=FACE_OUTER_BOUND('',#6022,.F.);
#6024=ADVANCED_FACE('',(#6023),#6016,.T.);
#6025=CARTESIAN_POINT('',(-2.7E-1,-6.E-1,-1.05E0));
#6026=DIRECTION('',(0.E0,1.E0,0.E0));
#6027=DIRECTION('',(0.E0,0.E0,1.E0));
#6028=AXIS2_PLACEMENT_3D('',#6025,#6026,#6027);
#6029=PLANE('',#6028);
#6030=ORIENTED_EDGE('',*,*,#5957,.F.);
#6031=ORIENTED_EDGE('',*,*,#6020,.T.);
#6032=ORIENTED_EDGE('',*,*,#5894,.T.);
#6034=ORIENTED_EDGE('',*,*,#6033,.F.);
#6035=EDGE_LOOP('',(#6030,#6031,#6032,#6034));
#6036=FACE_OUTER_BOUND('',#6035,.F.);
#6037=ADVANCED_FACE('',(#6036),#6029,.T.);
#6038=CARTESIAN_POINT('',(-2.7E-1,-6.E-1,-8.5E-1));
#6039=DIRECTION('',(0.E0,7.071067811865E-1,-7.071067811866E-1));
#6040=DIRECTION('',(0.E0,7.071067811866E-1,7.071067811865E-1));
#6041=AXIS2_PLACEMENT_3D('',#6038,#6039,#6040);
#6042=PLANE('',#6041);
#6043=ORIENTED_EDGE('',*,*,#5959,.F.);
#6044=ORIENTED_EDGE('',*,*,#6033,.T.);
#6045=ORIENTED_EDGE('',*,*,#5892,.T.);
#6046=ORIENTED_EDGE('',*,*,#5936,.F.);
#6047=EDGE_LOOP('',(#6043,#6044,#6045,#6046));
#6048=FACE_OUTER_BOUND('',#6047,.F.);
#6049=ADVANCED_FACE('',(#6048),#6042,.T.);
#6050=CARTESIAN_POINT('',(-2.7E-1,-5.8E-1,7.1E-1));
#6051=DIRECTION('',(0.E0,1.E0,0.E0));
#6052=DIRECTION('',(0.E0,0.E0,1.E0));
#6053=AXIS2_PLACEMENT_3D('',#6050,#6051,#6052);
#6054=PLANE('',#6053);
#6055=ORIENTED_EDGE('',*,*,#5971,.F.);
#6056=ORIENTED_EDGE('',*,*,#4622,.T.);
#6057=ORIENTED_EDGE('',*,*,#5923,.T.);
#6059=ORIENTED_EDGE('',*,*,#6058,.F.);
#6060=EDGE_LOOP('',(#6055,#6056,#6057,#6059));
#6061=FACE_OUTER_BOUND('',#6060,.F.);
#6062=ADVANCED_FACE('',(#6061),#6054,.T.);
#6063=CARTESIAN_POINT('',(-2.7E-1,-5.8E-1,8.3E-1));
#6064=DIRECTION('',(0.E0,7.071067811865E-1,7.071067811866E-1));
#6065=DIRECTION('',(0.E0,-7.071067811866E-1,7.071067811865E-1));
#6066=AXIS2_PLACEMENT_3D('',#6063,#6064,#6065);
#6067=PLANE('',#6066);
#6068=ORIENTED_EDGE('',*,*,#5973,.F.);
#6069=ORIENTED_EDGE('',*,*,#6058,.T.);
#6070=ORIENTED_EDGE('',*,*,#5921,.T.);
#6072=ORIENTED_EDGE('',*,*,#6071,.F.);
#6073=EDGE_LOOP('',(#6068,#6069,#6070,#6072));
#6074=FACE_OUTER_BOUND('',#6073,.F.);
#6075=ADVANCED_FACE('',(#6074),#6067,.T.);
#6076=CARTESIAN_POINT('',(-2.7E-1,-6.E-1,8.5E-1));
#6077=DIRECTION('',(0.E0,1.E0,0.E0));
#6078=DIRECTION('',(0.E0,0.E0,1.E0));
#6079=AXIS2_PLACEMENT_3D('',#6076,#6077,#6078);
#6080=PLANE('',#6079);
#6081=ORIENTED_EDGE('',*,*,#5975,.F.);
#6082=ORIENTED_EDGE('',*,*,#6071,.T.);
#6083=ORIENTED_EDGE('',*,*,#5919,.T.);
#6085=ORIENTED_EDGE('',*,*,#6084,.F.);
#6086=EDGE_LOOP('',(#6081,#6082,#6083,#6085));
#6087=FACE_OUTER_BOUND('',#6086,.F.);
#6088=ADVANCED_FACE('',(#6087),#6080,.T.);
#6089=CARTESIAN_POINT('',(-2.7E-1,-6.E-1,1.05E0));
#6090=DIRECTION('',(0.E0,0.E0,1.E0));
#6091=DIRECTION('',(0.E0,-1.E0,0.E0));
#6092=AXIS2_PLACEMENT_3D('',#6089,#6090,#6091);
#6093=PLANE('',#6092);
#6094=ORIENTED_EDGE('',*,*,#5977,.F.);
#6095=ORIENTED_EDGE('',*,*,#6084,.T.);
#6096=ORIENTED_EDGE('',*,*,#5917,.T.);
#6098=ORIENTED_EDGE('',*,*,#6097,.F.);
#6099=EDGE_LOOP('',(#6094,#6095,#6096,#6098));
#6100=FACE_OUTER_BOUND('',#6099,.F.);
#6101=ADVANCED_FACE('',(#6100),#6093,.T.);
#6102=CARTESIAN_POINT('',(-2.7E-1,-6.8E-1,1.05E0));
#6103=DIRECTION('',(0.E0,-1.E0,0.E0));
#6104=DIRECTION('',(0.E0,0.E0,-1.E0));
#6105=AXIS2_PLACEMENT_3D('',#6102,#6103,#6104);
#6106=PLANE('',#6105);
#6107=ORIENTED_EDGE('',*,*,#5979,.F.);
#6108=ORIENTED_EDGE('',*,*,#6097,.T.);
#6109=ORIENTED_EDGE('',*,*,#5915,.T.);
#6111=ORIENTED_EDGE('',*,*,#6110,.F.);
#6112=EDGE_LOOP('',(#6107,#6108,#6109,#6111));
#6113=FACE_OUTER_BOUND('',#6112,.F.);
#6114=ADVANCED_FACE('',(#6113),#6106,.T.);
#6115=CARTESIAN_POINT('',(-2.7E-1,-6.8E-1,8.5E-1));
#6116=DIRECTION('',(0.E0,-7.071067811865E-1,-7.071067811866E-1));
#6117=DIRECTION('',(0.E0,7.071067811866E-1,-7.071067811865E-1));
#6118=AXIS2_PLACEMENT_3D('',#6115,#6116,#6117);
#6119=PLANE('',#6118);
#6120=ORIENTED_EDGE('',*,*,#5981,.F.);
#6121=ORIENTED_EDGE('',*,*,#6110,.T.);
#6122=ORIENTED_EDGE('',*,*,#5913,.T.);
#6123=ORIENTED_EDGE('',*,*,#4531,.F.);
#6124=EDGE_LOOP('',(#6120,#6121,#6122,#6123));
#6125=FACE_OUTER_BOUND('',#6124,.F.);
#6126=ADVANCED_FACE('',(#6125),#6119,.T.);
#6127=CARTESIAN_POINT('',(-5.3E-1,0.E0,0.E0));
#6128=DIRECTION('',(1.E0,0.E0,0.E0));
#6129=DIRECTION('',(0.E0,0.E0,-1.E0));
#6130=AXIS2_PLACEMENT_3D('',#6127,#6128,#6129);
#6131=PLANE('',#6130);
#6133=ORIENTED_EDGE('',*,*,#6132,.F.);
#6135=ORIENTED_EDGE('',*,*,#6134,.F.);
#6137=ORIENTED_EDGE('',*,*,#6136,.F.);
#6139=ORIENTED_EDGE('',*,*,#6138,.F.);
#6141=ORIENTED_EDGE('',*,*,#6140,.F.);
#6143=ORIENTED_EDGE('',*,*,#6142,.F.);
#6144=ORIENTED_EDGE('',*,*,#4442,.F.);
#6145=ORIENTED_EDGE('',*,*,#4185,.T.);
#6146=EDGE_LOOP('',(#6133,#6135,#6137,#6139,#6141,#6143,#6144,#6145));
#6147=FACE_OUTER_BOUND('',#6146,.F.);
#6148=ADVANCED_FACE('',(#6147),#6131,.T.);
#6149=CARTESIAN_POINT('',(-5.3E-1,0.E0,0.E0));
#6150=DIRECTION('',(1.E0,0.E0,0.E0));
#6151=DIRECTION('',(0.E0,0.E0,-1.E0));
#6152=AXIS2_PLACEMENT_3D('',#6149,#6150,#6151);
#6153=PLANE('',#6152);
#6154=ORIENTED_EDGE('',*,*,#4525,.F.);
#6156=ORIENTED_EDGE('',*,*,#6155,.F.);
#6158=ORIENTED_EDGE('',*,*,#6157,.F.);
#6160=ORIENTED_EDGE('',*,*,#6159,.F.);
#6162=ORIENTED_EDGE('',*,*,#6161,.F.);
#6164=ORIENTED_EDGE('',*,*,#6163,.F.);
#6166=ORIENTED_EDGE('',*,*,#6165,.F.);
#6167=ORIENTED_EDGE('',*,*,#4627,.F.);
#6168=EDGE_LOOP('',(#6154,#6156,#6158,#6160,#6162,#6164,#6166,#6167));
#6169=FACE_OUTER_BOUND('',#6168,.F.);
#6170=ADVANCED_FACE('',(#6169),#6153,.T.);
#6171=CARTESIAN_POINT('',(-6.7E-1,-5.8E-1,-8.3E-1));
#6172=DIRECTION('',(0.E0,1.E0,0.E0));
#6173=DIRECTION('',(0.E0,0.E0,1.E0));
#6174=AXIS2_PLACEMENT_3D('',#6171,#6172,#6173);
#6175=PLANE('',#6174);
#6177=ORIENTED_EDGE('',*,*,#6176,.F.);
#6179=ORIENTED_EDGE('',*,*,#6178,.T.);
#6180=ORIENTED_EDGE('',*,*,#6132,.T.);
#6181=ORIENTED_EDGE('',*,*,#4183,.F.);
#6182=EDGE_LOOP('',(#6177,#6179,#6180,#6181));
#6183=FACE_OUTER_BOUND('',#6182,.F.);
#6184=ADVANCED_FACE('',(#6183),#6175,.T.);
#6185=CARTESIAN_POINT('',(-6.7E-1,0.E0,0.E0));
#6186=DIRECTION('',(1.E0,0.E0,0.E0));
#6187=DIRECTION('',(0.E0,0.E0,-1.E0));
#6188=AXIS2_PLACEMENT_3D('',#6185,#6186,#6187);
#6189=PLANE('',#6188);
#6190=ORIENTED_EDGE('',*,*,#6176,.T.);
#6191=ORIENTED_EDGE('',*,*,#4181,.F.);
#6192=ORIENTED_EDGE('',*,*,#4446,.T.);
#6194=ORIENTED_EDGE('',*,*,#6193,.T.);
#6196=ORIENTED_EDGE('',*,*,#6195,.T.);
#6198=ORIENTED_EDGE('',*,*,#6197,.T.);
#6200=ORIENTED_EDGE('',*,*,#6199,.T.);
#6202=ORIENTED_EDGE('',*,*,#6201,.T.);
#6203=EDGE_LOOP('',(#6190,#6191,#6192,#6194,#6196,#6198,#6200,#6202));
#6204=FACE_OUTER_BOUND('',#6203,.F.);
#6205=ADVANCED_FACE('',(#6204),#6189,.F.);
#6206=CARTESIAN_POINT('',(-6.7E-1,0.E0,0.E0));
#6207=DIRECTION('',(1.E0,0.E0,0.E0));
#6208=DIRECTION('',(0.E0,0.E0,-1.E0));
#6209=AXIS2_PLACEMENT_3D('',#6206,#6207,#6208);
#6210=PLANE('',#6209);
#6211=ORIENTED_EDGE('',*,*,#4521,.T.);
#6212=ORIENTED_EDGE('',*,*,#4631,.T.);
#6214=ORIENTED_EDGE('',*,*,#6213,.T.);
#6216=ORIENTED_EDGE('',*,*,#6215,.T.);
#6218=ORIENTED_EDGE('',*,*,#6217,.T.);
#6220=ORIENTED_EDGE('',*,*,#6219,.T.);
#6222=ORIENTED_EDGE('',*,*,#6221,.T.);
#6224=ORIENTED_EDGE('',*,*,#6223,.T.);
#6225=EDGE_LOOP('',(#6211,#6212,#6214,#6216,#6218,#6220,#6222,#6224));
#6226=FACE_OUTER_BOUND('',#6225,.F.);
#6227=ADVANCED_FACE('',(#6226),#6210,.F.);
#6228=CARTESIAN_POINT('',(-6.7E-1,-6.6E-1,-8.3E-1));
#6229=DIRECTION('',(0.E0,-7.071067811865E-1,7.071067811866E-1));
#6230=DIRECTION('',(0.E0,-7.071067811866E-1,-7.071067811865E-1));
#6231=AXIS2_PLACEMENT_3D('',#6228,#6229,#6230);
#6232=PLANE('',#6231);
#6233=ORIENTED_EDGE('',*,*,#6193,.F.);
#6234=ORIENTED_EDGE('',*,*,#4444,.T.);
#6235=ORIENTED_EDGE('',*,*,#6142,.T.);
#6237=ORIENTED_EDGE('',*,*,#6236,.F.);
#6238=EDGE_LOOP('',(#6233,#6234,#6235,#6237));
#6239=FACE_OUTER_BOUND('',#6238,.F.);
#6240=ADVANCED_FACE('',(#6239),#6232,.T.);
#6241=CARTESIAN_POINT('',(-6.7E-1,-6.8E-1,-8.5E-1));
#6242=DIRECTION('',(0.E0,-1.E0,0.E0));
#6243=DIRECTION('',(0.E0,0.E0,-1.E0));
#6244=AXIS2_PLACEMENT_3D('',#6241,#6242,#6243);
#6245=PLANE('',#6244);
#6246=ORIENTED_EDGE('',*,*,#6195,.F.);
#6247=ORIENTED_EDGE('',*,*,#6236,.T.);
#6248=ORIENTED_EDGE('',*,*,#6140,.T.);
#6250=ORIENTED_EDGE('',*,*,#6249,.F.);
#6251=EDGE_LOOP('',(#6246,#6247,#6248,#6250));
#6252=FACE_OUTER_BOUND('',#6251,.F.);
#6253=ADVANCED_FACE('',(#6252),#6245,.T.);
#6254=CARTESIAN_POINT('',(-6.7E-1,-6.8E-1,-1.05E0));
#6255=DIRECTION('',(0.E0,0.E0,-1.E0));
#6256=DIRECTION('',(0.E0,1.E0,0.E0));
#6257=AXIS2_PLACEMENT_3D('',#6254,#6255,#6256);
#6258=PLANE('',#6257);
#6259=ORIENTED_EDGE('',*,*,#6197,.F.);
#6260=ORIENTED_EDGE('',*,*,#6249,.T.);
#6261=ORIENTED_EDGE('',*,*,#6138,.T.);
#6263=ORIENTED_EDGE('',*,*,#6262,.F.);
#6264=EDGE_LOOP('',(#6259,#6260,#6261,#6263));
#6265=FACE_OUTER_BOUND('',#6264,.F.);
#6266=ADVANCED_FACE('',(#6265),#6258,.T.);
#6267=CARTESIAN_POINT('',(-6.7E-1,-6.E-1,-1.05E0));
#6268=DIRECTION('',(0.E0,1.E0,0.E0));
#6269=DIRECTION('',(0.E0,0.E0,1.E0));
#6270=AXIS2_PLACEMENT_3D('',#6267,#6268,#6269);
#6271=PLANE('',#6270);
#6272=ORIENTED_EDGE('',*,*,#6199,.F.);
#6273=ORIENTED_EDGE('',*,*,#6262,.T.);
#6274=ORIENTED_EDGE('',*,*,#6136,.T.);
#6276=ORIENTED_EDGE('',*,*,#6275,.F.);
#6277=EDGE_LOOP('',(#6272,#6273,#6274,#6276));
#6278=FACE_OUTER_BOUND('',#6277,.F.);
#6279=ADVANCED_FACE('',(#6278),#6271,.T.);
#6280=CARTESIAN_POINT('',(-6.7E-1,-6.E-1,-8.5E-1));
#6281=DIRECTION('',(0.E0,7.071067811865E-1,-7.071067811866E-1));
#6282=DIRECTION('',(0.E0,7.071067811866E-1,7.071067811865E-1));
#6283=AXIS2_PLACEMENT_3D('',#6280,#6281,#6282);
#6284=PLANE('',#6283);
#6285=ORIENTED_EDGE('',*,*,#6201,.F.);
#6286=ORIENTED_EDGE('',*,*,#6275,.T.);
#6287=ORIENTED_EDGE('',*,*,#6134,.T.);
#6288=ORIENTED_EDGE('',*,*,#6178,.F.);
#6289=EDGE_LOOP('',(#6285,#6286,#6287,#6288));
#6290=FACE_OUTER_BOUND('',#6289,.F.);
#6291=ADVANCED_FACE('',(#6290),#6284,.T.);
#6292=CARTESIAN_POINT('',(-6.7E-1,-5.8E-1,7.1E-1));
#6293=DIRECTION('',(0.E0,1.E0,0.E0));
#6294=DIRECTION('',(0.E0,0.E0,1.E0));
#6295=AXIS2_PLACEMENT_3D('',#6292,#6293,#6294);
#6296=PLANE('',#6295);
#6297=ORIENTED_EDGE('',*,*,#6213,.F.);
#6298=ORIENTED_EDGE('',*,*,#4629,.T.);
#6299=ORIENTED_EDGE('',*,*,#6165,.T.);
#6301=ORIENTED_EDGE('',*,*,#6300,.F.);
#6302=EDGE_LOOP('',(#6297,#6298,#6299,#6301));
#6303=FACE_OUTER_BOUND('',#6302,.F.);
#6304=ADVANCED_FACE('',(#6303),#6296,.T.);
#6305=CARTESIAN_POINT('',(-6.7E-1,-5.8E-1,8.3E-1));
#6306=DIRECTION('',(0.E0,7.071067811865E-1,7.071067811866E-1));
#6307=DIRECTION('',(0.E0,-7.071067811866E-1,7.071067811865E-1));
#6308=AXIS2_PLACEMENT_3D('',#6305,#6306,#6307);
#6309=PLANE('',#6308);
#6310=ORIENTED_EDGE('',*,*,#6215,.F.);
#6311=ORIENTED_EDGE('',*,*,#6300,.T.);
#6312=ORIENTED_EDGE('',*,*,#6163,.T.);
#6314=ORIENTED_EDGE('',*,*,#6313,.F.);
#6315=EDGE_LOOP('',(#6310,#6311,#6312,#6314));
#6316=FACE_OUTER_BOUND('',#6315,.F.);
#6317=ADVANCED_FACE('',(#6316),#6309,.T.);
#6318=CARTESIAN_POINT('',(-6.7E-1,-6.E-1,8.5E-1));
#6319=DIRECTION('',(0.E0,1.E0,0.E0));
#6320=DIRECTION('',(0.E0,0.E0,1.E0));
#6321=AXIS2_PLACEMENT_3D('',#6318,#6319,#6320);
#6322=PLANE('',#6321);
#6323=ORIENTED_EDGE('',*,*,#6217,.F.);
#6324=ORIENTED_EDGE('',*,*,#6313,.T.);
#6325=ORIENTED_EDGE('',*,*,#6161,.T.);
#6327=ORIENTED_EDGE('',*,*,#6326,.F.);
#6328=EDGE_LOOP('',(#6323,#6324,#6325,#6327));
#6329=FACE_OUTER_BOUND('',#6328,.F.);
#6330=ADVANCED_FACE('',(#6329),#6322,.T.);
#6331=CARTESIAN_POINT('',(-6.7E-1,-6.E-1,1.05E0));
#6332=DIRECTION('',(0.E0,0.E0,1.E0));
#6333=DIRECTION('',(0.E0,-1.E0,0.E0));
#6334=AXIS2_PLACEMENT_3D('',#6331,#6332,#6333);
#6335=PLANE('',#6334);
#6336=ORIENTED_EDGE('',*,*,#6219,.F.);
#6337=ORIENTED_EDGE('',*,*,#6326,.T.);
#6338=ORIENTED_EDGE('',*,*,#6159,.T.);
#6340=ORIENTED_EDGE('',*,*,#6339,.F.);
#6341=EDGE_LOOP('',(#6336,#6337,#6338,#6340));
#6342=FACE_OUTER_BOUND('',#6341,.F.);
#6343=ADVANCED_FACE('',(#6342),#6335,.T.);
#6344=CARTESIAN_POINT('',(-6.7E-1,-6.8E-1,1.05E0));
#6345=DIRECTION('',(0.E0,-1.E0,0.E0));
#6346=DIRECTION('',(0.E0,0.E0,-1.E0));
#6347=AXIS2_PLACEMENT_3D('',#6344,#6345,#6346);
#6348=PLANE('',#6347);
#6349=ORIENTED_EDGE('',*,*,#6221,.F.);
#6350=ORIENTED_EDGE('',*,*,#6339,.T.);
#6351=ORIENTED_EDGE('',*,*,#6157,.T.);
#6353=ORIENTED_EDGE('',*,*,#6352,.F.);
#6354=EDGE_LOOP('',(#6349,#6350,#6351,#6353));
#6355=FACE_OUTER_BOUND('',#6354,.F.);
#6356=ADVANCED_FACE('',(#6355),#6348,.T.);
#6357=CARTESIAN_POINT('',(-6.7E-1,-6.8E-1,8.5E-1));
#6358=DIRECTION('',(0.E0,-7.071067811865E-1,-7.071067811866E-1));
#6359=DIRECTION('',(0.E0,7.071067811866E-1,-7.071067811865E-1));
#6360=AXIS2_PLACEMENT_3D('',#6357,#6358,#6359);
#6361=PLANE('',#6360);
#6362=ORIENTED_EDGE('',*,*,#6223,.F.);
#6363=ORIENTED_EDGE('',*,*,#6352,.T.);
#6364=ORIENTED_EDGE('',*,*,#6155,.T.);
#6365=ORIENTED_EDGE('',*,*,#4523,.F.);
#6366=EDGE_LOOP('',(#6362,#6363,#6364,#6365));
#6367=FACE_OUTER_BOUND('',#6366,.F.);
#6368=ADVANCED_FACE('',(#6367),#6361,.T.);
#6369=CARTESIAN_POINT('',(-9.3E-1,0.E0,0.E0));
#6370=DIRECTION('',(1.E0,0.E0,0.E0));
#6371=DIRECTION('',(0.E0,0.E0,-1.E0));
#6372=AXIS2_PLACEMENT_3D('',#6369,#6370,#6371);
#6373=PLANE('',#6372);
#6375=ORIENTED_EDGE('',*,*,#6374,.F.);
#6377=ORIENTED_EDGE('',*,*,#6376,.F.);
#6379=ORIENTED_EDGE('',*,*,#6378,.F.);
#6381=ORIENTED_EDGE('',*,*,#6380,.F.);
#6383=ORIENTED_EDGE('',*,*,#6382,.F.);
#6385=ORIENTED_EDGE('',*,*,#6384,.F.);
#6386=ORIENTED_EDGE('',*,*,#4449,.F.);
#6387=ORIENTED_EDGE('',*,*,#4177,.T.);
#6388=EDGE_LOOP('',(#6375,#6377,#6379,#6381,#6383,#6385,#6386,#6387));
#6389=FACE_OUTER_BOUND('',#6388,.F.);
#6390=ADVANCED_FACE('',(#6389),#6373,.T.);
#6391=CARTESIAN_POINT('',(-9.3E-1,0.E0,0.E0));
#6392=DIRECTION('',(1.E0,0.E0,0.E0));
#6393=DIRECTION('',(0.E0,0.E0,-1.E0));
#6394=AXIS2_PLACEMENT_3D('',#6391,#6392,#6393);
#6395=PLANE('',#6394);
#6396=ORIENTED_EDGE('',*,*,#4517,.F.);
#6398=ORIENTED_EDGE('',*,*,#6397,.F.);
#6400=ORIENTED_EDGE('',*,*,#6399,.F.);
#6402=ORIENTED_EDGE('',*,*,#6401,.F.);
#6404=ORIENTED_EDGE('',*,*,#6403,.F.);
#6406=ORIENTED_EDGE('',*,*,#6405,.F.);
#6408=ORIENTED_EDGE('',*,*,#6407,.F.);
#6409=ORIENTED_EDGE('',*,*,#4634,.F.);
#6410=EDGE_LOOP('',(#6396,#6398,#6400,#6402,#6404,#6406,#6408,#6409));
#6411=FACE_OUTER_BOUND('',#6410,.F.);
#6412=ADVANCED_FACE('',(#6411),#6395,.T.);
#6413=CARTESIAN_POINT('',(-1.07E0,-5.8E-1,-8.3E-1));
#6414=DIRECTION('',(0.E0,1.E0,0.E0));
#6415=DIRECTION('',(0.E0,0.E0,1.E0));
#6416=AXIS2_PLACEMENT_3D('',#6413,#6414,#6415);
#6417=PLANE('',#6416);
#6419=ORIENTED_EDGE('',*,*,#6418,.F.);
#6421=ORIENTED_EDGE('',*,*,#6420,.T.);
#6422=ORIENTED_EDGE('',*,*,#6374,.T.);
#6423=ORIENTED_EDGE('',*,*,#4175,.F.);
#6424=EDGE_LOOP('',(#6419,#6421,#6422,#6423));
#6425=FACE_OUTER_BOUND('',#6424,.F.);
#6426=ADVANCED_FACE('',(#6425),#6417,.T.);
#6427=CARTESIAN_POINT('',(-1.07E0,0.E0,0.E0));
#6428=DIRECTION('',(1.E0,0.E0,0.E0));
#6429=DIRECTION('',(0.E0,0.E0,-1.E0));
#6430=AXIS2_PLACEMENT_3D('',#6427,#6428,#6429);
#6431=PLANE('',#6430);
#6432=ORIENTED_EDGE('',*,*,#6418,.T.);
#6433=ORIENTED_EDGE('',*,*,#4173,.F.);
#6434=ORIENTED_EDGE('',*,*,#4453,.T.);
#6436=ORIENTED_EDGE('',*,*,#6435,.T.);
#6438=ORIENTED_EDGE('',*,*,#6437,.T.);
#6440=ORIENTED_EDGE('',*,*,#6439,.T.);
#6442=ORIENTED_EDGE('',*,*,#6441,.T.);
#6444=ORIENTED_EDGE('',*,*,#6443,.T.);
#6445=EDGE_LOOP('',(#6432,#6433,#6434,#6436,#6438,#6440,#6442,#6444));
#6446=FACE_OUTER_BOUND('',#6445,.F.);
#6447=ADVANCED_FACE('',(#6446),#6431,.F.);
#6448=CARTESIAN_POINT('',(-1.07E0,0.E0,0.E0));
#6449=DIRECTION('',(1.E0,0.E0,0.E0));
#6450=DIRECTION('',(0.E0,0.E0,-1.E0));
#6451=AXIS2_PLACEMENT_3D('',#6448,#6449,#6450);
#6452=PLANE('',#6451);
#6453=ORIENTED_EDGE('',*,*,#4513,.T.);
#6454=ORIENTED_EDGE('',*,*,#4638,.T.);
#6456=ORIENTED_EDGE('',*,*,#6455,.T.);
#6458=ORIENTED_EDGE('',*,*,#6457,.T.);
#6460=ORIENTED_EDGE('',*,*,#6459,.T.);
#6462=ORIENTED_EDGE('',*,*,#6461,.T.);
#6464=ORIENTED_EDGE('',*,*,#6463,.T.);
#6466=ORIENTED_EDGE('',*,*,#6465,.T.);
#6467=EDGE_LOOP('',(#6453,#6454,#6456,#6458,#6460,#6462,#6464,#6466));
#6468=FACE_OUTER_BOUND('',#6467,.F.);
#6469=ADVANCED_FACE('',(#6468),#6452,.F.);
#6470=CARTESIAN_POINT('',(-1.07E0,-6.6E-1,-8.3E-1));
#6471=DIRECTION('',(0.E0,-7.071067811865E-1,7.071067811866E-1));
#6472=DIRECTION('',(0.E0,-7.071067811866E-1,-7.071067811865E-1));
#6473=AXIS2_PLACEMENT_3D('',#6470,#6471,#6472);
#6474=PLANE('',#6473);
#6475=ORIENTED_EDGE('',*,*,#6435,.F.);
#6476=ORIENTED_EDGE('',*,*,#4451,.T.);
#6477=ORIENTED_EDGE('',*,*,#6384,.T.);
#6479=ORIENTED_EDGE('',*,*,#6478,.F.);
#6480=EDGE_LOOP('',(#6475,#6476,#6477,#6479));
#6481=FACE_OUTER_BOUND('',#6480,.F.);
#6482=ADVANCED_FACE('',(#6481),#6474,.T.);
#6483=CARTESIAN_POINT('',(-1.07E0,-6.8E-1,-8.5E-1));
#6484=DIRECTION('',(0.E0,-1.E0,0.E0));
#6485=DIRECTION('',(0.E0,0.E0,-1.E0));
#6486=AXIS2_PLACEMENT_3D('',#6483,#6484,#6485);
#6487=PLANE('',#6486);
#6488=ORIENTED_EDGE('',*,*,#6437,.F.);
#6489=ORIENTED_EDGE('',*,*,#6478,.T.);
#6490=ORIENTED_EDGE('',*,*,#6382,.T.);
#6492=ORIENTED_EDGE('',*,*,#6491,.F.);
#6493=EDGE_LOOP('',(#6488,#6489,#6490,#6492));
#6494=FACE_OUTER_BOUND('',#6493,.F.);
#6495=ADVANCED_FACE('',(#6494),#6487,.T.);
#6496=CARTESIAN_POINT('',(-1.07E0,-6.8E-1,-1.05E0));
#6497=DIRECTION('',(0.E0,0.E0,-1.E0));
#6498=DIRECTION('',(0.E0,1.E0,0.E0));
#6499=AXIS2_PLACEMENT_3D('',#6496,#6497,#6498);
#6500=PLANE('',#6499);
#6501=ORIENTED_EDGE('',*,*,#6439,.F.);
#6502=ORIENTED_EDGE('',*,*,#6491,.T.);
#6503=ORIENTED_EDGE('',*,*,#6380,.T.);
#6505=ORIENTED_EDGE('',*,*,#6504,.F.);
#6506=EDGE_LOOP('',(#6501,#6502,#6503,#6505));
#6507=FACE_OUTER_BOUND('',#6506,.F.);
#6508=ADVANCED_FACE('',(#6507),#6500,.T.);
#6509=CARTESIAN_POINT('',(-1.07E0,-6.E-1,-1.05E0));
#6510=DIRECTION('',(0.E0,1.E0,0.E0));
#6511=DIRECTION('',(0.E0,0.E0,1.E0));
#6512=AXIS2_PLACEMENT_3D('',#6509,#6510,#6511);
#6513=PLANE('',#6512);
#6514=ORIENTED_EDGE('',*,*,#6441,.F.);
#6515=ORIENTED_EDGE('',*,*,#6504,.T.);
#6516=ORIENTED_EDGE('',*,*,#6378,.T.);
#6518=ORIENTED_EDGE('',*,*,#6517,.F.);
#6519=EDGE_LOOP('',(#6514,#6515,#6516,#6518));
#6520=FACE_OUTER_BOUND('',#6519,.F.);
#6521=ADVANCED_FACE('',(#6520),#6513,.T.);
#6522=CARTESIAN_POINT('',(-1.07E0,-6.E-1,-8.5E-1));
#6523=DIRECTION('',(0.E0,7.071067811865E-1,-7.071067811866E-1));
#6524=DIRECTION('',(0.E0,7.071067811866E-1,7.071067811865E-1));
#6525=AXIS2_PLACEMENT_3D('',#6522,#6523,#6524);
#6526=PLANE('',#6525);
#6527=ORIENTED_EDGE('',*,*,#6443,.F.);
#6528=ORIENTED_EDGE('',*,*,#6517,.T.);
#6529=ORIENTED_EDGE('',*,*,#6376,.T.);
#6530=ORIENTED_EDGE('',*,*,#6420,.F.);
#6531=EDGE_LOOP('',(#6527,#6528,#6529,#6530));
#6532=FACE_OUTER_BOUND('',#6531,.F.);
#6533=ADVANCED_FACE('',(#6532),#6526,.T.);
#6534=CARTESIAN_POINT('',(-1.07E0,-5.8E-1,7.1E-1));
#6535=DIRECTION('',(0.E0,1.E0,0.E0));
#6536=DIRECTION('',(0.E0,0.E0,1.E0));
#6537=AXIS2_PLACEMENT_3D('',#6534,#6535,#6536);
#6538=PLANE('',#6537);
#6539=ORIENTED_EDGE('',*,*,#6455,.F.);
#6540=ORIENTED_EDGE('',*,*,#4636,.T.);
#6541=ORIENTED_EDGE('',*,*,#6407,.T.);
#6543=ORIENTED_EDGE('',*,*,#6542,.F.);
#6544=EDGE_LOOP('',(#6539,#6540,#6541,#6543));
#6545=FACE_OUTER_BOUND('',#6544,.F.);
#6546=ADVANCED_FACE('',(#6545),#6538,.T.);
#6547=CARTESIAN_POINT('',(-1.07E0,-5.8E-1,8.3E-1));
#6548=DIRECTION('',(0.E0,7.071067811865E-1,7.071067811866E-1));
#6549=DIRECTION('',(0.E0,-7.071067811866E-1,7.071067811865E-1));
#6550=AXIS2_PLACEMENT_3D('',#6547,#6548,#6549);
#6551=PLANE('',#6550);
#6552=ORIENTED_EDGE('',*,*,#6457,.F.);
#6553=ORIENTED_EDGE('',*,*,#6542,.T.);
#6554=ORIENTED_EDGE('',*,*,#6405,.T.);
#6556=ORIENTED_EDGE('',*,*,#6555,.F.);
#6557=EDGE_LOOP('',(#6552,#6553,#6554,#6556));
#6558=FACE_OUTER_BOUND('',#6557,.F.);
#6559=ADVANCED_FACE('',(#6558),#6551,.T.);
#6560=CARTESIAN_POINT('',(-1.07E0,-6.E-1,8.5E-1));
#6561=DIRECTION('',(0.E0,1.E0,0.E0));
#6562=DIRECTION('',(0.E0,0.E0,1.E0));
#6563=AXIS2_PLACEMENT_3D('',#6560,#6561,#6562);
#6564=PLANE('',#6563);
#6565=ORIENTED_EDGE('',*,*,#6459,.F.);
#6566=ORIENTED_EDGE('',*,*,#6555,.T.);
#6567=ORIENTED_EDGE('',*,*,#6403,.T.);
#6569=ORIENTED_EDGE('',*,*,#6568,.F.);
#6570=EDGE_LOOP('',(#6565,#6566,#6567,#6569));
#6571=FACE_OUTER_BOUND('',#6570,.F.);
#6572=ADVANCED_FACE('',(#6571),#6564,.T.);
#6573=CARTESIAN_POINT('',(-1.07E0,-6.E-1,1.05E0));
#6574=DIRECTION('',(0.E0,0.E0,1.E0));
#6575=DIRECTION('',(0.E0,-1.E0,0.E0));
#6576=AXIS2_PLACEMENT_3D('',#6573,#6574,#6575);
#6577=PLANE('',#6576);
#6578=ORIENTED_EDGE('',*,*,#6461,.F.);
#6579=ORIENTED_EDGE('',*,*,#6568,.T.);
#6580=ORIENTED_EDGE('',*,*,#6401,.T.);
#6582=ORIENTED_EDGE('',*,*,#6581,.F.);
#6583=EDGE_LOOP('',(#6578,#6579,#6580,#6582));
#6584=FACE_OUTER_BOUND('',#6583,.F.);
#6585=ADVANCED_FACE('',(#6584),#6577,.T.);
#6586=CARTESIAN_POINT('',(-1.07E0,-6.8E-1,1.05E0));
#6587=DIRECTION('',(0.E0,-1.E0,0.E0));
#6588=DIRECTION('',(0.E0,0.E0,-1.E0));
#6589=AXIS2_PLACEMENT_3D('',#6586,#6587,#6588);
#6590=PLANE('',#6589);
#6591=ORIENTED_EDGE('',*,*,#6463,.F.);
#6592=ORIENTED_EDGE('',*,*,#6581,.T.);
#6593=ORIENTED_EDGE('',*,*,#6399,.T.);
#6595=ORIENTED_EDGE('',*,*,#6594,.F.);
#6596=EDGE_LOOP('',(#6591,#6592,#6593,#6595));
#6597=FACE_OUTER_BOUND('',#6596,.F.);
#6598=ADVANCED_FACE('',(#6597),#6590,.T.);
#6599=CARTESIAN_POINT('',(-1.07E0,-6.8E-1,8.5E-1));
#6600=DIRECTION('',(0.E0,-7.071067811865E-1,-7.071067811866E-1));
#6601=DIRECTION('',(0.E0,7.071067811866E-1,-7.071067811865E-1));
#6602=AXIS2_PLACEMENT_3D('',#6599,#6600,#6601);
#6603=PLANE('',#6602);
#6604=ORIENTED_EDGE('',*,*,#6465,.F.);
#6605=ORIENTED_EDGE('',*,*,#6594,.T.);
#6606=ORIENTED_EDGE('',*,*,#6397,.T.);
#6607=ORIENTED_EDGE('',*,*,#4515,.F.);
#6608=EDGE_LOOP('',(#6604,#6605,#6606,#6607));
#6609=FACE_OUTER_BOUND('',#6608,.F.);
#6610=ADVANCED_FACE('',(#6609),#6603,.T.);
#6611=CARTESIAN_POINT('',(-1.33E0,0.E0,0.E0));
#6612=DIRECTION('',(1.E0,0.E0,0.E0));
#6613=DIRECTION('',(0.E0,0.E0,-1.E0));
#6614=AXIS2_PLACEMENT_3D('',#6611,#6612,#6613);
#6615=PLANE('',#6614);
#6617=ORIENTED_EDGE('',*,*,#6616,.F.);
#6619=ORIENTED_EDGE('',*,*,#6618,.F.);
#6621=ORIENTED_EDGE('',*,*,#6620,.F.);
#6623=ORIENTED_EDGE('',*,*,#6622,.F.);
#6625=ORIENTED_EDGE('',*,*,#6624,.F.);
#6627=ORIENTED_EDGE('',*,*,#6626,.F.);
#6628=ORIENTED_EDGE('',*,*,#4456,.F.);
#6629=ORIENTED_EDGE('',*,*,#4169,.T.);
#6630=EDGE_LOOP('',(#6617,#6619,#6621,#6623,#6625,#6627,#6628,#6629));
#6631=FACE_OUTER_BOUND('',#6630,.F.);
#6632=ADVANCED_FACE('',(#6631),#6615,.T.);
#6633=CARTESIAN_POINT('',(-1.33E0,0.E0,0.E0));
#6634=DIRECTION('',(1.E0,0.E0,0.E0));
#6635=DIRECTION('',(0.E0,0.E0,-1.E0));
#6636=AXIS2_PLACEMENT_3D('',#6633,#6634,#6635);
#6637=PLANE('',#6636);
#6638=ORIENTED_EDGE('',*,*,#4509,.F.);
#6640=ORIENTED_EDGE('',*,*,#6639,.F.);
#6642=ORIENTED_EDGE('',*,*,#6641,.F.);
#6644=ORIENTED_EDGE('',*,*,#6643,.F.);
#6646=ORIENTED_EDGE('',*,*,#6645,.F.);
#6648=ORIENTED_EDGE('',*,*,#6647,.F.);
#6650=ORIENTED_EDGE('',*,*,#6649,.F.);
#6651=ORIENTED_EDGE('',*,*,#4641,.F.);
#6652=EDGE_LOOP('',(#6638,#6640,#6642,#6644,#6646,#6648,#6650,#6651));
#6653=FACE_OUTER_BOUND('',#6652,.F.);
#6654=ADVANCED_FACE('',(#6653),#6637,.T.);
#6655=CARTESIAN_POINT('',(-1.47E0,-5.8E-1,-8.3E-1));
#6656=DIRECTION('',(0.E0,1.E0,0.E0));
#6657=DIRECTION('',(0.E0,0.E0,1.E0));
#6658=AXIS2_PLACEMENT_3D('',#6655,#6656,#6657);
#6659=PLANE('',#6658);
#6661=ORIENTED_EDGE('',*,*,#6660,.F.);
#6663=ORIENTED_EDGE('',*,*,#6662,.T.);
#6664=ORIENTED_EDGE('',*,*,#6616,.T.);
#6665=ORIENTED_EDGE('',*,*,#4167,.F.);
#6666=EDGE_LOOP('',(#6661,#6663,#6664,#6665));
#6667=FACE_OUTER_BOUND('',#6666,.F.);
#6668=ADVANCED_FACE('',(#6667),#6659,.T.);
#6669=CARTESIAN_POINT('',(-1.47E0,0.E0,0.E0));
#6670=DIRECTION('',(1.E0,0.E0,0.E0));
#6671=DIRECTION('',(0.E0,0.E0,-1.E0));
#6672=AXIS2_PLACEMENT_3D('',#6669,#6670,#6671);
#6673=PLANE('',#6672);
#6674=ORIENTED_EDGE('',*,*,#6660,.T.);
#6675=ORIENTED_EDGE('',*,*,#4165,.F.);
#6676=ORIENTED_EDGE('',*,*,#4460,.T.);
#6678=ORIENTED_EDGE('',*,*,#6677,.T.);
#6680=ORIENTED_EDGE('',*,*,#6679,.T.);
#6682=ORIENTED_EDGE('',*,*,#6681,.T.);
#6684=ORIENTED_EDGE('',*,*,#6683,.T.);
#6686=ORIENTED_EDGE('',*,*,#6685,.T.);
#6687=EDGE_LOOP('',(#6674,#6675,#6676,#6678,#6680,#6682,#6684,#6686));
#6688=FACE_OUTER_BOUND('',#6687,.F.);
#6689=ADVANCED_FACE('',(#6688),#6673,.F.);
#6690=CARTESIAN_POINT('',(-1.47E0,0.E0,0.E0));
#6691=DIRECTION('',(1.E0,0.E0,0.E0));
#6692=DIRECTION('',(0.E0,0.E0,-1.E0));
#6693=AXIS2_PLACEMENT_3D('',#6690,#6691,#6692);
#6694=PLANE('',#6693);
#6695=ORIENTED_EDGE('',*,*,#4505,.T.);
#6696=ORIENTED_EDGE('',*,*,#4645,.T.);
#6698=ORIENTED_EDGE('',*,*,#6697,.T.);
#6700=ORIENTED_EDGE('',*,*,#6699,.T.);
#6702=ORIENTED_EDGE('',*,*,#6701,.T.);
#6704=ORIENTED_EDGE('',*,*,#6703,.T.);
#6706=ORIENTED_EDGE('',*,*,#6705,.T.);
#6708=ORIENTED_EDGE('',*,*,#6707,.T.);
#6709=EDGE_LOOP('',(#6695,#6696,#6698,#6700,#6702,#6704,#6706,#6708));
#6710=FACE_OUTER_BOUND('',#6709,.F.);
#6711=ADVANCED_FACE('',(#6710),#6694,.F.);
#6712=CARTESIAN_POINT('',(-1.47E0,-6.6E-1,-8.3E-1));
#6713=DIRECTION('',(0.E0,-7.071067811865E-1,7.071067811866E-1));
#6714=DIRECTION('',(0.E0,-7.071067811866E-1,-7.071067811865E-1));
#6715=AXIS2_PLACEMENT_3D('',#6712,#6713,#6714);
#6716=PLANE('',#6715);
#6717=ORIENTED_EDGE('',*,*,#6677,.F.);
#6718=ORIENTED_EDGE('',*,*,#4458,.T.);
#6719=ORIENTED_EDGE('',*,*,#6626,.T.);
#6721=ORIENTED_EDGE('',*,*,#6720,.F.);
#6722=EDGE_LOOP('',(#6717,#6718,#6719,#6721));
#6723=FACE_OUTER_BOUND('',#6722,.F.);
#6724=ADVANCED_FACE('',(#6723),#6716,.T.);
#6725=CARTESIAN_POINT('',(-1.47E0,-6.8E-1,-8.5E-1));
#6726=DIRECTION('',(0.E0,-1.E0,0.E0));
#6727=DIRECTION('',(0.E0,0.E0,-1.E0));
#6728=AXIS2_PLACEMENT_3D('',#6725,#6726,#6727);
#6729=PLANE('',#6728);
#6730=ORIENTED_EDGE('',*,*,#6679,.F.);
#6731=ORIENTED_EDGE('',*,*,#6720,.T.);
#6732=ORIENTED_EDGE('',*,*,#6624,.T.);
#6734=ORIENTED_EDGE('',*,*,#6733,.F.);
#6735=EDGE_LOOP('',(#6730,#6731,#6732,#6734));
#6736=FACE_OUTER_BOUND('',#6735,.F.);
#6737=ADVANCED_FACE('',(#6736),#6729,.T.);
#6738=CARTESIAN_POINT('',(-1.47E0,-6.8E-1,-1.05E0));
#6739=DIRECTION('',(0.E0,0.E0,-1.E0));
#6740=DIRECTION('',(0.E0,1.E0,0.E0));
#6741=AXIS2_PLACEMENT_3D('',#6738,#6739,#6740);
#6742=PLANE('',#6741);
#6743=ORIENTED_EDGE('',*,*,#6681,.F.);
#6744=ORIENTED_EDGE('',*,*,#6733,.T.);
#6745=ORIENTED_EDGE('',*,*,#6622,.T.);
#6747=ORIENTED_EDGE('',*,*,#6746,.F.);
#6748=EDGE_LOOP('',(#6743,#6744,#6745,#6747));
#6749=FACE_OUTER_BOUND('',#6748,.F.);
#6750=ADVANCED_FACE('',(#6749),#6742,.T.);
#6751=CARTESIAN_POINT('',(-1.47E0,-6.E-1,-1.05E0));
#6752=DIRECTION('',(0.E0,1.E0,0.E0));
#6753=DIRECTION('',(0.E0,0.E0,1.E0));
#6754=AXIS2_PLACEMENT_3D('',#6751,#6752,#6753);
#6755=PLANE('',#6754);
#6756=ORIENTED_EDGE('',*,*,#6683,.F.);
#6757=ORIENTED_EDGE('',*,*,#6746,.T.);
#6758=ORIENTED_EDGE('',*,*,#6620,.T.);
#6760=ORIENTED_EDGE('',*,*,#6759,.F.);
#6761=EDGE_LOOP('',(#6756,#6757,#6758,#6760));
#6762=FACE_OUTER_BOUND('',#6761,.F.);
#6763=ADVANCED_FACE('',(#6762),#6755,.T.);
#6764=CARTESIAN_POINT('',(-1.47E0,-6.E-1,-8.5E-1));
#6765=DIRECTION('',(0.E0,7.071067811865E-1,-7.071067811866E-1));
#6766=DIRECTION('',(0.E0,7.071067811866E-1,7.071067811865E-1));
#6767=AXIS2_PLACEMENT_3D('',#6764,#6765,#6766);
#6768=PLANE('',#6767);
#6769=ORIENTED_EDGE('',*,*,#6685,.F.);
#6770=ORIENTED_EDGE('',*,*,#6759,.T.);
#6771=ORIENTED_EDGE('',*,*,#6618,.T.);
#6772=ORIENTED_EDGE('',*,*,#6662,.F.);
#6773=EDGE_LOOP('',(#6769,#6770,#6771,#6772));
#6774=FACE_OUTER_BOUND('',#6773,.F.);
#6775=ADVANCED_FACE('',(#6774),#6768,.T.);
#6776=CARTESIAN_POINT('',(-1.47E0,-5.8E-1,7.1E-1));
#6777=DIRECTION('',(0.E0,1.E0,0.E0));
#6778=DIRECTION('',(0.E0,0.E0,1.E0));
#6779=AXIS2_PLACEMENT_3D('',#6776,#6777,#6778);
#6780=PLANE('',#6779);
#6781=ORIENTED_EDGE('',*,*,#6697,.F.);
#6782=ORIENTED_EDGE('',*,*,#4643,.T.);
#6783=ORIENTED_EDGE('',*,*,#6649,.T.);
#6785=ORIENTED_EDGE('',*,*,#6784,.F.);
#6786=EDGE_LOOP('',(#6781,#6782,#6783,#6785));
#6787=FACE_OUTER_BOUND('',#6786,.F.);
#6788=ADVANCED_FACE('',(#6787),#6780,.T.);
#6789=CARTESIAN_POINT('',(-1.47E0,-5.8E-1,8.3E-1));
#6790=DIRECTION('',(0.E0,7.071067811865E-1,7.071067811866E-1));
#6791=DIRECTION('',(0.E0,-7.071067811866E-1,7.071067811865E-1));
#6792=AXIS2_PLACEMENT_3D('',#6789,#6790,#6791);
#6793=PLANE('',#6792);
#6794=ORIENTED_EDGE('',*,*,#6699,.F.);
#6795=ORIENTED_EDGE('',*,*,#6784,.T.);
#6796=ORIENTED_EDGE('',*,*,#6647,.T.);
#6798=ORIENTED_EDGE('',*,*,#6797,.F.);
#6799=EDGE_LOOP('',(#6794,#6795,#6796,#6798));
#6800=FACE_OUTER_BOUND('',#6799,.F.);
#6801=ADVANCED_FACE('',(#6800),#6793,.T.);
#6802=CARTESIAN_POINT('',(-1.47E0,-6.E-1,8.5E-1));
#6803=DIRECTION('',(0.E0,1.E0,0.E0));
#6804=DIRECTION('',(0.E0,0.E0,1.E0));
#6805=AXIS2_PLACEMENT_3D('',#6802,#6803,#6804);
#6806=PLANE('',#6805);
#6807=ORIENTED_EDGE('',*,*,#6701,.F.);
#6808=ORIENTED_EDGE('',*,*,#6797,.T.);
#6809=ORIENTED_EDGE('',*,*,#6645,.T.);
#6811=ORIENTED_EDGE('',*,*,#6810,.F.);
#6812=EDGE_LOOP('',(#6807,#6808,#6809,#6811));
#6813=FACE_OUTER_BOUND('',#6812,.F.);
#6814=ADVANCED_FACE('',(#6813),#6806,.T.);
#6815=CARTESIAN_POINT('',(-1.47E0,-6.E-1,1.05E0));
#6816=DIRECTION('',(0.E0,0.E0,1.E0));
#6817=DIRECTION('',(0.E0,-1.E0,0.E0));
#6818=AXIS2_PLACEMENT_3D('',#6815,#6816,#6817);
#6819=PLANE('',#6818);
#6820=ORIENTED_EDGE('',*,*,#6703,.F.);
#6821=ORIENTED_EDGE('',*,*,#6810,.T.);
#6822=ORIENTED_EDGE('',*,*,#6643,.T.);
#6824=ORIENTED_EDGE('',*,*,#6823,.F.);
#6825=EDGE_LOOP('',(#6820,#6821,#6822,#6824));
#6826=FACE_OUTER_BOUND('',#6825,.F.);
#6827=ADVANCED_FACE('',(#6826),#6819,.T.);
#6828=CARTESIAN_POINT('',(-1.47E0,-6.8E-1,1.05E0));
#6829=DIRECTION('',(0.E0,-1.E0,0.E0));
#6830=DIRECTION('',(0.E0,0.E0,-1.E0));
#6831=AXIS2_PLACEMENT_3D('',#6828,#6829,#6830);
#6832=PLANE('',#6831);
#6833=ORIENTED_EDGE('',*,*,#6705,.F.);
#6834=ORIENTED_EDGE('',*,*,#6823,.T.);
#6835=ORIENTED_EDGE('',*,*,#6641,.T.);
#6837=ORIENTED_EDGE('',*,*,#6836,.F.);
#6838=EDGE_LOOP('',(#6833,#6834,#6835,#6837));
#6839=FACE_OUTER_BOUND('',#6838,.F.);
#6840=ADVANCED_FACE('',(#6839),#6832,.T.);
#6841=CARTESIAN_POINT('',(-1.47E0,-6.8E-1,8.5E-1));
#6842=DIRECTION('',(0.E0,-7.071067811865E-1,-7.071067811866E-1));
#6843=DIRECTION('',(0.E0,7.071067811866E-1,-7.071067811865E-1));
#6844=AXIS2_PLACEMENT_3D('',#6841,#6842,#6843);
#6845=PLANE('',#6844);
#6846=ORIENTED_EDGE('',*,*,#6707,.F.);
#6847=ORIENTED_EDGE('',*,*,#6836,.T.);
#6848=ORIENTED_EDGE('',*,*,#6639,.T.);
#6849=ORIENTED_EDGE('',*,*,#4507,.F.);
#6850=EDGE_LOOP('',(#6846,#6847,#6848,#6849));
#6851=FACE_OUTER_BOUND('',#6850,.F.);
#6852=ADVANCED_FACE('',(#6851),#6845,.T.);
#6853=CARTESIAN_POINT('',(-1.73E0,0.E0,0.E0));
#6854=DIRECTION('',(1.E0,0.E0,0.E0));
#6855=DIRECTION('',(0.E0,0.E0,-1.E0));
#6856=AXIS2_PLACEMENT_3D('',#6853,#6854,#6855);
#6857=PLANE('',#6856);
#6859=ORIENTED_EDGE('',*,*,#6858,.F.);
#6861=ORIENTED_EDGE('',*,*,#6860,.F.);
#6863=ORIENTED_EDGE('',*,*,#6862,.F.);
#6865=ORIENTED_EDGE('',*,*,#6864,.F.);
#6867=ORIENTED_EDGE('',*,*,#6866,.F.);
#6869=ORIENTED_EDGE('',*,*,#6868,.F.);
#6870=ORIENTED_EDGE('',*,*,#4463,.F.);
#6871=ORIENTED_EDGE('',*,*,#4161,.T.);
#6872=EDGE_LOOP('',(#6859,#6861,#6863,#6865,#6867,#6869,#6870,#6871));
#6873=FACE_OUTER_BOUND('',#6872,.F.);
#6874=ADVANCED_FACE('',(#6873),#6857,.T.);
#6875=CARTESIAN_POINT('',(-1.73E0,0.E0,0.E0));
#6876=DIRECTION('',(1.E0,0.E0,0.E0));
#6877=DIRECTION('',(0.E0,0.E0,-1.E0));
#6878=AXIS2_PLACEMENT_3D('',#6875,#6876,#6877);
#6879=PLANE('',#6878);
#6880=ORIENTED_EDGE('',*,*,#4501,.F.);
#6882=ORIENTED_EDGE('',*,*,#6881,.F.);
#6884=ORIENTED_EDGE('',*,*,#6883,.F.);
#6886=ORIENTED_EDGE('',*,*,#6885,.F.);
#6888=ORIENTED_EDGE('',*,*,#6887,.F.);
#6890=ORIENTED_EDGE('',*,*,#6889,.F.);
#6892=ORIENTED_EDGE('',*,*,#6891,.F.);
#6893=ORIENTED_EDGE('',*,*,#4648,.F.);
#6894=EDGE_LOOP('',(#6880,#6882,#6884,#6886,#6888,#6890,#6892,#6893));
#6895=FACE_OUTER_BOUND('',#6894,.F.);
#6896=ADVANCED_FACE('',(#6895),#6879,.T.);
#6897=CARTESIAN_POINT('',(-1.87E0,-5.8E-1,-8.3E-1));
#6898=DIRECTION('',(0.E0,1.E0,0.E0));
#6899=DIRECTION('',(0.E0,0.E0,1.E0));
#6900=AXIS2_PLACEMENT_3D('',#6897,#6898,#6899);
#6901=PLANE('',#6900);
#6903=ORIENTED_EDGE('',*,*,#6902,.F.);
#6905=ORIENTED_EDGE('',*,*,#6904,.T.);
#6906=ORIENTED_EDGE('',*,*,#6858,.T.);
#6907=ORIENTED_EDGE('',*,*,#4159,.F.);
#6908=EDGE_LOOP('',(#6903,#6905,#6906,#6907));
#6909=FACE_OUTER_BOUND('',#6908,.F.);
#6910=ADVANCED_FACE('',(#6909),#6901,.T.);
#6911=CARTESIAN_POINT('',(-1.87E0,0.E0,0.E0));
#6912=DIRECTION('',(1.E0,0.E0,0.E0));
#6913=DIRECTION('',(0.E0,0.E0,-1.E0));
#6914=AXIS2_PLACEMENT_3D('',#6911,#6912,#6913);
#6915=PLANE('',#6914);
#6916=ORIENTED_EDGE('',*,*,#6902,.T.);
#6917=ORIENTED_EDGE('',*,*,#4157,.F.);
#6918=ORIENTED_EDGE('',*,*,#4467,.T.);
#6920=ORIENTED_EDGE('',*,*,#6919,.T.);
#6922=ORIENTED_EDGE('',*,*,#6921,.T.);
#6924=ORIENTED_EDGE('',*,*,#6923,.T.);
#6926=ORIENTED_EDGE('',*,*,#6925,.T.);
#6928=ORIENTED_EDGE('',*,*,#6927,.T.);
#6929=EDGE_LOOP('',(#6916,#6917,#6918,#6920,#6922,#6924,#6926,#6928));
#6930=FACE_OUTER_BOUND('',#6929,.F.);
#6931=ADVANCED_FACE('',(#6930),#6915,.F.);
#6932=CARTESIAN_POINT('',(-1.87E0,0.E0,0.E0));
#6933=DIRECTION('',(1.E0,0.E0,0.E0));
#6934=DIRECTION('',(0.E0,0.E0,-1.E0));
#6935=AXIS2_PLACEMENT_3D('',#6932,#6933,#6934);
#6936=PLANE('',#6935);
#6937=ORIENTED_EDGE('',*,*,#4497,.T.);
#6938=ORIENTED_EDGE('',*,*,#4652,.T.);
#6940=ORIENTED_EDGE('',*,*,#6939,.T.);
#6942=ORIENTED_EDGE('',*,*,#6941,.T.);
#6944=ORIENTED_EDGE('',*,*,#6943,.T.);
#6946=ORIENTED_EDGE('',*,*,#6945,.T.);
#6948=ORIENTED_EDGE('',*,*,#6947,.T.);
#6950=ORIENTED_EDGE('',*,*,#6949,.T.);
#6951=EDGE_LOOP('',(#6937,#6938,#6940,#6942,#6944,#6946,#6948,#6950));
#6952=FACE_OUTER_BOUND('',#6951,.F.);
#6953=ADVANCED_FACE('',(#6952),#6936,.F.);
#6954=CARTESIAN_POINT('',(-1.87E0,-6.6E-1,-8.3E-1));
#6955=DIRECTION('',(0.E0,-7.071067811865E-1,7.071067811866E-1));
#6956=DIRECTION('',(0.E0,-7.071067811866E-1,-7.071067811865E-1));
#6957=AXIS2_PLACEMENT_3D('',#6954,#6955,#6956);
#6958=PLANE('',#6957);
#6959=ORIENTED_EDGE('',*,*,#6919,.F.);
#6960=ORIENTED_EDGE('',*,*,#4465,.T.);
#6961=ORIENTED_EDGE('',*,*,#6868,.T.);
#6963=ORIENTED_EDGE('',*,*,#6962,.F.);
#6964=EDGE_LOOP('',(#6959,#6960,#6961,#6963));
#6965=FACE_OUTER_BOUND('',#6964,.F.);
#6966=ADVANCED_FACE('',(#6965),#6958,.T.);
#6967=CARTESIAN_POINT('',(-1.87E0,-6.8E-1,-8.5E-1));
#6968=DIRECTION('',(0.E0,-1.E0,0.E0));
#6969=DIRECTION('',(0.E0,0.E0,-1.E0));
#6970=AXIS2_PLACEMENT_3D('',#6967,#6968,#6969);
#6971=PLANE('',#6970);
#6972=ORIENTED_EDGE('',*,*,#6921,.F.);
#6973=ORIENTED_EDGE('',*,*,#6962,.T.);
#6974=ORIENTED_EDGE('',*,*,#6866,.T.);
#6976=ORIENTED_EDGE('',*,*,#6975,.F.);
#6977=EDGE_LOOP('',(#6972,#6973,#6974,#6976));
#6978=FACE_OUTER_BOUND('',#6977,.F.);
#6979=ADVANCED_FACE('',(#6978),#6971,.T.);
#6980=CARTESIAN_POINT('',(-1.87E0,-6.8E-1,-1.05E0));
#6981=DIRECTION('',(0.E0,0.E0,-1.E0));
#6982=DIRECTION('',(0.E0,1.E0,0.E0));
#6983=AXIS2_PLACEMENT_3D('',#6980,#6981,#6982);
#6984=PLANE('',#6983);
#6985=ORIENTED_EDGE('',*,*,#6923,.F.);
#6986=ORIENTED_EDGE('',*,*,#6975,.T.);
#6987=ORIENTED_EDGE('',*,*,#6864,.T.);
#6989=ORIENTED_EDGE('',*,*,#6988,.F.);
#6990=EDGE_LOOP('',(#6985,#6986,#6987,#6989));
#6991=FACE_OUTER_BOUND('',#6990,.F.);
#6992=ADVANCED_FACE('',(#6991),#6984,.T.);
#6993=CARTESIAN_POINT('',(-1.87E0,-6.E-1,-1.05E0));
#6994=DIRECTION('',(0.E0,1.E0,0.E0));
#6995=DIRECTION('',(0.E0,0.E0,1.E0));
#6996=AXIS2_PLACEMENT_3D('',#6993,#6994,#6995);
#6997=PLANE('',#6996);
#6998=ORIENTED_EDGE('',*,*,#6925,.F.);
#6999=ORIENTED_EDGE('',*,*,#6988,.T.);
#7000=ORIENTED_EDGE('',*,*,#6862,.T.);
#7002=ORIENTED_EDGE('',*,*,#7001,.F.);
#7003=EDGE_LOOP('',(#6998,#6999,#7000,#7002));
#7004=FACE_OUTER_BOUND('',#7003,.F.);
#7005=ADVANCED_FACE('',(#7004),#6997,.T.);
#7006=CARTESIAN_POINT('',(-1.87E0,-6.E-1,-8.5E-1));
#7007=DIRECTION('',(0.E0,7.071067811865E-1,-7.071067811866E-1));
#7008=DIRECTION('',(0.E0,7.071067811866E-1,7.071067811865E-1));
#7009=AXIS2_PLACEMENT_3D('',#7006,#7007,#7008);
#7010=PLANE('',#7009);
#7011=ORIENTED_EDGE('',*,*,#6927,.F.);
#7012=ORIENTED_EDGE('',*,*,#7001,.T.);
#7013=ORIENTED_EDGE('',*,*,#6860,.T.);
#7014=ORIENTED_EDGE('',*,*,#6904,.F.);
#7015=EDGE_LOOP('',(#7011,#7012,#7013,#7014));
#7016=FACE_OUTER_BOUND('',#7015,.F.);
#7017=ADVANCED_FACE('',(#7016),#7010,.T.);
#7018=CARTESIAN_POINT('',(-1.87E0,-5.8E-1,7.1E-1));
#7019=DIRECTION('',(0.E0,1.E0,0.E0));
#7020=DIRECTION('',(0.E0,0.E0,1.E0));
#7021=AXIS2_PLACEMENT_3D('',#7018,#7019,#7020);
#7022=PLANE('',#7021);
#7023=ORIENTED_EDGE('',*,*,#6939,.F.);
#7024=ORIENTED_EDGE('',*,*,#4650,.T.);
#7025=ORIENTED_EDGE('',*,*,#6891,.T.);
#7027=ORIENTED_EDGE('',*,*,#7026,.F.);
#7028=EDGE_LOOP('',(#7023,#7024,#7025,#7027));
#7029=FACE_OUTER_BOUND('',#7028,.F.);
#7030=ADVANCED_FACE('',(#7029),#7022,.T.);
#7031=CARTESIAN_POINT('',(-1.87E0,-5.8E-1,8.3E-1));
#7032=DIRECTION('',(0.E0,7.071067811865E-1,7.071067811866E-1));
#7033=DIRECTION('',(0.E0,-7.071067811866E-1,7.071067811865E-1));
#7034=AXIS2_PLACEMENT_3D('',#7031,#7032,#7033);
#7035=PLANE('',#7034);
#7036=ORIENTED_EDGE('',*,*,#6941,.F.);
#7037=ORIENTED_EDGE('',*,*,#7026,.T.);
#7038=ORIENTED_EDGE('',*,*,#6889,.T.);
#7040=ORIENTED_EDGE('',*,*,#7039,.F.);
#7041=EDGE_LOOP('',(#7036,#7037,#7038,#7040));
#7042=FACE_OUTER_BOUND('',#7041,.F.);
#7043=ADVANCED_FACE('',(#7042),#7035,.T.);
#7044=CARTESIAN_POINT('',(-1.87E0,-6.E-1,8.5E-1));
#7045=DIRECTION('',(0.E0,1.E0,0.E0));
#7046=DIRECTION('',(0.E0,0.E0,1.E0));
#7047=AXIS2_PLACEMENT_3D('',#7044,#7045,#7046);
#7048=PLANE('',#7047);
#7049=ORIENTED_EDGE('',*,*,#6943,.F.);
#7050=ORIENTED_EDGE('',*,*,#7039,.T.);
#7051=ORIENTED_EDGE('',*,*,#6887,.T.);
#7053=ORIENTED_EDGE('',*,*,#7052,.F.);
#7054=EDGE_LOOP('',(#7049,#7050,#7051,#7053));
#7055=FACE_OUTER_BOUND('',#7054,.F.);
#7056=ADVANCED_FACE('',(#7055),#7048,.T.);
#7057=CARTESIAN_POINT('',(-1.87E0,-6.E-1,1.05E0));
#7058=DIRECTION('',(0.E0,0.E0,1.E0));
#7059=DIRECTION('',(0.E0,-1.E0,0.E0));
#7060=AXIS2_PLACEMENT_3D('',#7057,#7058,#7059);
#7061=PLANE('',#7060);
#7062=ORIENTED_EDGE('',*,*,#6945,.F.);
#7063=ORIENTED_EDGE('',*,*,#7052,.T.);
#7064=ORIENTED_EDGE('',*,*,#6885,.T.);
#7066=ORIENTED_EDGE('',*,*,#7065,.F.);
#7067=EDGE_LOOP('',(#7062,#7063,#7064,#7066));
#7068=FACE_OUTER_BOUND('',#7067,.F.);
#7069=ADVANCED_FACE('',(#7068),#7061,.T.);
#7070=CARTESIAN_POINT('',(-1.87E0,-6.8E-1,1.05E0));
#7071=DIRECTION('',(0.E0,-1.E0,0.E0));
#7072=DIRECTION('',(0.E0,0.E0,-1.E0));
#7073=AXIS2_PLACEMENT_3D('',#7070,#7071,#7072);
#7074=PLANE('',#7073);
#7075=ORIENTED_EDGE('',*,*,#6947,.F.);
#7076=ORIENTED_EDGE('',*,*,#7065,.T.);
#7077=ORIENTED_EDGE('',*,*,#6883,.T.);
#7079=ORIENTED_EDGE('',*,*,#7078,.F.);
#7080=EDGE_LOOP('',(#7075,#7076,#7077,#7079));
#7081=FACE_OUTER_BOUND('',#7080,.F.);
#7082=ADVANCED_FACE('',(#7081),#7074,.T.);
#7083=CARTESIAN_POINT('',(-1.87E0,-6.8E-1,8.5E-1));
#7084=DIRECTION('',(0.E0,-7.071067811865E-1,-7.071067811866E-1));
#7085=DIRECTION('',(0.E0,7.071067811866E-1,-7.071067811865E-1));
#7086=AXIS2_PLACEMENT_3D('',#7083,#7084,#7085);
#7087=PLANE('',#7086);
#7088=ORIENTED_EDGE('',*,*,#6949,.F.);
#7089=ORIENTED_EDGE('',*,*,#7078,.T.);
#7090=ORIENTED_EDGE('',*,*,#6881,.T.);
#7091=ORIENTED_EDGE('',*,*,#4499,.F.);
#7092=EDGE_LOOP('',(#7088,#7089,#7090,#7091));
#7093=FACE_OUTER_BOUND('',#7092,.F.);
#7094=ADVANCED_FACE('',(#7093),#7087,.T.);
#7095=CARTESIAN_POINT('',(-2.13E0,0.E0,0.E0));
#7096=DIRECTION('',(1.E0,0.E0,0.E0));
#7097=DIRECTION('',(0.E0,0.E0,-1.E0));
#7098=AXIS2_PLACEMENT_3D('',#7095,#7096,#7097);
#7099=PLANE('',#7098);
#7101=ORIENTED_EDGE('',*,*,#7100,.F.);
#7103=ORIENTED_EDGE('',*,*,#7102,.F.);
#7105=ORIENTED_EDGE('',*,*,#7104,.F.);
#7107=ORIENTED_EDGE('',*,*,#7106,.F.);
#7109=ORIENTED_EDGE('',*,*,#7108,.F.);
#7111=ORIENTED_EDGE('',*,*,#7110,.F.);
#7112=ORIENTED_EDGE('',*,*,#4470,.F.);
#7113=ORIENTED_EDGE('',*,*,#4153,.T.);
#7114=EDGE_LOOP('',(#7101,#7103,#7105,#7107,#7109,#7111,#7112,#7113));
#7115=FACE_OUTER_BOUND('',#7114,.F.);
#7116=ADVANCED_FACE('',(#7115),#7099,.T.);
#7117=CARTESIAN_POINT('',(-2.13E0,0.E0,0.E0));
#7118=DIRECTION('',(1.E0,0.E0,0.E0));
#7119=DIRECTION('',(0.E0,0.E0,-1.E0));
#7120=AXIS2_PLACEMENT_3D('',#7117,#7118,#7119);
#7121=PLANE('',#7120);
#7122=ORIENTED_EDGE('',*,*,#4493,.F.);
#7124=ORIENTED_EDGE('',*,*,#7123,.F.);
#7126=ORIENTED_EDGE('',*,*,#7125,.F.);
#7128=ORIENTED_EDGE('',*,*,#7127,.F.);
#7130=ORIENTED_EDGE('',*,*,#7129,.F.);
#7132=ORIENTED_EDGE('',*,*,#7131,.F.);
#7134=ORIENTED_EDGE('',*,*,#7133,.F.);
#7135=ORIENTED_EDGE('',*,*,#4655,.F.);
#7136=EDGE_LOOP('',(#7122,#7124,#7126,#7128,#7130,#7132,#7134,#7135));
#7137=FACE_OUTER_BOUND('',#7136,.F.);
#7138=ADVANCED_FACE('',(#7137),#7121,.T.);
#7139=CARTESIAN_POINT('',(-2.27E0,-5.8E-1,-8.3E-1));
#7140=DIRECTION('',(0.E0,1.E0,0.E0));
#7141=DIRECTION('',(0.E0,0.E0,1.E0));
#7142=AXIS2_PLACEMENT_3D('',#7139,#7140,#7141);
#7143=PLANE('',#7142);
#7145=ORIENTED_EDGE('',*,*,#7144,.F.);
#7147=ORIENTED_EDGE('',*,*,#7146,.T.);
#7148=ORIENTED_EDGE('',*,*,#7100,.T.);
#7149=ORIENTED_EDGE('',*,*,#4151,.F.);
#7150=EDGE_LOOP('',(#7145,#7147,#7148,#7149));
#7151=FACE_OUTER_BOUND('',#7150,.F.);
#7152=ADVANCED_FACE('',(#7151),#7143,.T.);
#7153=CARTESIAN_POINT('',(-2.27E0,0.E0,0.E0));
#7154=DIRECTION('',(1.E0,0.E0,0.E0));
#7155=DIRECTION('',(0.E0,0.E0,-1.E0));
#7156=AXIS2_PLACEMENT_3D('',#7153,#7154,#7155);
#7157=PLANE('',#7156);
#7158=ORIENTED_EDGE('',*,*,#7144,.T.);
#7159=ORIENTED_EDGE('',*,*,#4149,.F.);
#7160=ORIENTED_EDGE('',*,*,#4474,.T.);
#7162=ORIENTED_EDGE('',*,*,#7161,.T.);
#7164=ORIENTED_EDGE('',*,*,#7163,.T.);
#7166=ORIENTED_EDGE('',*,*,#7165,.T.);
#7168=ORIENTED_EDGE('',*,*,#7167,.T.);
#7170=ORIENTED_EDGE('',*,*,#7169,.T.);
#7171=EDGE_LOOP('',(#7158,#7159,#7160,#7162,#7164,#7166,#7168,#7170));
#7172=FACE_OUTER_BOUND('',#7171,.F.);
#7173=ADVANCED_FACE('',(#7172),#7157,.F.);
#7174=CARTESIAN_POINT('',(-2.27E0,0.E0,0.E0));
#7175=DIRECTION('',(1.E0,0.E0,0.E0));
#7176=DIRECTION('',(0.E0,0.E0,-1.E0));
#7177=AXIS2_PLACEMENT_3D('',#7174,#7175,#7176);
#7178=PLANE('',#7177);
#7179=ORIENTED_EDGE('',*,*,#4489,.T.);
#7180=ORIENTED_EDGE('',*,*,#4659,.T.);
#7182=ORIENTED_EDGE('',*,*,#7181,.T.);
#7184=ORIENTED_EDGE('',*,*,#7183,.T.);
#7186=ORIENTED_EDGE('',*,*,#7185,.T.);
#7188=ORIENTED_EDGE('',*,*,#7187,.T.);
#7190=ORIENTED_EDGE('',*,*,#7189,.T.);
#7192=ORIENTED_EDGE('',*,*,#7191,.T.);
#7193=EDGE_LOOP('',(#7179,#7180,#7182,#7184,#7186,#7188,#7190,#7192));
#7194=FACE_OUTER_BOUND('',#7193,.F.);
#7195=ADVANCED_FACE('',(#7194),#7178,.F.);
#7196=CARTESIAN_POINT('',(-2.27E0,-6.6E-1,-8.3E-1));
#7197=DIRECTION('',(0.E0,-7.071067811865E-1,7.071067811866E-1));
#7198=DIRECTION('',(0.E0,-7.071067811866E-1,-7.071067811865E-1));
#7199=AXIS2_PLACEMENT_3D('',#7196,#7197,#7198);
#7200=PLANE('',#7199);
#7201=ORIENTED_EDGE('',*,*,#7161,.F.);
#7202=ORIENTED_EDGE('',*,*,#4472,.T.);
#7203=ORIENTED_EDGE('',*,*,#7110,.T.);
#7205=ORIENTED_EDGE('',*,*,#7204,.F.);
#7206=EDGE_LOOP('',(#7201,#7202,#7203,#7205));
#7207=FACE_OUTER_BOUND('',#7206,.F.);
#7208=ADVANCED_FACE('',(#7207),#7200,.T.);
#7209=CARTESIAN_POINT('',(-2.27E0,-6.8E-1,-8.5E-1));
#7210=DIRECTION('',(0.E0,-1.E0,0.E0));
#7211=DIRECTION('',(0.E0,0.E0,-1.E0));
#7212=AXIS2_PLACEMENT_3D('',#7209,#7210,#7211);
#7213=PLANE('',#7212);
#7214=ORIENTED_EDGE('',*,*,#7163,.F.);
#7215=ORIENTED_EDGE('',*,*,#7204,.T.);
#7216=ORIENTED_EDGE('',*,*,#7108,.T.);
#7218=ORIENTED_EDGE('',*,*,#7217,.F.);
#7219=EDGE_LOOP('',(#7214,#7215,#7216,#7218));
#7220=FACE_OUTER_BOUND('',#7219,.F.);
#7221=ADVANCED_FACE('',(#7220),#7213,.T.);
#7222=CARTESIAN_POINT('',(-2.27E0,-6.8E-1,-1.05E0));
#7223=DIRECTION('',(0.E0,0.E0,-1.E0));
#7224=DIRECTION('',(0.E0,1.E0,0.E0));
#7225=AXIS2_PLACEMENT_3D('',#7222,#7223,#7224);
#7226=PLANE('',#7225);
#7227=ORIENTED_EDGE('',*,*,#7165,.F.);
#7228=ORIENTED_EDGE('',*,*,#7217,.T.);
#7229=ORIENTED_EDGE('',*,*,#7106,.T.);
#7231=ORIENTED_EDGE('',*,*,#7230,.F.);
#7232=EDGE_LOOP('',(#7227,#7228,#7229,#7231));
#7233=FACE_OUTER_BOUND('',#7232,.F.);
#7234=ADVANCED_FACE('',(#7233),#7226,.T.);
#7235=CARTESIAN_POINT('',(-2.27E0,-6.E-1,-1.05E0));
#7236=DIRECTION('',(0.E0,1.E0,0.E0));
#7237=DIRECTION('',(0.E0,0.E0,1.E0));
#7238=AXIS2_PLACEMENT_3D('',#7235,#7236,#7237);
#7239=PLANE('',#7238);
#7240=ORIENTED_EDGE('',*,*,#7167,.F.);
#7241=ORIENTED_EDGE('',*,*,#7230,.T.);
#7242=ORIENTED_EDGE('',*,*,#7104,.T.);
#7244=ORIENTED_EDGE('',*,*,#7243,.F.);
#7245=EDGE_LOOP('',(#7240,#7241,#7242,#7244));
#7246=FACE_OUTER_BOUND('',#7245,.F.);
#7247=ADVANCED_FACE('',(#7246),#7239,.T.);
#7248=CARTESIAN_POINT('',(-2.27E0,-6.E-1,-8.5E-1));
#7249=DIRECTION('',(0.E0,7.071067811865E-1,-7.071067811866E-1));
#7250=DIRECTION('',(0.E0,7.071067811866E-1,7.071067811865E-1));
#7251=AXIS2_PLACEMENT_3D('',#7248,#7249,#7250);
#7252=PLANE('',#7251);
#7253=ORIENTED_EDGE('',*,*,#7169,.F.);
#7254=ORIENTED_EDGE('',*,*,#7243,.T.);
#7255=ORIENTED_EDGE('',*,*,#7102,.T.);
#7256=ORIENTED_EDGE('',*,*,#7146,.F.);
#7257=EDGE_LOOP('',(#7253,#7254,#7255,#7256));
#7258=FACE_OUTER_BOUND('',#7257,.F.);
#7259=ADVANCED_FACE('',(#7258),#7252,.T.);
#7260=CARTESIAN_POINT('',(-2.27E0,-5.8E-1,7.1E-1));
#7261=DIRECTION('',(0.E0,1.E0,0.E0));
#7262=DIRECTION('',(0.E0,0.E0,1.E0));
#7263=AXIS2_PLACEMENT_3D('',#7260,#7261,#7262);
#7264=PLANE('',#7263);
#7265=ORIENTED_EDGE('',*,*,#7181,.F.);
#7266=ORIENTED_EDGE('',*,*,#4657,.T.);
#7267=ORIENTED_EDGE('',*,*,#7133,.T.);
#7269=ORIENTED_EDGE('',*,*,#7268,.F.);
#7270=EDGE_LOOP('',(#7265,#7266,#7267,#7269));
#7271=FACE_OUTER_BOUND('',#7270,.F.);
#7272=ADVANCED_FACE('',(#7271),#7264,.T.);
#7273=CARTESIAN_POINT('',(-2.27E0,-5.8E-1,8.3E-1));
#7274=DIRECTION('',(0.E0,7.071067811865E-1,7.071067811866E-1));
#7275=DIRECTION('',(0.E0,-7.071067811866E-1,7.071067811865E-1));
#7276=AXIS2_PLACEMENT_3D('',#7273,#7274,#7275);
#7277=PLANE('',#7276);
#7278=ORIENTED_EDGE('',*,*,#7183,.F.);
#7279=ORIENTED_EDGE('',*,*,#7268,.T.);
#7280=ORIENTED_EDGE('',*,*,#7131,.T.);
#7282=ORIENTED_EDGE('',*,*,#7281,.F.);
#7283=EDGE_LOOP('',(#7278,#7279,#7280,#7282));
#7284=FACE_OUTER_BOUND('',#7283,.F.);
#7285=ADVANCED_FACE('',(#7284),#7277,.T.);
#7286=CARTESIAN_POINT('',(-2.27E0,-6.E-1,8.5E-1));
#7287=DIRECTION('',(0.E0,1.E0,0.E0));
#7288=DIRECTION('',(0.E0,0.E0,1.E0));
#7289=AXIS2_PLACEMENT_3D('',#7286,#7287,#7288);
#7290=PLANE('',#7289);
#7291=ORIENTED_EDGE('',*,*,#7185,.F.);
#7292=ORIENTED_EDGE('',*,*,#7281,.T.);
#7293=ORIENTED_EDGE('',*,*,#7129,.T.);
#7295=ORIENTED_EDGE('',*,*,#7294,.F.);
#7296=EDGE_LOOP('',(#7291,#7292,#7293,#7295));
#7297=FACE_OUTER_BOUND('',#7296,.F.);
#7298=ADVANCED_FACE('',(#7297),#7290,.T.);
#7299=CARTESIAN_POINT('',(-2.27E0,-6.E-1,1.05E0));
#7300=DIRECTION('',(0.E0,0.E0,1.E0));
#7301=DIRECTION('',(0.E0,-1.E0,0.E0));
#7302=AXIS2_PLACEMENT_3D('',#7299,#7300,#7301);
#7303=PLANE('',#7302);
#7304=ORIENTED_EDGE('',*,*,#7187,.F.);
#7305=ORIENTED_EDGE('',*,*,#7294,.T.);
#7306=ORIENTED_EDGE('',*,*,#7127,.T.);
#7308=ORIENTED_EDGE('',*,*,#7307,.F.);
#7309=EDGE_LOOP('',(#7304,#7305,#7306,#7308));
#7310=FACE_OUTER_BOUND('',#7309,.F.);
#7311=ADVANCED_FACE('',(#7310),#7303,.T.);
#7312=CARTESIAN_POINT('',(-2.27E0,-6.8E-1,1.05E0));
#7313=DIRECTION('',(0.E0,-1.E0,0.E0));
#7314=DIRECTION('',(0.E0,0.E0,-1.E0));
#7315=AXIS2_PLACEMENT_3D('',#7312,#7313,#7314);
#7316=PLANE('',#7315);
#7317=ORIENTED_EDGE('',*,*,#7189,.F.);
#7318=ORIENTED_EDGE('',*,*,#7307,.T.);
#7319=ORIENTED_EDGE('',*,*,#7125,.T.);
#7321=ORIENTED_EDGE('',*,*,#7320,.F.);
#7322=EDGE_LOOP('',(#7317,#7318,#7319,#7321));
#7323=FACE_OUTER_BOUND('',#7322,.F.);
#7324=ADVANCED_FACE('',(#7323),#7316,.T.);
#7325=CARTESIAN_POINT('',(-2.27E0,-6.8E-1,8.5E-1));
#7326=DIRECTION('',(0.E0,-7.071067811865E-1,-7.071067811866E-1));
#7327=DIRECTION('',(0.E0,7.071067811866E-1,-7.071067811865E-1));
#7328=AXIS2_PLACEMENT_3D('',#7325,#7326,#7327);
#7329=PLANE('',#7328);
#7330=ORIENTED_EDGE('',*,*,#7191,.F.);
#7331=ORIENTED_EDGE('',*,*,#7320,.T.);
#7332=ORIENTED_EDGE('',*,*,#7123,.T.);
#7333=ORIENTED_EDGE('',*,*,#4491,.F.);
#7334=EDGE_LOOP('',(#7330,#7331,#7332,#7333));
#7335=FACE_OUTER_BOUND('',#7334,.F.);
#7336=ADVANCED_FACE('',(#7335),#7329,.T.);
#7337=CARTESIAN_POINT('',(-2.555E0,0.E0,8.2E-1));
#7338=DIRECTION('',(7.071067811865E-1,0.E0,7.071067811865E-1));
#7339=DIRECTION('',(7.071067811865E-1,0.E0,-7.071067811865E-1));
#7340=AXIS2_PLACEMENT_3D('',#7337,#7338,#7339);
#7341=PLANE('',#7340);
#7343=ORIENTED_EDGE('',*,*,#7342,.F.);
#7344=ORIENTED_EDGE('',*,*,#3936,.T.);
#7345=ORIENTED_EDGE('',*,*,#4662,.T.);
#7346=ORIENTED_EDGE('',*,*,#4485,.F.);
#7348=ORIENTED_EDGE('',*,*,#7347,.F.);
#7349=EDGE_LOOP('',(#7343,#7344,#7345,#7346,#7348));
#7350=FACE_OUTER_BOUND('',#7349,.F.);
#7351=ADVANCED_FACE('',(#7350),#7341,.T.);
#7352=CARTESIAN_POINT('',(-2.845E0,-5.E-2,7.7E-1));
#7353=DIRECTION('',(0.E0,7.071067811865E-1,7.071067811865E-1));
#7354=DIRECTION('',(-1.E0,0.E0,0.E0));
#7355=AXIS2_PLACEMENT_3D('',#7352,#7353,#7354);
#7356=PLANE('',#7355);
#7357=ORIENTED_EDGE('',*,*,#7342,.T.);
#7359=ORIENTED_EDGE('',*,*,#7358,.F.);
#7361=ORIENTED_EDGE('',*,*,#7360,.F.);
#7362=ORIENTED_EDGE('',*,*,#3938,.T.);
#7363=EDGE_LOOP('',(#7357,#7359,#7361,#7362));
#7364=FACE_OUTER_BOUND('',#7363,.F.);
#7365=ADVANCED_FACE('',(#7364),#7356,.T.);
#7366=CARTESIAN_POINT('',(-3.135E0,0.E0,8.2E-1));
#7367=DIRECTION('',(0.E0,0.E0,1.E0));
#7368=DIRECTION('',(1.E0,0.E0,0.E0));
#7369=AXIS2_PLACEMENT_3D('',#7366,#7367,#7368);
#7370=PLANE('',#7369);
#7372=ORIENTED_EDGE('',*,*,#7371,.T.);
#7374=ORIENTED_EDGE('',*,*,#7373,.F.);
#7376=ORIENTED_EDGE('',*,*,#7375,.F.);
#7377=ORIENTED_EDGE('',*,*,#7358,.T.);
#7378=ORIENTED_EDGE('',*,*,#7347,.T.);
#7379=ORIENTED_EDGE('',*,*,#4483,.F.);
#7380=EDGE_LOOP('',(#7372,#7374,#7376,#7377,#7378,#7379));
#7381=FACE_OUTER_BOUND('',#7380,.F.);
#7382=ADVANCED_FACE('',(#7381),#7370,.T.);
#7383=CARTESIAN_POINT('',(-2.585E0,-6.6E-1,8.2E-1));
#7384=DIRECTION('',(8.137334712067E-1,5.812381937191E-1,0.E0));
#7385=DIRECTION('',(-5.812381937191E-1,8.137334712067E-1,0.E0));
#7386=AXIS2_PLACEMENT_3D('',#7383,#7384,#7385);
#7387=PLANE('',#7386);
#7389=ORIENTED_EDGE('',*,*,#7388,.T.);
#7391=ORIENTED_EDGE('',*,*,#7390,.T.);
#7393=ORIENTED_EDGE('',*,*,#7392,.T.);
#7395=ORIENTED_EDGE('',*,*,#7394,.F.);
#7396=ORIENTED_EDGE('',*,*,#7371,.F.);
#7397=ORIENTED_EDGE('',*,*,#4481,.T.);
#7399=ORIENTED_EDGE('',*,*,#7398,.T.);
#7401=ORIENTED_EDGE('',*,*,#7400,.F.);
#7402=EDGE_LOOP('',(#7389,#7391,#7393,#7395,#7396,#7397,#7399,#7401));
#7403=FACE_OUTER_BOUND('',#7402,.F.);
#7404=ADVANCED_FACE('',(#7403),#7387,.F.);
#7405=CARTESIAN_POINT('',(-3.135E0,-5.2E-1,-2.6E-1));
#7406=DIRECTION('',(0.E0,-8.E-1,-6.E-1));
#7407=DIRECTION('',(0.E0,-6.E-1,8.E-1));
#7408=AXIS2_PLACEMENT_3D('',#7405,#7406,#7407);
#7409=PLANE('',#7408);
#7410=ORIENTED_EDGE('',*,*,#7388,.F.);
#7412=ORIENTED_EDGE('',*,*,#7411,.T.);
#7414=ORIENTED_EDGE('',*,*,#7413,.T.);
#7416=ORIENTED_EDGE('',*,*,#7415,.T.);
#7417=EDGE_LOOP('',(#7410,#7412,#7414,#7416));
#7418=FACE_OUTER_BOUND('',#7417,.F.);
#7419=ADVANCED_FACE('',(#7418),#7409,.T.);
#7420=CARTESIAN_POINT('',(-2.685E0,-5.2E-1,8.2E-1));
#7421=DIRECTION('',(0.E0,1.E0,0.E0));
#7422=DIRECTION('',(-1.E0,0.E0,0.E0));
#7423=AXIS2_PLACEMENT_3D('',#7420,#7421,#7422);
#7424=PLANE('',#7423);
#7425=ORIENTED_EDGE('',*,*,#7411,.F.);
#7426=ORIENTED_EDGE('',*,*,#7400,.T.);
#7428=ORIENTED_EDGE('',*,*,#7427,.F.);
#7430=ORIENTED_EDGE('',*,*,#7429,.T.);
#7431=EDGE_LOOP('',(#7425,#7426,#7428,#7430));
#7432=FACE_OUTER_BOUND('',#7431,.F.);
#7434=ORIENTED_EDGE('',*,*,#7433,.T.);
#7436=ORIENTED_EDGE('',*,*,#7435,.T.);
#7438=ORIENTED_EDGE('',*,*,#7437,.F.);
#7440=ORIENTED_EDGE('',*,*,#7439,.F.);
#7441=EDGE_LOOP('',(#7434,#7436,#7438,#7440));
#7442=FACE_BOUND('',#7441,.F.);
#7443=ADVANCED_FACE('',(#7432,#7442),#7424,.F.);
#7444=CARTESIAN_POINT('',(-2.685E0,-5.2E-1,8.2E-1));
#7445=DIRECTION('',(0.E0,1.E0,0.E0));
#7446=DIRECTION('',(-1.E0,0.E0,0.E0));
#7447=AXIS2_PLACEMENT_3D('',#7444,#7445,#7446);
#7448=PLANE('',#7447);
#7450=ORIENTED_EDGE('',*,*,#7449,.T.);
#7452=ORIENTED_EDGE('',*,*,#7451,.T.);
#7453=ORIENTED_EDGE('',*,*,#7373,.T.);
#7454=ORIENTED_EDGE('',*,*,#7394,.T.);
#7455=EDGE_LOOP('',(#7450,#7452,#7453,#7454));
#7456=FACE_OUTER_BOUND('',#7455,.F.);
#7458=ORIENTED_EDGE('',*,*,#7457,.T.);
#7460=ORIENTED_EDGE('',*,*,#7459,.T.);
#7462=ORIENTED_EDGE('',*,*,#7461,.F.);
#7464=ORIENTED_EDGE('',*,*,#7463,.F.);
#7465=EDGE_LOOP('',(#7458,#7460,#7462,#7464));
#7466=FACE_BOUND('',#7465,.F.);
#7467=ADVANCED_FACE('',(#7456,#7466),#7448,.F.);
#7468=CARTESIAN_POINT('',(-2.555E0,0.E0,-8.2E-1));
#7469=DIRECTION('',(0.E0,0.E0,-1.E0));
#7470=DIRECTION('',(-1.E0,0.E0,0.E0));
#7471=AXIS2_PLACEMENT_3D('',#7468,#7469,#7470);
#7472=PLANE('',#7471);
#7473=ORIENTED_EDGE('',*,*,#7398,.F.);
#7474=ORIENTED_EDGE('',*,*,#4479,.F.);
#7476=ORIENTED_EDGE('',*,*,#7475,.F.);
#7478=ORIENTED_EDGE('',*,*,#7477,.T.);
#7480=ORIENTED_EDGE('',*,*,#7479,.T.);
#7481=ORIENTED_EDGE('',*,*,#7427,.T.);
#7482=EDGE_LOOP('',(#7473,#7474,#7476,#7478,#7480,#7481));
#7483=FACE_OUTER_BOUND('',#7482,.F.);
#7484=ADVANCED_FACE('',(#7483),#7472,.T.);
#7485=CARTESIAN_POINT('',(-2.445E0,0.E0,-7.1E-1));
#7486=DIRECTION('',(7.071067811865E-1,0.E0,-7.071067811865E-1));
#7487=DIRECTION('',(-7.071067811865E-1,0.E0,-7.071067811865E-1));
#7488=AXIS2_PLACEMENT_3D('',#7485,#7486,#7487);
#7489=PLANE('',#7488);
#7491=ORIENTED_EDGE('',*,*,#7490,.F.);
#7492=ORIENTED_EDGE('',*,*,#7475,.T.);
#7493=ORIENTED_EDGE('',*,*,#4477,.F.);
#7494=ORIENTED_EDGE('',*,*,#4145,.F.);
#7495=ORIENTED_EDGE('',*,*,#3944,.T.);
#7496=EDGE_LOOP('',(#7491,#7492,#7493,#7494,#7495));
#7497=FACE_OUTER_BOUND('',#7496,.F.);
#7498=ADVANCED_FACE('',(#7497),#7489,.T.);
#7499=CARTESIAN_POINT('',(-2.845E0,-5.E-2,-7.7E-1));
#7500=DIRECTION('',(0.E0,7.071067811865E-1,-7.071067811865E-1));
#7501=DIRECTION('',(-1.E0,0.E0,0.E0));
#7502=AXIS2_PLACEMENT_3D('',#7499,#7500,#7501);
#7503=PLANE('',#7502);
#7504=ORIENTED_EDGE('',*,*,#7490,.T.);
#7505=ORIENTED_EDGE('',*,*,#3942,.T.);
#7507=ORIENTED_EDGE('',*,*,#7506,.T.);
#7508=ORIENTED_EDGE('',*,*,#7477,.F.);
#7509=EDGE_LOOP('',(#7504,#7505,#7507,#7508));
#7510=FACE_OUTER_BOUND('',#7509,.F.);
#7511=ADVANCED_FACE('',(#7510),#7503,.T.);
#7512=CARTESIAN_POINT('',(-3.085E0,-5.E-2,0.E0));
#7513=DIRECTION('',(-7.071067811865E-1,7.071067811865E-1,0.E0));
#7514=DIRECTION('',(0.E0,0.E0,-1.E0));
#7515=AXIS2_PLACEMENT_3D('',#7512,#7513,#7514);
#7516=PLANE('',#7515);
#7518=ORIENTED_EDGE('',*,*,#7517,.F.);
#7519=ORIENTED_EDGE('',*,*,#7506,.F.);
#7520=ORIENTED_EDGE('',*,*,#3940,.T.);
#7521=ORIENTED_EDGE('',*,*,#7360,.T.);
#7522=EDGE_LOOP('',(#7518,#7519,#7520,#7521));
#7523=FACE_OUTER_BOUND('',#7522,.F.);
#7524=ADVANCED_FACE('',(#7523),#7516,.T.);
#7525=CARTESIAN_POINT('',(-3.135E0,0.E0,-8.2E-1));
#7526=DIRECTION('',(-1.E0,0.E0,0.E0));
#7527=DIRECTION('',(0.E0,0.E0,1.E0));
#7528=AXIS2_PLACEMENT_3D('',#7525,#7526,#7527);
#7529=PLANE('',#7528);
#7530=ORIENTED_EDGE('',*,*,#7451,.F.);
#7532=ORIENTED_EDGE('',*,*,#7531,.F.);
#7534=ORIENTED_EDGE('',*,*,#7533,.F.);
#7535=ORIENTED_EDGE('',*,*,#7413,.F.);
#7536=ORIENTED_EDGE('',*,*,#7429,.F.);
#7537=ORIENTED_EDGE('',*,*,#7479,.F.);
#7538=ORIENTED_EDGE('',*,*,#7517,.T.);
#7539=ORIENTED_EDGE('',*,*,#7375,.T.);
#7540=EDGE_LOOP('',(#7530,#7532,#7534,#7535,#7536,#7537,#7538,#7539));
#7541=FACE_OUTER_BOUND('',#7540,.F.);
#7542=ADVANCED_FACE('',(#7541),#7529,.T.);
#7543=CARTESIAN_POINT('',(-3.135E0,-5.4E-1,2.333333333333E-1));
#7544=DIRECTION('',(0.E0,-8.E-1,6.E-1));
#7545=DIRECTION('',(0.E0,6.E-1,8.E-1));
#7546=AXIS2_PLACEMENT_3D('',#7543,#7544,#7545);
#7547=PLANE('',#7546);
#7548=ORIENTED_EDGE('',*,*,#7392,.F.);
#7550=ORIENTED_EDGE('',*,*,#7549,.F.);
#7551=ORIENTED_EDGE('',*,*,#7531,.T.);
#7552=ORIENTED_EDGE('',*,*,#7449,.F.);
#7553=EDGE_LOOP('',(#7548,#7550,#7551,#7552));
#7554=FACE_OUTER_BOUND('',#7553,.F.);
#7555=ADVANCED_FACE('',(#7554),#7547,.T.);
#7556=CARTESIAN_POINT('',(-3.135E0,-5.4E-1,-2.333333333333E-1));
#7557=DIRECTION('',(0.E0,-1.E0,0.E0));
#7558=DIRECTION('',(0.E0,0.E0,1.E0));
#7559=AXIS2_PLACEMENT_3D('',#7556,#7557,#7558);
#7560=PLANE('',#7559);
#7561=ORIENTED_EDGE('',*,*,#7390,.F.);
#7562=ORIENTED_EDGE('',*,*,#7415,.F.);
#7563=ORIENTED_EDGE('',*,*,#7533,.T.);
#7564=ORIENTED_EDGE('',*,*,#7549,.T.);
#7565=EDGE_LOOP('',(#7561,#7562,#7563,#7564));
#7566=FACE_OUTER_BOUND('',#7565,.F.);
#7567=ADVANCED_FACE('',(#7566),#7560,.T.);
#7568=CARTESIAN_POINT('',(-2.775E0,0.E0,0.E0));
#7569=DIRECTION('',(-1.E0,0.E0,0.E0));
#7570=DIRECTION('',(0.E0,0.E0,1.E0));
#7571=AXIS2_PLACEMENT_3D('',#7568,#7569,#7570);
#7572=PLANE('',#7571);
#7574=ORIENTED_EDGE('',*,*,#7573,.T.);
#7575=ORIENTED_EDGE('',*,*,#7433,.F.);
#7577=ORIENTED_EDGE('',*,*,#7576,.T.);
#7579=ORIENTED_EDGE('',*,*,#7578,.T.);
#7580=EDGE_LOOP('',(#7574,#7575,#7577,#7579));
#7581=FACE_OUTER_BOUND('',#7580,.F.);
#7582=ADVANCED_FACE('',(#7581),#7572,.F.);
#7583=CARTESIAN_POINT('',(-2.775E0,0.E0,0.E0));
#7584=DIRECTION('',(-1.E0,0.E0,0.E0));
#7585=DIRECTION('',(0.E0,0.E0,1.E0));
#7586=AXIS2_PLACEMENT_3D('',#7583,#7584,#7585);
#7587=PLANE('',#7586);
#7589=ORIENTED_EDGE('',*,*,#7588,.T.);
#7591=ORIENTED_EDGE('',*,*,#7590,.T.);
#7593=ORIENTED_EDGE('',*,*,#7592,.T.);
#7594=ORIENTED_EDGE('',*,*,#7457,.F.);
#7595=EDGE_LOOP('',(#7589,#7591,#7593,#7594));
#7596=FACE_OUTER_BOUND('',#7595,.F.);
#7597=ADVANCED_FACE('',(#7596),#7587,.F.);
#7598=CARTESIAN_POINT('',(-2.775E0,-6.8E-1,-3.5E-1));
#7599=DIRECTION('',(0.E0,-2.982749931359E-1,9.544799780350E-1));
#7600=DIRECTION('',(0.E0,9.544799780350E-1,2.982749931359E-1));
#7601=AXIS2_PLACEMENT_3D('',#7598,#7599,#7600);
#7602=PLANE('',#7601);
#7603=ORIENTED_EDGE('',*,*,#7573,.F.);
#7605=ORIENTED_EDGE('',*,*,#7604,.T.);
#7607=ORIENTED_EDGE('',*,*,#7606,.T.);
#7608=ORIENTED_EDGE('',*,*,#7435,.F.);
#7609=EDGE_LOOP('',(#7603,#7605,#7607,#7608));
#7610=FACE_OUTER_BOUND('',#7609,.F.);
#7611=ADVANCED_FACE('',(#7610),#7602,.T.);
#7612=CARTESIAN_POINT('',(-2.775E0,-6.8E-1,-6.15E-1));
#7613=DIRECTION('',(0.E0,-1.E0,0.E0));
#7614=DIRECTION('',(0.E0,0.E0,1.E0));
#7615=AXIS2_PLACEMENT_3D('',#7612,#7613,#7614);
#7616=PLANE('',#7615);
#7617=ORIENTED_EDGE('',*,*,#7578,.F.);
#7619=ORIENTED_EDGE('',*,*,#7618,.T.);
#7621=ORIENTED_EDGE('',*,*,#7620,.T.);
#7622=ORIENTED_EDGE('',*,*,#7604,.F.);
#7623=EDGE_LOOP('',(#7617,#7619,#7621,#7622));
#7624=FACE_OUTER_BOUND('',#7623,.F.);
#7625=ADVANCED_FACE('',(#7624),#7616,.T.);
#7626=CARTESIAN_POINT('',(-2.775E0,-4.3E-1,-6.15E-1));
#7627=DIRECTION('',(0.E0,0.E0,-1.E0));
#7628=DIRECTION('',(0.E0,-1.E0,0.E0));
#7629=AXIS2_PLACEMENT_3D('',#7626,#7627,#7628);
#7630=PLANE('',#7629);
#7631=ORIENTED_EDGE('',*,*,#7576,.F.);
#7632=ORIENTED_EDGE('',*,*,#7439,.T.);
#7634=ORIENTED_EDGE('',*,*,#7633,.T.);
#7635=ORIENTED_EDGE('',*,*,#7618,.F.);
#7636=EDGE_LOOP('',(#7631,#7632,#7634,#7635));
#7637=FACE_OUTER_BOUND('',#7636,.F.);
#7638=ADVANCED_FACE('',(#7637),#7630,.T.);
#7639=CARTESIAN_POINT('',(-2.875E0,0.E0,0.E0));
#7640=DIRECTION('',(-1.E0,0.E0,0.E0));
#7641=DIRECTION('',(0.E0,0.E0,1.E0));
#7642=AXIS2_PLACEMENT_3D('',#7639,#7640,#7641);
#7643=PLANE('',#7642);
#7644=ORIENTED_EDGE('',*,*,#7606,.F.);
#7645=ORIENTED_EDGE('',*,*,#7620,.F.);
#7646=ORIENTED_EDGE('',*,*,#7633,.F.);
#7647=ORIENTED_EDGE('',*,*,#7437,.T.);
#7648=EDGE_LOOP('',(#7644,#7645,#7646,#7647));
#7649=FACE_OUTER_BOUND('',#7648,.F.);
#7650=ADVANCED_FACE('',(#7649),#7643,.T.);
#7651=CARTESIAN_POINT('',(-2.875E0,0.E0,0.E0));
#7652=DIRECTION('',(-1.E0,0.E0,0.E0));
#7653=DIRECTION('',(0.E0,0.E0,1.E0));
#7654=AXIS2_PLACEMENT_3D('',#7651,#7652,#7653);
#7655=PLANE('',#7654);
#7657=ORIENTED_EDGE('',*,*,#7656,.F.);
#7658=ORIENTED_EDGE('',*,*,#7461,.T.);
#7660=ORIENTED_EDGE('',*,*,#7659,.F.);
#7662=ORIENTED_EDGE('',*,*,#7661,.F.);
#7663=EDGE_LOOP('',(#7657,#7658,#7660,#7662));
#7664=FACE_OUTER_BOUND('',#7663,.F.);
#7665=ADVANCED_FACE('',(#7664),#7655,.T.);
#7666=CARTESIAN_POINT('',(-2.775E0,-5.2E-1,3.E-1));
#7667=DIRECTION('',(0.E0,-2.982749931359E-1,-9.544799780350E-1));
#7668=DIRECTION('',(0.E0,-9.544799780350E-1,2.982749931359E-1));
#7669=AXIS2_PLACEMENT_3D('',#7666,#7667,#7668);
#7670=PLANE('',#7669);
#7671=ORIENTED_EDGE('',*,*,#7588,.F.);
#7672=ORIENTED_EDGE('',*,*,#7463,.T.);
#7673=ORIENTED_EDGE('',*,*,#7656,.T.);
#7675=ORIENTED_EDGE('',*,*,#7674,.F.);
#7676=EDGE_LOOP('',(#7671,#7672,#7673,#7675));
#7677=FACE_OUTER_BOUND('',#7676,.F.);
#7678=ADVANCED_FACE('',(#7677),#7670,.T.);
#7679=CARTESIAN_POINT('',(-2.775E0,-6.8E-1,3.5E-1));
#7680=DIRECTION('',(0.E0,-1.E0,0.E0));
#7681=DIRECTION('',(0.E0,0.E0,1.E0));
#7682=AXIS2_PLACEMENT_3D('',#7679,#7680,#7681);
#7683=PLANE('',#7682);
#7684=ORIENTED_EDGE('',*,*,#7590,.F.);
#7685=ORIENTED_EDGE('',*,*,#7674,.T.);
#7686=ORIENTED_EDGE('',*,*,#7661,.T.);
#7688=ORIENTED_EDGE('',*,*,#7687,.F.);
#7689=EDGE_LOOP('',(#7684,#7685,#7686,#7688));
#7690=FACE_OUTER_BOUND('',#7689,.F.);
#7691=ADVANCED_FACE('',(#7690),#7683,.T.);
#7692=CARTESIAN_POINT('',(-2.775E0,-6.8E-1,6.15E-1));
#7693=DIRECTION('',(0.E0,0.E0,1.E0));
#7694=DIRECTION('',(0.E0,1.E0,0.E0));
#7695=AXIS2_PLACEMENT_3D('',#7692,#7693,#7694);
#7696=PLANE('',#7695);
#7697=ORIENTED_EDGE('',*,*,#7592,.F.);
#7698=ORIENTED_EDGE('',*,*,#7687,.T.);
#7699=ORIENTED_EDGE('',*,*,#7659,.T.);
#7700=ORIENTED_EDGE('',*,*,#7459,.F.);
#7701=EDGE_LOOP('',(#7697,#7698,#7699,#7700));
#7702=FACE_OUTER_BOUND('',#7701,.F.);
#7703=ADVANCED_FACE('',(#7702),#7696,.T.);
#7704=CARTESIAN_POINT('',(2.445E0,0.E0,7.1E-1));
#7705=DIRECTION('',(-7.071067811865E-1,0.E0,7.071067811865E-1));
#7706=DIRECTION('',(7.071067811865E-1,0.E0,7.071067811865E-1));
#7707=AXIS2_PLACEMENT_3D('',#7704,#7705,#7706);
#7708=PLANE('',#7707);
#7710=ORIENTED_EDGE('',*,*,#7709,.F.);
#7712=ORIENTED_EDGE('',*,*,#7711,.T.);
#7713=ORIENTED_EDGE('',*,*,#4385,.F.);
#7714=ORIENTED_EDGE('',*,*,#4665,.F.);
#7715=ORIENTED_EDGE('',*,*,#3932,.T.);
#7716=EDGE_LOOP('',(#7710,#7712,#7713,#7714,#7715));
#7717=FACE_OUTER_BOUND('',#7716,.F.);
#7718=ADVANCED_FACE('',(#7717),#7708,.T.);
#7719=CARTESIAN_POINT('',(2.845E0,-5.E-2,7.7E-1));
#7720=DIRECTION('',(0.E0,7.071067811865E-1,7.071067811865E-1));
#7721=DIRECTION('',(-1.E0,0.E0,0.E0));
#7722=AXIS2_PLACEMENT_3D('',#7719,#7720,#7721);
#7723=PLANE('',#7722);
#7724=ORIENTED_EDGE('',*,*,#7709,.T.);
#7725=ORIENTED_EDGE('',*,*,#3930,.T.);
#7727=ORIENTED_EDGE('',*,*,#7726,.T.);
#7729=ORIENTED_EDGE('',*,*,#7728,.F.);
#7730=EDGE_LOOP('',(#7724,#7725,#7727,#7729));
#7731=FACE_OUTER_BOUND('',#7730,.F.);
#7732=ADVANCED_FACE('',(#7731),#7723,.T.);
#7733=CARTESIAN_POINT('',(3.085E0,-5.E-2,0.E0));
#7734=DIRECTION('',(7.071067811865E-1,7.071067811865E-1,0.E0));
#7735=DIRECTION('',(0.E0,0.E0,-1.E0));
#7736=AXIS2_PLACEMENT_3D('',#7733,#7734,#7735);
#7737=PLANE('',#7736);
#7739=ORIENTED_EDGE('',*,*,#7738,.F.);
#7740=ORIENTED_EDGE('',*,*,#7726,.F.);
#7741=ORIENTED_EDGE('',*,*,#3928,.T.);
#7742=ORIENTED_EDGE('',*,*,#4108,.T.);
#7743=EDGE_LOOP('',(#7739,#7740,#7741,#7742));
#7744=FACE_OUTER_BOUND('',#7743,.F.);
#7745=ADVANCED_FACE('',(#7744),#7737,.T.);
#7746=CARTESIAN_POINT('',(3.135E0,0.E0,8.2E-1));
#7747=DIRECTION('',(1.E0,0.E0,0.E0));
#7748=DIRECTION('',(0.E0,0.E0,-1.E0));
#7749=AXIS2_PLACEMENT_3D('',#7746,#7747,#7748);
#7750=PLANE('',#7749);
#7752=ORIENTED_EDGE('',*,*,#7751,.F.);
#7754=ORIENTED_EDGE('',*,*,#7753,.F.);
#7756=ORIENTED_EDGE('',*,*,#7755,.F.);
#7758=ORIENTED_EDGE('',*,*,#7757,.F.);
#7760=ORIENTED_EDGE('',*,*,#7759,.F.);
#7762=ORIENTED_EDGE('',*,*,#7761,.F.);
#7763=ORIENTED_EDGE('',*,*,#7738,.T.);
#7765=ORIENTED_EDGE('',*,*,#7764,.T.);
#7766=EDGE_LOOP('',(#7752,#7754,#7756,#7758,#7760,#7762,#7763,#7765));
#7767=FACE_OUTER_BOUND('',#7766,.F.);
#7768=ADVANCED_FACE('',(#7767),#7750,.T.);
#7769=CARTESIAN_POINT('',(3.135E0,-5.2E-1,8.2E-1));
#7770=DIRECTION('',(0.E0,1.E0,0.E0));
#7771=DIRECTION('',(-1.E0,0.E0,0.E0));
#7772=AXIS2_PLACEMENT_3D('',#7769,#7770,#7771);
#7773=PLANE('',#7772);
#7775=ORIENTED_EDGE('',*,*,#7774,.T.);
#7777=ORIENTED_EDGE('',*,*,#7776,.F.);
#7779=ORIENTED_EDGE('',*,*,#7778,.F.);
#7780=ORIENTED_EDGE('',*,*,#7759,.T.);
#7781=EDGE_LOOP('',(#7775,#7777,#7779,#7780));
#7782=FACE_OUTER_BOUND('',#7781,.F.);
#7784=ORIENTED_EDGE('',*,*,#7783,.F.);
#7786=ORIENTED_EDGE('',*,*,#7785,.T.);
#7788=ORIENTED_EDGE('',*,*,#7787,.T.);
#7790=ORIENTED_EDGE('',*,*,#7789,.F.);
#7791=EDGE_LOOP('',(#7784,#7786,#7788,#7790));
#7792=FACE_BOUND('',#7791,.F.);
#7793=ADVANCED_FACE('',(#7782,#7792),#7773,.F.);
#7794=CARTESIAN_POINT('',(3.135E0,-5.2E-1,8.2E-1));
#7795=DIRECTION('',(0.E0,1.E0,0.E0));
#7796=DIRECTION('',(-1.E0,0.E0,0.E0));
#7797=AXIS2_PLACEMENT_3D('',#7794,#7795,#7796);
#7798=PLANE('',#7797);
#7800=ORIENTED_EDGE('',*,*,#7799,.F.);
#7801=ORIENTED_EDGE('',*,*,#7751,.T.);
#7803=ORIENTED_EDGE('',*,*,#7802,.T.);
#7805=ORIENTED_EDGE('',*,*,#7804,.F.);
#7806=EDGE_LOOP('',(#7800,#7801,#7803,#7805));
#7807=FACE_OUTER_BOUND('',#7806,.F.);
#7809=ORIENTED_EDGE('',*,*,#7808,.F.);
#7811=ORIENTED_EDGE('',*,*,#7810,.T.);
#7813=ORIENTED_EDGE('',*,*,#7812,.T.);
#7815=ORIENTED_EDGE('',*,*,#7814,.F.);
#7816=EDGE_LOOP('',(#7809,#7811,#7813,#7815));
#7817=FACE_BOUND('',#7816,.F.);
#7818=ADVANCED_FACE('',(#7807,#7817),#7798,.F.);
#7819=CARTESIAN_POINT('',(3.135E0,-5.2E-1,2.6E-1));
#7820=DIRECTION('',(0.E0,-8.E-1,6.E-1));
#7821=DIRECTION('',(0.E0,-6.E-1,-8.E-1));
#7822=AXIS2_PLACEMENT_3D('',#7819,#7820,#7821);
#7823=PLANE('',#7822);
#7824=ORIENTED_EDGE('',*,*,#7774,.F.);
#7825=ORIENTED_EDGE('',*,*,#7757,.T.);
#7827=ORIENTED_EDGE('',*,*,#7826,.T.);
#7829=ORIENTED_EDGE('',*,*,#7828,.F.);
#7830=EDGE_LOOP('',(#7824,#7825,#7827,#7829));
#7831=FACE_OUTER_BOUND('',#7830,.F.);
#7832=ADVANCED_FACE('',(#7831),#7823,.T.);
#7833=CARTESIAN_POINT('',(3.135E0,-5.5E-1,2.2E-1));
#7834=DIRECTION('',(0.E0,-1.E0,0.E0));
#7835=DIRECTION('',(0.E0,0.E0,-1.E0));
#7836=AXIS2_PLACEMENT_3D('',#7833,#7834,#7835);
#7837=PLANE('',#7836);
#7839=ORIENTED_EDGE('',*,*,#7838,.F.);
#7840=ORIENTED_EDGE('',*,*,#7826,.F.);
#7841=ORIENTED_EDGE('',*,*,#7755,.T.);
#7843=ORIENTED_EDGE('',*,*,#7842,.T.);
#7844=EDGE_LOOP('',(#7839,#7840,#7841,#7843));
#7845=FACE_OUTER_BOUND('',#7844,.F.);
#7846=ADVANCED_FACE('',(#7845),#7837,.T.);
#7847=CARTESIAN_POINT('',(2.685E0,-5.2E-1,8.2E-1));
#7848=DIRECTION('',(-8.137334712067E-1,5.812381937191E-1,0.E0));
#7849=DIRECTION('',(-5.812381937191E-1,-8.137334712067E-1,0.E0));
#7850=AXIS2_PLACEMENT_3D('',#7847,#7848,#7849);
#7851=PLANE('',#7850);
#7852=ORIENTED_EDGE('',*,*,#7828,.T.);
#7853=ORIENTED_EDGE('',*,*,#7838,.T.);
#7855=ORIENTED_EDGE('',*,*,#7854,.T.);
#7856=ORIENTED_EDGE('',*,*,#7804,.T.);
#7858=ORIENTED_EDGE('',*,*,#7857,.T.);
#7859=ORIENTED_EDGE('',*,*,#4389,.F.);
#7861=ORIENTED_EDGE('',*,*,#7860,.F.);
#7862=ORIENTED_EDGE('',*,*,#7776,.T.);
#7863=EDGE_LOOP('',(#7852,#7853,#7855,#7856,#7858,#7859,#7861,#7862));
#7864=FACE_OUTER_BOUND('',#7863,.F.);
#7865=ADVANCED_FACE('',(#7864),#7851,.F.);
#7866=CARTESIAN_POINT('',(3.135E0,-5.5E-1,-2.2E-1));
#7867=DIRECTION('',(0.E0,-8.E-1,-6.E-1));
#7868=DIRECTION('',(0.E0,6.E-1,-8.E-1));
#7869=AXIS2_PLACEMENT_3D('',#7866,#7867,#7868);
#7870=PLANE('',#7869);
#7871=ORIENTED_EDGE('',*,*,#7799,.T.);
#7872=ORIENTED_EDGE('',*,*,#7854,.F.);
#7873=ORIENTED_EDGE('',*,*,#7842,.F.);
#7874=ORIENTED_EDGE('',*,*,#7753,.T.);
#7875=EDGE_LOOP('',(#7871,#7872,#7873,#7874));
#7876=FACE_OUTER_BOUND('',#7875,.F.);
#7877=ADVANCED_FACE('',(#7876),#7870,.T.);
#7878=CARTESIAN_POINT('',(3.135E0,0.E0,-8.2E-1));
#7879=DIRECTION('',(0.E0,0.E0,-1.E0));
#7880=DIRECTION('',(-1.E0,0.E0,0.E0));
#7881=AXIS2_PLACEMENT_3D('',#7878,#7879,#7880);
#7882=PLANE('',#7881);
#7883=ORIENTED_EDGE('',*,*,#7802,.F.);
#7884=ORIENTED_EDGE('',*,*,#7764,.F.);
#7885=ORIENTED_EDGE('',*,*,#4106,.T.);
#7886=ORIENTED_EDGE('',*,*,#4125,.T.);
#7887=ORIENTED_EDGE('',*,*,#4391,.F.);
#7888=ORIENTED_EDGE('',*,*,#7857,.F.);
#7889=EDGE_LOOP('',(#7883,#7884,#7885,#7886,#7887,#7888));
#7890=FACE_OUTER_BOUND('',#7889,.F.);
#7891=ADVANCED_FACE('',(#7890),#7882,.T.);
#7892=CARTESIAN_POINT('',(2.555E0,0.E0,8.2E-1));
#7893=DIRECTION('',(0.E0,0.E0,1.E0));
#7894=DIRECTION('',(1.E0,0.E0,0.E0));
#7895=AXIS2_PLACEMENT_3D('',#7892,#7893,#7894);
#7896=PLANE('',#7895);
#7897=ORIENTED_EDGE('',*,*,#7778,.T.);
#7898=ORIENTED_EDGE('',*,*,#7860,.T.);
#7899=ORIENTED_EDGE('',*,*,#4387,.F.);
#7900=ORIENTED_EDGE('',*,*,#7711,.F.);
#7901=ORIENTED_EDGE('',*,*,#7728,.T.);
#7902=ORIENTED_EDGE('',*,*,#7761,.T.);
#7903=EDGE_LOOP('',(#7897,#7898,#7899,#7900,#7901,#7902));
#7904=FACE_OUTER_BOUND('',#7903,.F.);
#7905=ADVANCED_FACE('',(#7904),#7896,.T.);
#7906=CARTESIAN_POINT('',(2.775E0,0.E0,0.E0));
#7907=DIRECTION('',(-1.E0,0.E0,0.E0));
#7908=DIRECTION('',(0.E0,0.E0,1.E0));
#7909=AXIS2_PLACEMENT_3D('',#7906,#7907,#7908);
#7910=PLANE('',#7909);
#7912=ORIENTED_EDGE('',*,*,#7911,.F.);
#7914=ORIENTED_EDGE('',*,*,#7913,.F.);
#7916=ORIENTED_EDGE('',*,*,#7915,.F.);
#7917=ORIENTED_EDGE('',*,*,#7808,.T.);
#7918=EDGE_LOOP('',(#7912,#7914,#7916,#7917));
#7919=FACE_OUTER_BOUND('',#7918,.F.);
#7920=ADVANCED_FACE('',(#7919),#7910,.T.);
#7921=CARTESIAN_POINT('',(2.775E0,0.E0,0.E0));
#7922=DIRECTION('',(-1.E0,0.E0,0.E0));
#7923=DIRECTION('',(0.E0,0.E0,1.E0));
#7924=AXIS2_PLACEMENT_3D('',#7921,#7922,#7923);
#7925=PLANE('',#7924);
#7927=ORIENTED_EDGE('',*,*,#7926,.F.);
#7928=ORIENTED_EDGE('',*,*,#7783,.T.);
#7930=ORIENTED_EDGE('',*,*,#7929,.F.);
#7932=ORIENTED_EDGE('',*,*,#7931,.F.);
#7933=EDGE_LOOP('',(#7927,#7928,#7930,#7932));
#7934=FACE_OUTER_BOUND('',#7933,.F.);
#7935=ADVANCED_FACE('',(#7934),#7925,.T.);
#7936=CARTESIAN_POINT('',(2.775E0,-6.8E-1,-3.5E-1));
#7937=DIRECTION('',(0.E0,2.982749931359E-1,-9.544799780350E-1));
#7938=DIRECTION('',(0.E0,9.544799780350E-1,2.982749931359E-1));
#7939=AXIS2_PLACEMENT_3D('',#7936,#7937,#7938);
#7940=PLANE('',#7939);
#7941=ORIENTED_EDGE('',*,*,#7911,.T.);
#7942=ORIENTED_EDGE('',*,*,#7814,.T.);
#7944=ORIENTED_EDGE('',*,*,#7943,.F.);
#7946=ORIENTED_EDGE('',*,*,#7945,.F.);
#7947=EDGE_LOOP('',(#7941,#7942,#7944,#7946));
#7948=FACE_OUTER_BOUND('',#7947,.F.);
#7949=ADVANCED_FACE('',(#7948),#7940,.F.);
#7950=CARTESIAN_POINT('',(2.875E0,0.E0,0.E0));
#7951=DIRECTION('',(-1.E0,0.E0,0.E0));
#7952=DIRECTION('',(0.E0,0.E0,1.E0));
#7953=AXIS2_PLACEMENT_3D('',#7950,#7951,#7952);
#7954=PLANE('',#7953);
#7955=ORIENTED_EDGE('',*,*,#7943,.T.);
#7956=ORIENTED_EDGE('',*,*,#7812,.F.);
#7958=ORIENTED_EDGE('',*,*,#7957,.T.);
#7960=ORIENTED_EDGE('',*,*,#7959,.T.);
#7961=EDGE_LOOP('',(#7955,#7956,#7958,#7960));
#7962=FACE_OUTER_BOUND('',#7961,.F.);
#7963=ADVANCED_FACE('',(#7962),#7954,.F.);
#7964=CARTESIAN_POINT('',(2.875E0,0.E0,0.E0));
#7965=DIRECTION('',(-1.E0,0.E0,0.E0));
#7966=DIRECTION('',(0.E0,0.E0,1.E0));
#7967=AXIS2_PLACEMENT_3D('',#7964,#7965,#7966);
#7968=PLANE('',#7967);
#7970=ORIENTED_EDGE('',*,*,#7969,.T.);
#7972=ORIENTED_EDGE('',*,*,#7971,.T.);
#7974=ORIENTED_EDGE('',*,*,#7973,.T.);
#7975=ORIENTED_EDGE('',*,*,#7787,.F.);
#7976=EDGE_LOOP('',(#7970,#7972,#7974,#7975));
#7977=FACE_OUTER_BOUND('',#7976,.F.);
#7978=ADVANCED_FACE('',(#7977),#7968,.F.);
#7979=CARTESIAN_POINT('',(2.775E0,-4.3E-1,-6.15E-1));
#7980=DIRECTION('',(0.E0,0.E0,1.E0));
#7981=DIRECTION('',(0.E0,-1.E0,0.E0));
#7982=AXIS2_PLACEMENT_3D('',#7979,#7980,#7981);
#7983=PLANE('',#7982);
#7984=ORIENTED_EDGE('',*,*,#7915,.T.);
#7986=ORIENTED_EDGE('',*,*,#7985,.T.);
#7987=ORIENTED_EDGE('',*,*,#7957,.F.);
#7988=ORIENTED_EDGE('',*,*,#7810,.F.);
#7989=EDGE_LOOP('',(#7984,#7986,#7987,#7988));
#7990=FACE_OUTER_BOUND('',#7989,.F.);
#7991=ADVANCED_FACE('',(#7990),#7983,.F.);
#7992=CARTESIAN_POINT('',(2.775E0,-6.8E-1,-6.15E-1));
#7993=DIRECTION('',(0.E0,1.E0,0.E0));
#7994=DIRECTION('',(0.E0,0.E0,1.E0));
#7995=AXIS2_PLACEMENT_3D('',#7992,#7993,#7994);
#7996=PLANE('',#7995);
#7997=ORIENTED_EDGE('',*,*,#7913,.T.);
#7998=ORIENTED_EDGE('',*,*,#7945,.T.);
#7999=ORIENTED_EDGE('',*,*,#7959,.F.);
#8000=ORIENTED_EDGE('',*,*,#7985,.F.);
#8001=EDGE_LOOP('',(#7997,#7998,#7999,#8000));
#8002=FACE_OUTER_BOUND('',#8001,.F.);
#8003=ADVANCED_FACE('',(#8002),#7996,.F.);
#8004=CARTESIAN_POINT('',(2.775E0,-5.2E-1,3.E-1));
#8005=DIRECTION('',(0.E0,2.982749931359E-1,9.544799780350E-1));
#8006=DIRECTION('',(0.E0,-9.544799780350E-1,2.982749931359E-1));
#8007=AXIS2_PLACEMENT_3D('',#8004,#8005,#8006);
#8008=PLANE('',#8007);
#8009=ORIENTED_EDGE('',*,*,#7926,.T.);
#8011=ORIENTED_EDGE('',*,*,#8010,.T.);
#8012=ORIENTED_EDGE('',*,*,#7969,.F.);
#8013=ORIENTED_EDGE('',*,*,#7785,.F.);
#8014=EDGE_LOOP('',(#8009,#8011,#8012,#8013));
#8015=FACE_OUTER_BOUND('',#8014,.F.);
#8016=ADVANCED_FACE('',(#8015),#8008,.F.);
#8017=CARTESIAN_POINT('',(2.775E0,-6.8E-1,3.5E-1));
#8018=DIRECTION('',(0.E0,1.E0,0.E0));
#8019=DIRECTION('',(0.E0,0.E0,1.E0));
#8020=AXIS2_PLACEMENT_3D('',#8017,#8018,#8019);
#8021=PLANE('',#8020);
#8022=ORIENTED_EDGE('',*,*,#7931,.T.);
#8024=ORIENTED_EDGE('',*,*,#8023,.T.);
#8025=ORIENTED_EDGE('',*,*,#7971,.F.);
#8026=ORIENTED_EDGE('',*,*,#8010,.F.);
#8027=EDGE_LOOP('',(#8022,#8024,#8025,#8026));
#8028=FACE_OUTER_BOUND('',#8027,.F.);
#8029=ADVANCED_FACE('',(#8028),#8021,.F.);
#8030=CARTESIAN_POINT('',(2.775E0,-6.8E-1,6.15E-1));
#8031=DIRECTION('',(0.E0,0.E0,-1.E0));
#8032=DIRECTION('',(0.E0,1.E0,0.E0));
#8033=AXIS2_PLACEMENT_3D('',#8030,#8031,#8032);
#8034=PLANE('',#8033);
#8035=ORIENTED_EDGE('',*,*,#7929,.T.);
#8036=ORIENTED_EDGE('',*,*,#7789,.T.);
#8037=ORIENTED_EDGE('',*,*,#7973,.F.);
#8038=ORIENTED_EDGE('',*,*,#8023,.F.);
#8039=EDGE_LOOP('',(#8035,#8036,#8037,#8038));
#8040=FACE_OUTER_BOUND('',#8039,.F.);
#8041=ADVANCED_FACE('',(#8040),#8034,.F.);
#8042=CARTESIAN_POINT('',(2.27E0,0.E0,0.E0));
#8043=DIRECTION('',(1.E0,0.E0,0.E0));
#8044=DIRECTION('',(0.E0,0.E0,-1.E0));
#8045=AXIS2_PLACEMENT_3D('',#8042,#8043,#8044);
#8046=PLANE('',#8045);
#8047=ORIENTED_EDGE('',*,*,#4295,.F.);
#8048=ORIENTED_EDGE('',*,*,#4309,.F.);
#8049=ORIENTED_EDGE('',*,*,#4323,.F.);
#8050=ORIENTED_EDGE('',*,*,#4337,.F.);
#8051=ORIENTED_EDGE('',*,*,#4351,.F.);
#8052=ORIENTED_EDGE('',*,*,#4365,.F.);
#8053=ORIENTED_EDGE('',*,*,#4395,.F.);
#8054=ORIENTED_EDGE('',*,*,#4139,.T.);
#8055=EDGE_LOOP('',(#8047,#8048,#8049,#8050,#8051,#8052,#8053,#8054));
#8056=FACE_OUTER_BOUND('',#8055,.F.);
#8057=ADVANCED_FACE('',(#8056),#8046,.T.);
#8058=CARTESIAN_POINT('',(2.27E0,0.E0,0.E0));
#8059=DIRECTION('',(1.E0,0.E0,0.E0));
#8060=DIRECTION('',(0.E0,0.E0,-1.E0));
#8061=AXIS2_PLACEMENT_3D('',#8058,#8059,#8060);
#8062=PLANE('',#8061);
#8063=ORIENTED_EDGE('',*,*,#4381,.F.);
#8065=ORIENTED_EDGE('',*,*,#8064,.F.);
#8067=ORIENTED_EDGE('',*,*,#8066,.F.);
#8069=ORIENTED_EDGE('',*,*,#8068,.F.);
#8071=ORIENTED_EDGE('',*,*,#8070,.F.);
#8073=ORIENTED_EDGE('',*,*,#8072,.F.);
#8075=ORIENTED_EDGE('',*,*,#8074,.F.);
#8076=ORIENTED_EDGE('',*,*,#4668,.F.);
#8077=EDGE_LOOP('',(#8063,#8065,#8067,#8069,#8071,#8073,#8075,#8076));
#8078=FACE_OUTER_BOUND('',#8077,.F.);
#8079=ADVANCED_FACE('',(#8078),#8062,.T.);
#8080=CARTESIAN_POINT('',(2.13E0,-6.8E-1,8.5E-1));
#8081=DIRECTION('',(0.E0,-7.071067811865E-1,-7.071067811866E-1));
#8082=DIRECTION('',(0.E0,7.071067811866E-1,-7.071067811865E-1));
#8083=AXIS2_PLACEMENT_3D('',#8080,#8081,#8082);
#8084=PLANE('',#8083);
#8085=ORIENTED_EDGE('',*,*,#4282,.F.);
#8087=ORIENTED_EDGE('',*,*,#8086,.T.);
#8088=ORIENTED_EDGE('',*,*,#8064,.T.);
#8089=ORIENTED_EDGE('',*,*,#4379,.F.);
#8090=EDGE_LOOP('',(#8085,#8087,#8088,#8089));
#8091=FACE_OUTER_BOUND('',#8090,.F.);
#8092=ADVANCED_FACE('',(#8091),#8084,.T.);
#8093=CARTESIAN_POINT('',(2.13E0,-6.8E-1,1.05E0));
#8094=DIRECTION('',(0.E0,-1.E0,0.E0));
#8095=DIRECTION('',(0.E0,0.E0,-1.E0));
#8096=AXIS2_PLACEMENT_3D('',#8093,#8094,#8095);
#8097=PLANE('',#8096);
#8098=ORIENTED_EDGE('',*,*,#4280,.F.);
#8100=ORIENTED_EDGE('',*,*,#8099,.T.);
#8101=ORIENTED_EDGE('',*,*,#8066,.T.);
#8102=ORIENTED_EDGE('',*,*,#8086,.F.);
#8103=EDGE_LOOP('',(#8098,#8100,#8101,#8102));
#8104=FACE_OUTER_BOUND('',#8103,.F.);
#8105=ADVANCED_FACE('',(#8104),#8097,.T.);
#8106=CARTESIAN_POINT('',(2.13E0,-6.E-1,1.05E0));
#8107=DIRECTION('',(0.E0,0.E0,1.E0));
#8108=DIRECTION('',(0.E0,-1.E0,0.E0));
#8109=AXIS2_PLACEMENT_3D('',#8106,#8107,#8108);
#8110=PLANE('',#8109);
#8111=ORIENTED_EDGE('',*,*,#4278,.F.);
#8113=ORIENTED_EDGE('',*,*,#8112,.T.);
#8114=ORIENTED_EDGE('',*,*,#8068,.T.);
#8115=ORIENTED_EDGE('',*,*,#8099,.F.);
#8116=EDGE_LOOP('',(#8111,#8113,#8114,#8115));
#8117=FACE_OUTER_BOUND('',#8116,.F.);
#8118=ADVANCED_FACE('',(#8117),#8110,.T.);
#8119=CARTESIAN_POINT('',(2.13E0,-6.E-1,8.5E-1));
#8120=DIRECTION('',(0.E0,1.E0,0.E0));
#8121=DIRECTION('',(0.E0,0.E0,1.E0));
#8122=AXIS2_PLACEMENT_3D('',#8119,#8120,#8121);
#8123=PLANE('',#8122);
#8124=ORIENTED_EDGE('',*,*,#4276,.F.);
#8126=ORIENTED_EDGE('',*,*,#8125,.T.);
#8127=ORIENTED_EDGE('',*,*,#8070,.T.);
#8128=ORIENTED_EDGE('',*,*,#8112,.F.);
#8129=EDGE_LOOP('',(#8124,#8126,#8127,#8128));
#8130=FACE_OUTER_BOUND('',#8129,.F.);
#8131=ADVANCED_FACE('',(#8130),#8123,.T.);
#8132=CARTESIAN_POINT('',(2.13E0,-5.8E-1,8.3E-1));
#8133=DIRECTION('',(0.E0,7.071067811865E-1,7.071067811866E-1));
#8134=DIRECTION('',(0.E0,-7.071067811866E-1,7.071067811865E-1));
#8135=AXIS2_PLACEMENT_3D('',#8132,#8133,#8134);
#8136=PLANE('',#8135);
#8137=ORIENTED_EDGE('',*,*,#4274,.F.);
#8139=ORIENTED_EDGE('',*,*,#8138,.T.);
#8140=ORIENTED_EDGE('',*,*,#8072,.T.);
#8141=ORIENTED_EDGE('',*,*,#8125,.F.);
#8142=EDGE_LOOP('',(#8137,#8139,#8140,#8141));
#8143=FACE_OUTER_BOUND('',#8142,.F.);
#8144=ADVANCED_FACE('',(#8143),#8136,.T.);
#8145=CARTESIAN_POINT('',(2.13E0,-5.8E-1,7.1E-1));
#8146=DIRECTION('',(0.E0,1.E0,0.E0));
#8147=DIRECTION('',(0.E0,0.E0,1.E0));
#8148=AXIS2_PLACEMENT_3D('',#8145,#8146,#8147);
#8149=PLANE('',#8148);
#8150=ORIENTED_EDGE('',*,*,#4272,.F.);
#8151=ORIENTED_EDGE('',*,*,#4670,.T.);
#8152=ORIENTED_EDGE('',*,*,#8074,.T.);
#8153=ORIENTED_EDGE('',*,*,#8138,.F.);
#8154=EDGE_LOOP('',(#8150,#8151,#8152,#8153));
#8155=FACE_OUTER_BOUND('',#8154,.F.);
#8156=ADVANCED_FACE('',(#8155),#8149,.T.);
#8157=CLOSED_SHELL('',(#3970,#3985,#3999,#4013,#4027,#4041,#4055,#4069,#4082,
#4098,#4113,#4129,#4239,#4262,#4286,#4300,#4314,#4328,#4342,#4356,#4370,#4577,
#4674,#4696,#4718,#4732,#4753,#4775,#4788,#4801,#4814,#4827,#4839,#4852,#4865,
#4878,#4891,#4904,#4916,#4938,#4960,#4974,#4995,#5017,#5030,#5043,#5056,#5069,
#5081,#5094,#5107,#5120,#5133,#5146,#5158,#5180,#5202,#5216,#5237,#5259,#5272,
#5285,#5298,#5311,#5323,#5336,#5349,#5362,#5375,#5388,#5400,#5422,#5444,#5458,
#5479,#5501,#5514,#5527,#5540,#5553,#5565,#5578,#5591,#5604,#5617,#5630,#5642,
#5664,#5686,#5700,#5721,#5743,#5756,#5769,#5782,#5795,#5807,#5820,#5833,#5846,
#5859,#5872,#5884,#5906,#5928,#5942,#5963,#5985,#5998,#6011,#6024,#6037,#6049,
#6062,#6075,#6088,#6101,#6114,#6126,#6148,#6170,#6184,#6205,#6227,#6240,#6253,
#6266,#6279,#6291,#6304,#6317,#6330,#6343,#6356,#6368,#6390,#6412,#6426,#6447,
#6469,#6482,#6495,#6508,#6521,#6533,#6546,#6559,#6572,#6585,#6598,#6610,#6632,
#6654,#6668,#6689,#6711,#6724,#6737,#6750,#6763,#6775,#6788,#6801,#6814,#6827,
#6840,#6852,#6874,#6896,#6910,#6931,#6953,#6966,#6979,#6992,#7005,#7017,#7030,
#7043,#7056,#7069,#7082,#7094,#7116,#7138,#7152,#7173,#7195,#7208,#7221,#7234,
#7247,#7259,#7272,#7285,#7298,#7311,#7324,#7336,#7351,#7365,#7382,#7404,#7419,
#7443,#7467,#7484,#7498,#7511,#7524,#7542,#7555,#7567,#7582,#7597,#7611,#7625,
#7638,#7650,#7665,#7678,#7691,#7703,#7718,#7732,#7745,#7768,#7793,#7818,#7832,
#7846,#7865,#7877,#7891,#7905,#7920,#7935,#7949,#7963,#7978,#7991,#8003,#8016,
#8029,#8041,#8057,#8079,#8092,#8105,#8118,#8131,#8144,#8156));
#8158=MANIFOLD_SOLID_BREP('',#8157);
#8159=CARTESIAN_POINT('',(0.E0,0.E0,0.E0));
#8160=DIRECTION('',(0.E0,0.E0,1.E0));
#8161=DIRECTION('',(1.E0,0.E0,0.E0));
#8162=AXIS2_PLACEMENT_3D('CSYS',#8159,#8160,#8161);
#8163=DIRECTION('',(0.E0,0.E0,-1.E0));
#8164=VECTOR('',#8163,5.E-1);
#8165=CARTESIAN_POINT('',(-2.32E0,-6.6E-1,1.35E0));
#8166=LINE('',#8165,#8164);
#8169=DIRECTION('',(1.E0,0.E0,0.E0));
#8170=VECTOR('',#8169,2.4E-1);
#8171=CARTESIAN_POINT('',(-2.32E0,-6.6E-1,8.5E-1));
#8172=LINE('',#8171,#8170);
#8175=DIRECTION('',(0.E0,0.E0,1.E0));
#8176=VECTOR('',#8175,5.E-1);
#8177=CARTESIAN_POINT('',(-2.08E0,-6.6E-1,8.5E-1));
#8178=LINE('',#8177,#8176);
#8181=DIRECTION('',(-1.E0,0.E0,0.E0));
#8182=VECTOR('',#8181,2.4E-1);
#8183=CARTESIAN_POINT('',(-2.08E0,-6.6E-1,1.35E0));
#8184=LINE('',#8183,#8182);
#8189=DIRECTION('',(1.E0,0.E0,0.E0));
#8190=VECTOR('',#8189,2.4E-1);
#8191=CARTESIAN_POINT('',(-2.32E0,-6.6E-1,-1.35E0));
#8192=LINE('',#8191,#8190);
#8195=DIRECTION('',(0.E0,0.E0,1.E0));
#8196=VECTOR('',#8195,5.E-1);
#8197=CARTESIAN_POINT('',(-2.08E0,-6.6E-1,-1.35E0));
#8198=LINE('',#8197,#8196);
#8201=DIRECTION('',(-1.E0,0.E0,0.E0));
#8202=VECTOR('',#8201,2.4E-1);
#8203=CARTESIAN_POINT('',(-2.08E0,-6.6E-1,-8.5E-1));
#8204=LINE('',#8203,#8202);
#8207=DIRECTION('',(0.E0,0.E0,-1.E0));
#8208=VECTOR('',#8207,5.E-1);
#8209=CARTESIAN_POINT('',(-2.32E0,-6.6E-1,-8.5E-1));
#8210=LINE('',#8209,#8208);
#8214=DIRECTION('',(0.E0,0.E0,-1.E0));
#8215=VECTOR('',#8214,5.E-1);
#8216=CARTESIAN_POINT('',(-1.92E0,-6.6E-1,1.35E0));
#8217=LINE('',#8216,#8215);
#8220=DIRECTION('',(1.E0,0.E0,0.E0));
#8221=VECTOR('',#8220,2.4E-1);
#8222=CARTESIAN_POINT('',(-1.92E0,-6.6E-1,8.5E-1));
#8223=LINE('',#8222,#8221);
#8226=DIRECTION('',(0.E0,0.E0,1.E0));
#8227=VECTOR('',#8226,5.E-1);
#8228=CARTESIAN_POINT('',(-1.68E0,-6.6E-1,8.5E-1));
#8229=LINE('',#8228,#8227);
#8232=DIRECTION('',(-1.E0,0.E0,0.E0));
#8233=VECTOR('',#8232,2.4E-1);
#8234=CARTESIAN_POINT('',(-1.68E0,-6.6E-1,1.35E0));
#8235=LINE('',#8234,#8233);
#8239=DIRECTION('',(1.E0,0.E0,0.E0));
#8240=VECTOR('',#8239,2.4E-1);
#8241=CARTESIAN_POINT('',(-1.92E0,-6.6E-1,-1.35E0));
#8242=LINE('',#8241,#8240);
#8245=DIRECTION('',(0.E0,0.E0,1.E0));
#8246=VECTOR('',#8245,5.E-1);
#8247=CARTESIAN_POINT('',(-1.68E0,-6.6E-1,-1.35E0));
#8248=LINE('',#8247,#8246);
#8251=DIRECTION('',(-1.E0,0.E0,0.E0));
#8252=VECTOR('',#8251,2.4E-1);
#8253=CARTESIAN_POINT('',(-1.68E0,-6.6E-1,-8.5E-1));
#8254=LINE('',#8253,#8252);
#8257=DIRECTION('',(0.E0,0.E0,-1.E0));
#8258=VECTOR('',#8257,5.E-1);
#8259=CARTESIAN_POINT('',(-1.92E0,-6.6E-1,-8.5E-1));
#8260=LINE('',#8259,#8258);
#8264=DIRECTION('',(0.E0,0.E0,-1.E0));
#8265=VECTOR('',#8264,5.E-1);
#8266=CARTESIAN_POINT('',(-1.52E0,-6.6E-1,1.35E0));
#8267=LINE('',#8266,#8265);
#8270=DIRECTION('',(1.E0,0.E0,0.E0));
#8271=VECTOR('',#8270,2.4E-1);
#8272=CARTESIAN_POINT('',(-1.52E0,-6.6E-1,8.5E-1));
#8273=LINE('',#8272,#8271);
#8276=DIRECTION('',(0.E0,0.E0,1.E0));
#8277=VECTOR('',#8276,5.E-1);
#8278=CARTESIAN_POINT('',(-1.28E0,-6.6E-1,8.5E-1));
#8279=LINE('',#8278,#8277);
#8282=DIRECTION('',(-1.E0,0.E0,0.E0));
#8283=VECTOR('',#8282,2.4E-1);
#8284=CARTESIAN_POINT('',(-1.28E0,-6.6E-1,1.35E0));
#8285=LINE('',#8284,#8283);
#8289=DIRECTION('',(1.E0,0.E0,0.E0));
#8290=VECTOR('',#8289,2.4E-1);
#8291=CARTESIAN_POINT('',(-1.52E0,-6.6E-1,-1.35E0));
#8292=LINE('',#8291,#8290);
#8295=DIRECTION('',(0.E0,0.E0,1.E0));
#8296=VECTOR('',#8295,5.E-1);
#8297=CARTESIAN_POINT('',(-1.28E0,-6.6E-1,-1.35E0));
#8298=LINE('',#8297,#8296);
#8301=DIRECTION('',(-1.E0,0.E0,0.E0));
#8302=VECTOR('',#8301,2.4E-1);
#8303=CARTESIAN_POINT('',(-1.28E0,-6.6E-1,-8.5E-1));
#8304=LINE('',#8303,#8302);
#8307=DIRECTION('',(0.E0,0.E0,-1.E0));
#8308=VECTOR('',#8307,5.E-1);
#8309=CARTESIAN_POINT('',(-1.52E0,-6.6E-1,-8.5E-1));
#8310=LINE('',#8309,#8308);
#8314=DIRECTION('',(0.E0,0.E0,-1.E0));
#8315=VECTOR('',#8314,5.E-1);
#8316=CARTESIAN_POINT('',(-1.12E0,-6.6E-1,1.35E0));
#8317=LINE('',#8316,#8315);
#8320=DIRECTION('',(1.E0,0.E0,0.E0));
#8321=VECTOR('',#8320,2.4E-1);
#8322=CARTESIAN_POINT('',(-1.12E0,-6.6E-1,8.5E-1));
#8323=LINE('',#8322,#8321);
#8326=DIRECTION('',(0.E0,0.E0,1.E0));
#8327=VECTOR('',#8326,5.E-1);
#8328=CARTESIAN_POINT('',(-8.8E-1,-6.6E-1,8.5E-1));
#8329=LINE('',#8328,#8327);
#8332=DIRECTION('',(-1.E0,0.E0,0.E0));
#8333=VECTOR('',#8332,2.4E-1);
#8334=CARTESIAN_POINT('',(-8.8E-1,-6.6E-1,1.35E0));
#8335=LINE('',#8334,#8333);
#8339=DIRECTION('',(1.E0,0.E0,0.E0));
#8340=VECTOR('',#8339,2.4E-1);
#8341=CARTESIAN_POINT('',(-1.12E0,-6.6E-1,-1.35E0));
#8342=LINE('',#8341,#8340);
#8345=DIRECTION('',(0.E0,0.E0,1.E0));
#8346=VECTOR('',#8345,5.E-1);
#8347=CARTESIAN_POINT('',(-8.8E-1,-6.6E-1,-1.35E0));
#8348=LINE('',#8347,#8346);
#8351=DIRECTION('',(-1.E0,0.E0,0.E0));
#8352=VECTOR('',#8351,2.4E-1);
#8353=CARTESIAN_POINT('',(-8.8E-1,-6.6E-1,-8.5E-1));
#8354=LINE('',#8353,#8352);
#8357=DIRECTION('',(0.E0,0.E0,-1.E0));
#8358=VECTOR('',#8357,5.E-1);
#8359=CARTESIAN_POINT('',(-1.12E0,-6.6E-1,-8.5E-1));
#8360=LINE('',#8359,#8358);
#8364=DIRECTION('',(0.E0,0.E0,-1.E0));
#8365=VECTOR('',#8364,5.E-1);
#8366=CARTESIAN_POINT('',(-7.2E-1,-6.6E-1,1.35E0));
#8367=LINE('',#8366,#8365);
#8370=DIRECTION('',(1.E0,0.E0,0.E0));
#8371=VECTOR('',#8370,2.4E-1);
#8372=CARTESIAN_POINT('',(-7.2E-1,-6.6E-1,8.5E-1));
#8373=LINE('',#8372,#8371);
#8376=DIRECTION('',(0.E0,0.E0,1.E0));
#8377=VECTOR('',#8376,5.E-1);
#8378=CARTESIAN_POINT('',(-4.8E-1,-6.6E-1,8.5E-1));
#8379=LINE('',#8378,#8377);
#8382=DIRECTION('',(-1.E0,0.E0,0.E0));
#8383=VECTOR('',#8382,2.4E-1);
#8384=CARTESIAN_POINT('',(-4.8E-1,-6.6E-1,1.35E0));
#8385=LINE('',#8384,#8383);
#8389=DIRECTION('',(1.E0,0.E0,0.E0));
#8390=VECTOR('',#8389,2.4E-1);
#8391=CARTESIAN_POINT('',(-7.2E-1,-6.6E-1,-1.35E0));
#8392=LINE('',#8391,#8390);
#8395=DIRECTION('',(0.E0,0.E0,1.E0));
#8396=VECTOR('',#8395,5.E-1);
#8397=CARTESIAN_POINT('',(-4.8E-1,-6.6E-1,-1.35E0));
#8398=LINE('',#8397,#8396);
#8401=DIRECTION('',(-1.E0,0.E0,0.E0));
#8402=VECTOR('',#8401,2.4E-1);
#8403=CARTESIAN_POINT('',(-4.8E-1,-6.6E-1,-8.5E-1));
#8404=LINE('',#8403,#8402);
#8407=DIRECTION('',(0.E0,0.E0,-1.E0));
#8408=VECTOR('',#8407,5.E-1);
#8409=CARTESIAN_POINT('',(-7.2E-1,-6.6E-1,-8.5E-1));
#8410=LINE('',#8409,#8408);
#8414=DIRECTION('',(0.E0,0.E0,-1.E0));
#8415=VECTOR('',#8414,5.E-1);
#8416=CARTESIAN_POINT('',(-3.2E-1,-6.6E-1,1.35E0));
#8417=LINE('',#8416,#8415);
#8420=DIRECTION('',(1.E0,0.E0,0.E0));
#8421=VECTOR('',#8420,2.4E-1);
#8422=CARTESIAN_POINT('',(-3.2E-1,-6.6E-1,8.5E-1));
#8423=LINE('',#8422,#8421);
#8426=DIRECTION('',(0.E0,0.E0,1.E0));
#8427=VECTOR('',#8426,5.E-1);
#8428=CARTESIAN_POINT('',(-8.E-2,-6.6E-1,8.5E-1));
#8429=LINE('',#8428,#8427);
#8432=DIRECTION('',(-1.E0,0.E0,0.E0));
#8433=VECTOR('',#8432,2.4E-1);
#8434=CARTESIAN_POINT('',(-8.E-2,-6.6E-1,1.35E0));
#8435=LINE('',#8434,#8433);
#8439=DIRECTION('',(1.E0,0.E0,0.E0));
#8440=VECTOR('',#8439,2.4E-1);
#8441=CARTESIAN_POINT('',(-3.2E-1,-6.6E-1,-1.35E0));
#8442=LINE('',#8441,#8440);
#8445=DIRECTION('',(0.E0,0.E0,1.E0));
#8446=VECTOR('',#8445,5.E-1);
#8447=CARTESIAN_POINT('',(-8.E-2,-6.6E-1,-1.35E0));
#8448=LINE('',#8447,#8446);
#8451=DIRECTION('',(-1.E0,0.E0,0.E0));
#8452=VECTOR('',#8451,2.4E-1);
#8453=CARTESIAN_POINT('',(-8.E-2,-6.6E-1,-8.5E-1));
#8454=LINE('',#8453,#8452);
#8457=DIRECTION('',(0.E0,0.E0,-1.E0));
#8458=VECTOR('',#8457,5.E-1);
#8459=CARTESIAN_POINT('',(-3.2E-1,-6.6E-1,-8.5E-1));
#8460=LINE('',#8459,#8458);
#8464=DIRECTION('',(0.E0,0.E0,-1.E0));
#8465=VECTOR('',#8464,5.E-1);
#8466=CARTESIAN_POINT('',(8.E-2,-6.6E-1,1.35E0));
#8467=LINE('',#8466,#8465);
#8470=DIRECTION('',(1.E0,0.E0,0.E0));
#8471=VECTOR('',#8470,2.4E-1);
#8472=CARTESIAN_POINT('',(8.E-2,-6.6E-1,8.5E-1));
#8473=LINE('',#8472,#8471);
#8476=DIRECTION('',(0.E0,0.E0,1.E0));
#8477=VECTOR('',#8476,5.E-1);
#8478=CARTESIAN_POINT('',(3.2E-1,-6.6E-1,8.5E-1));
#8479=LINE('',#8478,#8477);
#8482=DIRECTION('',(-1.E0,0.E0,0.E0));
#8483=VECTOR('',#8482,2.4E-1);
#8484=CARTESIAN_POINT('',(3.2E-1,-6.6E-1,1.35E0));
#8485=LINE('',#8484,#8483);
#8489=DIRECTION('',(1.E0,0.E0,0.E0));
#8490=VECTOR('',#8489,2.4E-1);
#8491=CARTESIAN_POINT('',(8.E-2,-6.6E-1,-1.35E0));
#8492=LINE('',#8491,#8490);
#8495=DIRECTION('',(0.E0,0.E0,1.E0));
#8496=VECTOR('',#8495,5.E-1);
#8497=CARTESIAN_POINT('',(3.2E-1,-6.6E-1,-1.35E0));
#8498=LINE('',#8497,#8496);
#8501=DIRECTION('',(-1.E0,0.E0,0.E0));
#8502=VECTOR('',#8501,2.4E-1);
#8503=CARTESIAN_POINT('',(3.2E-1,-6.6E-1,-8.5E-1));
#8504=LINE('',#8503,#8502);
#8507=DIRECTION('',(0.E0,0.E0,-1.E0));
#8508=VECTOR('',#8507,5.E-1);
#8509=CARTESIAN_POINT('',(8.E-2,-6.6E-1,-8.5E-1));
#8510=LINE('',#8509,#8508);
#8514=DIRECTION('',(0.E0,0.E0,-1.E0));
#8515=VECTOR('',#8514,5.E-1);
#8516=CARTESIAN_POINT('',(4.8E-1,-6.6E-1,1.35E0));
#8517=LINE('',#8516,#8515);
#8520=DIRECTION('',(1.E0,0.E0,0.E0));
#8521=VECTOR('',#8520,2.4E-1);
#8522=CARTESIAN_POINT('',(4.8E-1,-6.6E-1,8.5E-1));
#8523=LINE('',#8522,#8521);
#8526=DIRECTION('',(0.E0,0.E0,1.E0));
#8527=VECTOR('',#8526,5.E-1);
#8528=CARTESIAN_POINT('',(7.2E-1,-6.6E-1,8.5E-1));
#8529=LINE('',#8528,#8527);
#8532=DIRECTION('',(-1.E0,0.E0,0.E0));
#8533=VECTOR('',#8532,2.4E-1);
#8534=CARTESIAN_POINT('',(7.2E-1,-6.6E-1,1.35E0));
#8535=LINE('',#8534,#8533);
#8539=DIRECTION('',(1.E0,0.E0,0.E0));
#8540=VECTOR('',#8539,2.4E-1);
#8541=CARTESIAN_POINT('',(4.8E-1,-6.6E-1,-1.35E0));
#8542=LINE('',#8541,#8540);
#8545=DIRECTION('',(0.E0,0.E0,1.E0));
#8546=VECTOR('',#8545,5.E-1);
#8547=CARTESIAN_POINT('',(7.2E-1,-6.6E-1,-1.35E0));
#8548=LINE('',#8547,#8546);
#8551=DIRECTION('',(-1.E0,0.E0,0.E0));
#8552=VECTOR('',#8551,2.4E-1);
#8553=CARTESIAN_POINT('',(7.2E-1,-6.6E-1,-8.5E-1));
#8554=LINE('',#8553,#8552);
#8557=DIRECTION('',(0.E0,0.E0,-1.E0));
#8558=VECTOR('',#8557,5.E-1);
#8559=CARTESIAN_POINT('',(4.8E-1,-6.6E-1,-8.5E-1));
#8560=LINE('',#8559,#8558);
#8564=DIRECTION('',(0.E0,0.E0,-1.E0));
#8565=VECTOR('',#8564,5.E-1);
#8566=CARTESIAN_POINT('',(8.8E-1,-6.6E-1,1.35E0));
#8567=LINE('',#8566,#8565);
#8570=DIRECTION('',(1.E0,0.E0,0.E0));
#8571=VECTOR('',#8570,2.4E-1);
#8572=CARTESIAN_POINT('',(8.8E-1,-6.6E-1,8.5E-1));
#8573=LINE('',#8572,#8571);
#8576=DIRECTION('',(0.E0,0.E0,1.E0));
#8577=VECTOR('',#8576,5.E-1);
#8578=CARTESIAN_POINT('',(1.12E0,-6.6E-1,8.5E-1));
#8579=LINE('',#8578,#8577);
#8582=DIRECTION('',(-1.E0,0.E0,0.E0));
#8583=VECTOR('',#8582,2.4E-1);
#8584=CARTESIAN_POINT('',(1.12E0,-6.6E-1,1.35E0));
#8585=LINE('',#8584,#8583);
#8589=DIRECTION('',(1.E0,0.E0,0.E0));
#8590=VECTOR('',#8589,2.4E-1);
#8591=CARTESIAN_POINT('',(8.8E-1,-6.6E-1,-1.35E0));
#8592=LINE('',#8591,#8590);
#8595=DIRECTION('',(0.E0,0.E0,1.E0));
#8596=VECTOR('',#8595,5.E-1);
#8597=CARTESIAN_POINT('',(1.12E0,-6.6E-1,-1.35E0));
#8598=LINE('',#8597,#8596);
#8601=DIRECTION('',(-1.E0,0.E0,0.E0));
#8602=VECTOR('',#8601,2.4E-1);
#8603=CARTESIAN_POINT('',(1.12E0,-6.6E-1,-8.5E-1));
#8604=LINE('',#8603,#8602);
#8607=DIRECTION('',(0.E0,0.E0,-1.E0));
#8608=VECTOR('',#8607,5.E-1);
#8609=CARTESIAN_POINT('',(8.8E-1,-6.6E-1,-8.5E-1));
#8610=LINE('',#8609,#8608);
#8614=DIRECTION('',(0.E0,0.E0,-1.E0));
#8615=VECTOR('',#8614,5.E-1);
#8616=CARTESIAN_POINT('',(1.28E0,-6.6E-1,1.35E0));
#8617=LINE('',#8616,#8615);
#8620=DIRECTION('',(1.E0,0.E0,0.E0));
#8621=VECTOR('',#8620,2.4E-1);
#8622=CARTESIAN_POINT('',(1.28E0,-6.6E-1,8.5E-1));
#8623=LINE('',#8622,#8621);
#8626=DIRECTION('',(0.E0,0.E0,1.E0));
#8627=VECTOR('',#8626,5.E-1);
#8628=CARTESIAN_POINT('',(1.52E0,-6.6E-1,8.5E-1));
#8629=LINE('',#8628,#8627);
#8632=DIRECTION('',(-1.E0,0.E0,0.E0));
#8633=VECTOR('',#8632,2.4E-1);
#8634=CARTESIAN_POINT('',(1.52E0,-6.6E-1,1.35E0));
#8635=LINE('',#8634,#8633);
#8639=DIRECTION('',(1.E0,0.E0,0.E0));
#8640=VECTOR('',#8639,2.4E-1);
#8641=CARTESIAN_POINT('',(1.28E0,-6.6E-1,-1.35E0));
#8642=LINE('',#8641,#8640);
#8645=DIRECTION('',(0.E0,0.E0,1.E0));
#8646=VECTOR('',#8645,5.E-1);
#8647=CARTESIAN_POINT('',(1.52E0,-6.6E-1,-1.35E0));
#8648=LINE('',#8647,#8646);
#8651=DIRECTION('',(-1.E0,0.E0,0.E0));
#8652=VECTOR('',#8651,2.4E-1);
#8653=CARTESIAN_POINT('',(1.52E0,-6.6E-1,-8.5E-1));
#8654=LINE('',#8653,#8652);
#8657=DIRECTION('',(0.E0,0.E0,-1.E0));
#8658=VECTOR('',#8657,5.E-1);
#8659=CARTESIAN_POINT('',(1.28E0,-6.6E-1,-8.5E-1));
#8660=LINE('',#8659,#8658);
#8664=DIRECTION('',(0.E0,0.E0,-1.E0));
#8665=VECTOR('',#8664,5.E-1);
#8666=CARTESIAN_POINT('',(1.68E0,-6.6E-1,1.35E0));
#8667=LINE('',#8666,#8665);
#8670=DIRECTION('',(1.E0,0.E0,0.E0));
#8671=VECTOR('',#8670,2.4E-1);
#8672=CARTESIAN_POINT('',(1.68E0,-6.6E-1,8.5E-1));
#8673=LINE('',#8672,#8671);
#8676=DIRECTION('',(0.E0,0.E0,1.E0));
#8677=VECTOR('',#8676,5.E-1);
#8678=CARTESIAN_POINT('',(1.92E0,-6.6E-1,8.5E-1));
#8679=LINE('',#8678,#8677);
#8682=DIRECTION('',(-1.E0,0.E0,0.E0));
#8683=VECTOR('',#8682,2.4E-1);
#8684=CARTESIAN_POINT('',(1.92E0,-6.6E-1,1.35E0));
#8685=LINE('',#8684,#8683);
#8689=DIRECTION('',(1.E0,0.E0,0.E0));
#8690=VECTOR('',#8689,2.4E-1);
#8691=CARTESIAN_POINT('',(1.68E0,-6.6E-1,-1.35E0));
#8692=LINE('',#8691,#8690);
#8695=DIRECTION('',(0.E0,0.E0,1.E0));
#8696=VECTOR('',#8695,5.E-1);
#8697=CARTESIAN_POINT('',(1.92E0,-6.6E-1,-1.35E0));
#8698=LINE('',#8697,#8696);
#8701=DIRECTION('',(-1.E0,0.E0,0.E0));
#8702=VECTOR('',#8701,2.4E-1);
#8703=CARTESIAN_POINT('',(1.92E0,-6.6E-1,-8.5E-1));
#8704=LINE('',#8703,#8702);
#8707=DIRECTION('',(0.E0,0.E0,-1.E0));
#8708=VECTOR('',#8707,5.E-1);
#8709=CARTESIAN_POINT('',(1.68E0,-6.6E-1,-8.5E-1));
#8710=LINE('',#8709,#8708);
#8714=DIRECTION('',(0.E0,0.E0,-1.E0));
#8715=VECTOR('',#8714,5.E-1);
#8716=CARTESIAN_POINT('',(2.08E0,-6.6E-1,1.35E0));
#8717=LINE('',#8716,#8715);
#8720=DIRECTION('',(1.E0,0.E0,0.E0));
#8721=VECTOR('',#8720,2.4E-1);
#8722=CARTESIAN_POINT('',(2.08E0,-6.6E-1,8.5E-1));
#8723=LINE('',#8722,#8721);
#8726=DIRECTION('',(0.E0,0.E0,1.E0));
#8727=VECTOR('',#8726,5.E-1);
#8728=CARTESIAN_POINT('',(2.32E0,-6.6E-1,8.5E-1));
#8729=LINE('',#8728,#8727);
#8732=DIRECTION('',(-1.E0,0.E0,0.E0));
#8733=VECTOR('',#8732,2.4E-1);
#8734=CARTESIAN_POINT('',(2.32E0,-6.6E-1,1.35E0));
#8735=LINE('',#8734,#8733);
#8739=DIRECTION('',(1.E0,0.E0,0.E0));
#8740=VECTOR('',#8739,2.4E-1);
#8741=CARTESIAN_POINT('',(2.08E0,-6.6E-1,-1.35E0));
#8742=LINE('',#8741,#8740);
#8745=DIRECTION('',(0.E0,0.E0,1.E0));
#8746=VECTOR('',#8745,5.E-1);
#8747=CARTESIAN_POINT('',(2.32E0,-6.6E-1,-1.35E0));
#8748=LINE('',#8747,#8746);
#8751=DIRECTION('',(-1.E0,0.E0,0.E0));
#8752=VECTOR('',#8751,2.4E-1);
#8753=CARTESIAN_POINT('',(2.32E0,-6.6E-1,-8.5E-1));
#8754=LINE('',#8753,#8752);
#8757=DIRECTION('',(0.E0,0.E0,-1.E0));
#8758=VECTOR('',#8757,5.E-1);
#8759=CARTESIAN_POINT('',(2.08E0,-6.6E-1,-8.5E-1));
#8760=LINE('',#8759,#8758);
#8764=DIRECTION('',(0.E0,0.E0,-1.E0));
#8765=VECTOR('',#8764,4.2E-1);
#8766=CARTESIAN_POINT('',(-2.98E0,-6.6E-1,6.9E-1));
#8767=LINE('',#8766,#8765);
#8770=DIRECTION('',(1.E0,0.E0,0.E0));
#8771=VECTOR('',#8770,3.E-1);
#8772=CARTESIAN_POINT('',(-2.98E0,-6.6E-1,2.7E-1));
#8773=LINE('',#8772,#8771);
#8776=DIRECTION('',(0.E0,0.E0,1.E0));
#8777=VECTOR('',#8776,4.2E-1);
#8778=CARTESIAN_POINT('',(-2.68E0,-6.6E-1,2.7E-1));
#8779=LINE('',#8778,#8777);
#8782=DIRECTION('',(-1.E0,0.E0,0.E0));
#8783=VECTOR('',#8782,3.E-1);
#8784=CARTESIAN_POINT('',(-2.68E0,-6.6E-1,6.9E-1));
#8785=LINE('',#8784,#8783);
#8789=DIRECTION('',(1.E0,0.E0,0.E0));
#8790=VECTOR('',#8789,3.E-1);
#8791=CARTESIAN_POINT('',(-2.98E0,-6.6E-1,-6.9E-1));
#8792=LINE('',#8791,#8790);
#8795=DIRECTION('',(0.E0,0.E0,1.E0));
#8796=VECTOR('',#8795,4.2E-1);
#8797=CARTESIAN_POINT('',(-2.68E0,-6.6E-1,-6.9E-1));
#8798=LINE('',#8797,#8796);
#8801=DIRECTION('',(-1.E0,0.E0,0.E0));
#8802=VECTOR('',#8801,3.E-1);
#8803=CARTESIAN_POINT('',(-2.68E0,-6.6E-1,-2.7E-1));
#8804=LINE('',#8803,#8802);
#8807=DIRECTION('',(0.E0,0.E0,-1.E0));
#8808=VECTOR('',#8807,4.2E-1);
#8809=CARTESIAN_POINT('',(-2.98E0,-6.6E-1,-2.7E-1));
#8810=LINE('',#8809,#8808);
#8814=DIRECTION('',(-1.E0,0.E0,0.E0));
#8815=VECTOR('',#8814,3.E-1);
#8816=CARTESIAN_POINT('',(2.98E0,-6.6E-1,6.9E-1));
#8817=LINE('',#8816,#8815);
#8820=DIRECTION('',(0.E0,0.E0,-1.E0));
#8821=VECTOR('',#8820,4.2E-1);
#8822=CARTESIAN_POINT('',(2.68E0,-6.6E-1,6.9E-1));
#8823=LINE('',#8822,#8821);
#8826=DIRECTION('',(1.E0,0.E0,0.E0));
#8827=VECTOR('',#8826,3.E-1);
#8828=CARTESIAN_POINT('',(2.68E0,-6.6E-1,2.7E-1));
#8829=LINE('',#8828,#8827);
#8832=DIRECTION('',(0.E0,0.E0,1.E0));
#8833=VECTOR('',#8832,4.2E-1);
#8834=CARTESIAN_POINT('',(2.98E0,-6.6E-1,2.7E-1));
#8835=LINE('',#8834,#8833);
#8839=DIRECTION('',(0.E0,0.E0,1.E0));
#8840=VECTOR('',#8839,4.2E-1);
#8841=CARTESIAN_POINT('',(2.98E0,-6.6E-1,-6.9E-1));
#8842=LINE('',#8841,#8840);
#8845=DIRECTION('',(-1.E0,0.E0,0.E0));
#8846=VECTOR('',#8845,3.E-1);
#8847=CARTESIAN_POINT('',(2.98E0,-6.6E-1,-2.7E-1));
#8848=LINE('',#8847,#8846);
#8851=DIRECTION('',(0.E0,0.E0,-1.E0));
#8852=VECTOR('',#8851,4.2E-1);
#8853=CARTESIAN_POINT('',(2.68E0,-6.6E-1,-2.7E-1));
#8854=LINE('',#8853,#8852);
#8857=DIRECTION('',(1.E0,0.E0,0.E0));
#8858=VECTOR('',#8857,3.E-1);
#8859=CARTESIAN_POINT('',(2.68E0,-6.6E-1,-6.9E-1));
#8860=LINE('',#8859,#8858);
#8865=DIMENSIONAL_EXPONENTS(0.E0,0.E0,0.E0,0.E0,0.E0,0.E0,0.E0);
#8867=PLANE_ANGLE_MEASURE_WITH_UNIT(PLANE_ANGLE_MEASURE(1.745329251994E-2),
#8866);
#8868=(CONVERSION_BASED_UNIT('DEGREE',#8867)NAMED_UNIT(*)PLANE_ANGLE_UNIT());
#8870=UNCERTAINTY_MEASURE_WITH_UNIT(LENGTH_MEASURE(7.128741771120E-4),#8864,
'closure',
'Maximum model space distance between geometric entities at asserted connectivities');
#8871=(GEOMETRIC_REPRESENTATION_CONTEXT(3)GLOBAL_UNCERTAINTY_ASSIGNED_CONTEXT((
#8870))GLOBAL_UNIT_ASSIGNED_CONTEXT((#8864,#8868,#8869))REPRESENTATION_CONTEXT(
'ID1','3'));
#8188=GEOMETRIC_SET('',(#8187,#8213,#8238,#8263,#8288,#8313,#8338,#8363,#8388,
#8413,#8438,#8463,#8488,#8513,#8538,#8563,#8588,#8613,#8638,#8663,#8688,#8713,
#8738,#8763,#8788,#8813,#8838,#8863));
#8875=SHAPE_REPRESENTATION_RELATIONSHIP('','',#8874,#8872);
#8876=SHAPE_REPRESENTATION_RELATIONSHIP('','',#8874,#8873);
#8877=APPLICATION_CONTEXT(
'CONFIGURATION CONTROLLED 3D DESIGNS OF MECHANICAL PARTS AND ASSEMBLIES');
#8878=APPLICATION_PROTOCOL_DEFINITION('international standard',
'config_control_design',1994,#8877);
#8879=DESIGN_CONTEXT('',#8877,'design');
#8880=MECHANICAL_CONTEXT('',#8877,'mechanical');
#8881=PRODUCT('5037762410','5037762410','NOT SPECIFIED',(#8880));
#8882=PRODUCT_DEFINITION_FORMATION_WITH_SPECIFIED_SOURCE('1','LAST_VERSION',
#8881,.MADE.);
#8886=PRODUCT_CATEGORY('part','');
#8887=PRODUCT_RELATED_PRODUCT_CATEGORY('detail','',(#8881));
#8888=PRODUCT_CATEGORY_RELATIONSHIP('','',#8886,#8887);
#8889=SECURITY_CLASSIFICATION_LEVEL('unclassified');
#8890=SECURITY_CLASSIFICATION('','',#8889);
#8891=CC_DESIGN_SECURITY_CLASSIFICATION(#8890,(#8882));
#8892=APPROVAL_STATUS('approved');
#8893=APPROVAL(#8892,'');
#8894=CC_DESIGN_APPROVAL(#8893,(#8890,#8882,#8883));
#8895=CALENDAR_DATE(118,28,9);
#8896=COORDINATED_UNIVERSAL_TIME_OFFSET(5,30,.AHEAD.);
#8897=LOCAL_TIME(16,23,2.E1,#8896);
#8898=DATE_AND_TIME(#8895,#8897);
#8899=APPROVAL_DATE_TIME(#8898,#8893);
#8900=DATE_TIME_ROLE('creation_date');
#8901=CC_DESIGN_DATE_AND_TIME_ASSIGNMENT(#8898,#8900,(#8883));
#8902=DATE_TIME_ROLE('classification_date');
#8903=CC_DESIGN_DATE_AND_TIME_ASSIGNMENT(#8898,#8902,(#8890));
#8904=PERSON('UNSPECIFIED','UNSPECIFIED',$,$,$,$);
#8905=ORGANIZATION('UNSPECIFIED','UNSPECIFIED','UNSPECIFIED');
#8906=PERSON_AND_ORGANIZATION(#8904,#8905);
#8907=APPROVAL_ROLE('approver');
#8908=APPROVAL_PERSON_ORGANIZATION(#8906,#8893,#8907);
#8909=PERSON_AND_ORGANIZATION_ROLE('creator');
#8910=CC_DESIGN_PERSON_AND_ORGANIZATION_ASSIGNMENT(#8906,#8909,(#8882,#8883));
#8911=PERSON_AND_ORGANIZATION_ROLE('design_supplier');
#8912=CC_DESIGN_PERSON_AND_ORGANIZATION_ASSIGNMENT(#8906,#8911,(#8882));
#8913=PERSON_AND_ORGANIZATION_ROLE('classification_officer');
#8914=CC_DESIGN_PERSON_AND_ORGANIZATION_ASSIGNMENT(#8906,#8913,(#8890));
#8915=PERSON_AND_ORGANIZATION_ROLE('design_owner');
#8916=CC_DESIGN_PERSON_AND_ORGANIZATION_ASSIGNMENT(#8906,#8915,(#8881));
#5=CIRCLE('',#4,1.E-1);
#14=CIRCLE('',#13,1.E-1);
#23=CIRCLE('',#22,1.E-1);
#32=CIRCLE('',#31,1.E-1);
#121=CIRCLE('',#120,1.E-1);
#130=CIRCLE('',#129,1.E-1);
#139=CIRCLE('',#138,1.E-1);
#148=CIRCLE('',#147,1.E-1);
#3926=EDGE_CURVE('',#3008,#3003,#40,.T.);
#3928=EDGE_CURVE('',#3012,#3008,#44,.T.);
#3930=EDGE_CURVE('',#3016,#3012,#48,.T.);
#3932=EDGE_CURVE('',#2948,#3016,#52,.T.);
#3934=EDGE_CURVE('',#2947,#2948,#56,.T.);
#3936=EDGE_CURVE('',#3019,#2947,#60,.T.);
#3938=EDGE_CURVE('',#3024,#3019,#64,.T.);
#3940=EDGE_CURVE('',#3028,#3024,#68,.T.);
#3942=EDGE_CURVE('',#3032,#3028,#72,.T.);
#3944=EDGE_CURVE('',#2952,#3032,#76,.T.);
#3946=EDGE_CURVE('',#2951,#2952,#80,.T.);
#3948=EDGE_CURVE('',#3003,#2951,#84,.T.);
#3952=EDGE_CURVE('',#2987,#2988,#5,.T.);
#3954=EDGE_CURVE('',#2988,#2990,#9,.T.);
#3956=EDGE_CURVE('',#2990,#2992,#14,.T.);
#3958=EDGE_CURVE('',#2992,#2994,#18,.T.);
#3960=EDGE_CURVE('',#2994,#2996,#23,.T.);
#3962=EDGE_CURVE('',#2996,#2998,#27,.T.);
#3964=EDGE_CURVE('',#2998,#3000,#32,.T.);
#3966=EDGE_CURVE('',#3000,#2987,#36,.T.);
#3977=EDGE_CURVE('',#2987,#2971,#88,.T.);
#3979=EDGE_CURVE('',#2971,#2972,#121,.T.);
#3981=EDGE_CURVE('',#2988,#2972,#116,.T.);
#3992=EDGE_CURVE('',#3000,#2984,#92,.T.);
#3994=EDGE_CURVE('',#2984,#2971,#125,.T.);
#4006=EDGE_CURVE('',#2998,#2982,#96,.T.);
#4008=EDGE_CURVE('',#2982,#2984,#130,.T.);
#4020=EDGE_CURVE('',#2996,#2980,#100,.T.);
#4022=EDGE_CURVE('',#2980,#2982,#134,.T.);
#4034=EDGE_CURVE('',#2994,#2978,#104,.T.);
#4036=EDGE_CURVE('',#2978,#2980,#139,.T.);
#4048=EDGE_CURVE('',#2992,#2976,#108,.T.);
#4050=EDGE_CURVE('',#2976,#2978,#143,.T.);
#4062=EDGE_CURVE('',#2990,#2974,#112,.T.);
#4064=EDGE_CURVE('',#2974,#2976,#148,.T.);
#4077=EDGE_CURVE('',#2972,#2974,#152,.T.);
#4104=EDGE_CURVE('',#3003,#3004,#156,.T.);
#4106=EDGE_CURVE('',#3006,#3004,#2784,.T.);
#4108=EDGE_CURVE('',#3008,#3006,#2676,.T.);
#4121=EDGE_CURVE('',#2951,#2964,#176,.T.);
#4123=EDGE_CURVE('',#2963,#2964,#420,.T.);
#4125=EDGE_CURVE('',#3004,#2963,#160,.T.);
#4135=EDGE_CURVE('',#3868,#3866,#164,.T.);
#4137=EDGE_CURVE('',#3866,#3874,#168,.T.);
#4139=EDGE_CURVE('',#3876,#3874,#172,.T.);
#4141=EDGE_CURVE('',#2964,#3876,#424,.T.);
#4145=EDGE_CURVE('',#2952,#2967,#2552,.T.);
#4147=EDGE_CURVE('',#3140,#2967,#472,.T.);
#4149=EDGE_CURVE('',#3140,#3138,#180,.T.);
#4151=EDGE_CURVE('',#3138,#3142,#184,.T.);
#4153=EDGE_CURVE('',#3144,#3142,#188,.T.);
#4155=EDGE_CURVE('',#3228,#3144,#468,.T.);
#4157=EDGE_CURVE('',#3228,#3226,#192,.T.);
#4159=EDGE_CURVE('',#3226,#3234,#196,.T.);
#4161=EDGE_CURVE('',#3236,#3234,#200,.T.);
#4163=EDGE_CURVE('',#3292,#3236,#464,.T.);
#4165=EDGE_CURVE('',#3292,#3290,#204,.T.);
#4167=EDGE_CURVE('',#3290,#3298,#208,.T.);
#4169=EDGE_CURVE('',#3300,#3298,#212,.T.);
#4171=EDGE_CURVE('',#3356,#3300,#460,.T.);
#4173=EDGE_CURVE('',#3356,#3354,#216,.T.);
#4175=EDGE_CURVE('',#3354,#3362,#220,.T.);
#4177=EDGE_CURVE('',#3364,#3362,#224,.T.);
#4179=EDGE_CURVE('',#3420,#3364,#456,.T.);
#4181=EDGE_CURVE('',#3420,#3418,#228,.T.);
#4183=EDGE_CURVE('',#3418,#3426,#232,.T.);
#4185=EDGE_CURVE('',#3428,#3426,#236,.T.);
#4187=EDGE_CURVE('',#3484,#3428,#452,.T.);
#4189=EDGE_CURVE('',#3484,#3482,#240,.T.);
#4191=EDGE_CURVE('',#3482,#3490,#244,.T.);
#4193=EDGE_CURVE('',#3492,#3490,#248,.T.);
#4195=EDGE_CURVE('',#3548,#3492,#448,.T.);
#4197=EDGE_CURVE('',#3548,#3546,#252,.T.);
#4199=EDGE_CURVE('',#3546,#3554,#256,.T.);
#4201=EDGE_CURVE('',#3556,#3554,#260,.T.);
#4203=EDGE_CURVE('',#3612,#3556,#444,.T.);
#4205=EDGE_CURVE('',#3612,#3610,#264,.T.);
#4207=EDGE_CURVE('',#3610,#3618,#268,.T.);
#4209=EDGE_CURVE('',#3620,#3618,#272,.T.);
#4211=EDGE_CURVE('',#3676,#3620,#440,.T.);
#4213=EDGE_CURVE('',#3676,#3674,#276,.T.);
#4215=EDGE_CURVE('',#3674,#3682,#280,.T.);
#4217=EDGE_CURVE('',#3684,#3682,#284,.T.);
#4219=EDGE_CURVE('',#3740,#3684,#436,.T.);
#4221=EDGE_CURVE('',#3740,#3738,#288,.T.);
#4223=EDGE_CURVE('',#3738,#3746,#292,.T.);
#4225=EDGE_CURVE('',#3748,#3746,#296,.T.);
#4227=EDGE_CURVE('',#3804,#3748,#432,.T.);
#4229=EDGE_CURVE('',#3804,#3802,#300,.T.);
#4231=EDGE_CURVE('',#3802,#3810,#304,.T.);
#4233=EDGE_CURVE('',#3812,#3810,#308,.T.);
#4235=EDGE_CURVE('',#3868,#3812,#428,.T.);
#4245=EDGE_CURVE('',#3828,#3866,#312,.T.);
#4248=EDGE_CURVE('',#3868,#3819,#316,.T.);
#4250=EDGE_CURVE('',#3819,#3820,#320,.T.);
#4252=EDGE_CURVE('',#3820,#3822,#324,.T.);
#4254=EDGE_CURVE('',#3822,#3824,#328,.T.);
#4256=EDGE_CURVE('',#3824,#3826,#332,.T.);
#4258=EDGE_CURVE('',#3826,#3828,#336,.T.);
#4268=EDGE_CURVE('',#3840,#3870,#340,.T.);
#4270=EDGE_CURVE('',#3870,#3872,#584,.T.);
#4272=EDGE_CURVE('',#3872,#3831,#344,.T.);
#4274=EDGE_CURVE('',#3831,#3832,#348,.T.);
#4276=EDGE_CURVE('',#3832,#3834,#352,.T.);
#4278=EDGE_CURVE('',#3834,#3836,#356,.T.);
#4280=EDGE_CURVE('',#3836,#3838,#360,.T.);
#4282=EDGE_CURVE('',#3838,#3840,#364,.T.);
#4293=EDGE_CURVE('',#3828,#3852,#368,.T.);
#4295=EDGE_CURVE('',#3852,#3874,#2872,.T.);
#4307=EDGE_CURVE('',#3826,#3850,#372,.T.);
#4309=EDGE_CURVE('',#3850,#3852,#2876,.T.);
#4321=EDGE_CURVE('',#3824,#3848,#376,.T.);
#4323=EDGE_CURVE('',#3848,#3850,#2880,.T.);
#4335=EDGE_CURVE('',#3822,#3846,#380,.T.);
#4337=EDGE_CURVE('',#3846,#3848,#2884,.T.);
#4349=EDGE_CURVE('',#3820,#3844,#384,.T.);
#4351=EDGE_CURVE('',#3844,#3846,#2888,.T.);
#4363=EDGE_CURVE('',#3819,#3843,#388,.T.);
#4365=EDGE_CURVE('',#3843,#3844,#2892,.T.);
#4376=EDGE_CURVE('',#3814,#3870,#392,.T.);
#4379=EDGE_CURVE('',#3840,#3864,#396,.T.);
#4381=EDGE_CURVE('',#3864,#3878,#2900,.T.);
#4383=EDGE_CURVE('',#3878,#2959,#400,.T.);
#4385=EDGE_CURVE('',#2959,#2960,#404,.T.);
#4387=EDGE_CURVE('',#2960,#3035,#408,.T.);
#4389=EDGE_CURVE('',#3035,#3036,#412,.T.);
#4391=EDGE_CURVE('',#3036,#2963,#416,.T.);
#4395=EDGE_CURVE('',#3876,#3843,#2896,.T.);
#4400=EDGE_CURVE('',#3812,#3779,#756,.T.);
#4402=EDGE_CURVE('',#3755,#3779,#848,.T.);
#4404=EDGE_CURVE('',#3804,#3755,#796,.T.);
#4407=EDGE_CURVE('',#3748,#3715,#912,.T.);
#4409=EDGE_CURVE('',#3691,#3715,#1004,.T.);
#4411=EDGE_CURVE('',#3740,#3691,#952,.T.);
#4414=EDGE_CURVE('',#3684,#3651,#1068,.T.);
#4416=EDGE_CURVE('',#3627,#3651,#1160,.T.);
#4418=EDGE_CURVE('',#3676,#3627,#1108,.T.);
#4421=EDGE_CURVE('',#3620,#3587,#1224,.T.);
#4423=EDGE_CURVE('',#3563,#3587,#1316,.T.);
#4425=EDGE_CURVE('',#3612,#3563,#1264,.T.);
#4428=EDGE_CURVE('',#3556,#3523,#1380,.T.);
#4430=EDGE_CURVE('',#3499,#3523,#1472,.T.);
#4432=EDGE_CURVE('',#3548,#3499,#1420,.T.);
#4435=EDGE_CURVE('',#3492,#3459,#1536,.T.);
#4437=EDGE_CURVE('',#3435,#3459,#1628,.T.);
#4439=EDGE_CURVE('',#3484,#3435,#1576,.T.);
#4442=EDGE_CURVE('',#3428,#3395,#1692,.T.);
#4444=EDGE_CURVE('',#3371,#3395,#1784,.T.);
#4446=EDGE_CURVE('',#3420,#3371,#1732,.T.);
#4449=EDGE_CURVE('',#3364,#3331,#1848,.T.);
#4451=EDGE_CURVE('',#3307,#3331,#1940,.T.);
#4453=EDGE_CURVE('',#3356,#3307,#1888,.T.);
#4456=EDGE_CURVE('',#3300,#3267,#2004,.T.);
#4458=EDGE_CURVE('',#3243,#3267,#2096,.T.);
#4460=EDGE_CURVE('',#3292,#3243,#2044,.T.);
#4463=EDGE_CURVE('',#3236,#3203,#2160,.T.);
#4465=EDGE_CURVE('',#3179,#3203,#2252,.T.);
#4467=EDGE_CURVE('',#3228,#3179,#2200,.T.);
#4470=EDGE_CURVE('',#3144,#3127,#2316,.T.);
#4472=EDGE_CURVE('',#3115,#3127,#2408,.T.);
#4474=EDGE_CURVE('',#3140,#3115,#2356,.T.);
#4477=EDGE_CURVE('',#2967,#2968,#476,.T.);
#4479=EDGE_CURVE('',#2968,#3040,#480,.T.);
#4481=EDGE_CURVE('',#3039,#3040,#484,.T.);
#4483=EDGE_CURVE('',#3039,#2955,#488,.T.);
#4485=EDGE_CURVE('',#2955,#2956,#492,.T.);
#4487=EDGE_CURVE('',#2956,#3170,#496,.T.);
#4489=EDGE_CURVE('',#3156,#3170,#2380,.T.);
#4491=EDGE_CURVE('',#3156,#3168,#500,.T.);
#4493=EDGE_CURVE('',#3168,#3174,#2320,.T.);
#4495=EDGE_CURVE('',#3174,#3230,#504,.T.);
#4497=EDGE_CURVE('',#3200,#3230,#2224,.T.);
#4499=EDGE_CURVE('',#3200,#3224,#508,.T.);
#4501=EDGE_CURVE('',#3224,#3238,#2164,.T.);
#4503=EDGE_CURVE('',#3238,#3294,#512,.T.);
#4505=EDGE_CURVE('',#3264,#3294,#2068,.T.);
#4507=EDGE_CURVE('',#3264,#3288,#516,.T.);
#4509=EDGE_CURVE('',#3288,#3302,#2008,.T.);
#4511=EDGE_CURVE('',#3302,#3358,#520,.T.);
#4513=EDGE_CURVE('',#3328,#3358,#1912,.T.);
#4515=EDGE_CURVE('',#3328,#3352,#524,.T.);
#4517=EDGE_CURVE('',#3352,#3366,#1852,.T.);
#4519=EDGE_CURVE('',#3366,#3422,#528,.T.);
#4521=EDGE_CURVE('',#3392,#3422,#1756,.T.);
#4523=EDGE_CURVE('',#3392,#3416,#532,.T.);
#4525=EDGE_CURVE('',#3416,#3430,#1696,.T.);
#4527=EDGE_CURVE('',#3430,#3486,#536,.T.);
#4529=EDGE_CURVE('',#3456,#3486,#1600,.T.);
#4531=EDGE_CURVE('',#3456,#3480,#540,.T.);
#4533=EDGE_CURVE('',#3480,#3494,#1540,.T.);
#4535=EDGE_CURVE('',#3494,#3550,#544,.T.);
#4537=EDGE_CURVE('',#3520,#3550,#1444,.T.);
#4539=EDGE_CURVE('',#3520,#3544,#548,.T.);
#4541=EDGE_CURVE('',#3544,#3558,#1384,.T.);
#4543=EDGE_CURVE('',#3558,#3614,#552,.T.);
#4545=EDGE_CURVE('',#3584,#3614,#1288,.T.);
#4547=EDGE_CURVE('',#3584,#3608,#556,.T.);
#4549=EDGE_CURVE('',#3608,#3622,#1228,.T.);
#4551=EDGE_CURVE('',#3622,#3678,#560,.T.);
#4553=EDGE_CURVE('',#3648,#3678,#1132,.T.);
#4555=EDGE_CURVE('',#3648,#3672,#564,.T.);
#4557=EDGE_CURVE('',#3672,#3686,#1072,.T.);
#4559=EDGE_CURVE('',#3686,#3742,#568,.T.);
#4561=EDGE_CURVE('',#3712,#3742,#976,.T.);
#4563=EDGE_CURVE('',#3712,#3736,#572,.T.);
#4565=EDGE_CURVE('',#3736,#3750,#916,.T.);
#4567=EDGE_CURVE('',#3750,#3806,#576,.T.);
#4569=EDGE_CURVE('',#3776,#3806,#820,.T.);
#4571=EDGE_CURVE('',#3776,#3800,#580,.T.);
#4573=EDGE_CURVE('',#3800,#3814,#760,.T.);
#4585=EDGE_CURVE('',#3814,#3816,#588,.T.);
#4587=EDGE_CURVE('',#3808,#3816,#592,.T.);
#4589=EDGE_CURVE('',#3806,#3808,#596,.T.);
#4592=EDGE_CURVE('',#3750,#3752,#600,.T.);
#4594=EDGE_CURVE('',#3744,#3752,#604,.T.);
#4596=EDGE_CURVE('',#3742,#3744,#608,.T.);
#4599=EDGE_CURVE('',#3686,#3688,#612,.T.);
#4601=EDGE_CURVE('',#3680,#3688,#616,.T.);
#4603=EDGE_CURVE('',#3678,#3680,#620,.T.);
#4606=EDGE_CURVE('',#3622,#3624,#624,.T.);
#4608=EDGE_CURVE('',#3616,#3624,#628,.T.);
#4610=EDGE_CURVE('',#3614,#3616,#632,.T.);
#4613=EDGE_CURVE('',#3558,#3560,#636,.T.);
#4615=EDGE_CURVE('',#3552,#3560,#640,.T.);
#4617=EDGE_CURVE('',#3550,#3552,#644,.T.);
#4620=EDGE_CURVE('',#3494,#3496,#648,.T.);
#4622=EDGE_CURVE('',#3488,#3496,#652,.T.);
#4624=EDGE_CURVE('',#3486,#3488,#656,.T.);
#4627=EDGE_CURVE('',#3430,#3432,#660,.T.);
#4629=EDGE_CURVE('',#3424,#3432,#664,.T.);
#4631=EDGE_CURVE('',#3422,#3424,#668,.T.);
#4634=EDGE_CURVE('',#3366,#3368,#672,.T.);
#4636=EDGE_CURVE('',#3360,#3368,#676,.T.);
#4638=EDGE_CURVE('',#3358,#3360,#680,.T.);
#4641=EDGE_CURVE('',#3302,#3304,#684,.T.);
#4643=EDGE_CURVE('',#3296,#3304,#688,.T.);
#4645=EDGE_CURVE('',#3294,#3296,#692,.T.);
#4648=EDGE_CURVE('',#3238,#3240,#696,.T.);
#4650=EDGE_CURVE('',#3232,#3240,#700,.T.);
#4652=EDGE_CURVE('',#3230,#3232,#704,.T.);
#4655=EDGE_CURVE('',#3174,#3176,#708,.T.);
#4657=EDGE_CURVE('',#3172,#3176,#712,.T.);
#4659=EDGE_CURVE('',#3170,#3172,#716,.T.);
#4662=EDGE_CURVE('',#2947,#2956,#720,.T.);
#4665=EDGE_CURVE('',#2948,#2959,#2668,.T.);
#4668=EDGE_CURVE('',#3878,#3880,#724,.T.);
#4670=EDGE_CURVE('',#3872,#3880,#728,.T.);
#4680=EDGE_CURVE('',#3788,#3810,#732,.T.);
#4682=EDGE_CURVE('',#3786,#3788,#736,.T.);
#4684=EDGE_CURVE('',#3784,#3786,#740,.T.);
#4686=EDGE_CURVE('',#3782,#3784,#744,.T.);
#4688=EDGE_CURVE('',#3780,#3782,#748,.T.);
#4690=EDGE_CURVE('',#3779,#3780,#752,.T.);
#4703=EDGE_CURVE('',#3798,#3800,#764,.T.);
#4705=EDGE_CURVE('',#3796,#3798,#768,.T.);
#4707=EDGE_CURVE('',#3794,#3796,#772,.T.);
#4709=EDGE_CURVE('',#3792,#3794,#776,.T.);
#4711=EDGE_CURVE('',#3791,#3792,#780,.T.);
#4713=EDGE_CURVE('',#3816,#3791,#784,.T.);
#4724=EDGE_CURVE('',#3764,#3802,#792,.T.);
#4726=EDGE_CURVE('',#3764,#3788,#788,.T.);
#4741=EDGE_CURVE('',#3755,#3756,#800,.T.);
#4743=EDGE_CURVE('',#3756,#3758,#804,.T.);
#4745=EDGE_CURVE('',#3758,#3760,#808,.T.);
#4747=EDGE_CURVE('',#3760,#3762,#812,.T.);
#4749=EDGE_CURVE('',#3762,#3764,#816,.T.);
#4761=EDGE_CURVE('',#3808,#3767,#824,.T.);
#4763=EDGE_CURVE('',#3767,#3768,#828,.T.);
#4765=EDGE_CURVE('',#3768,#3770,#832,.T.);
#4767=EDGE_CURVE('',#3770,#3772,#836,.T.);
#4769=EDGE_CURVE('',#3772,#3774,#840,.T.);
#4771=EDGE_CURVE('',#3774,#3776,#844,.T.);
#4784=EDGE_CURVE('',#3756,#3780,#852,.T.);
#4797=EDGE_CURVE('',#3758,#3782,#856,.T.);
#4810=EDGE_CURVE('',#3760,#3784,#860,.T.);
#4823=EDGE_CURVE('',#3762,#3786,#864,.T.);
#4848=EDGE_CURVE('',#3767,#3791,#868,.T.);
#4861=EDGE_CURVE('',#3768,#3792,#872,.T.);
#4874=EDGE_CURVE('',#3770,#3794,#876,.T.);
#4887=EDGE_CURVE('',#3772,#3796,#880,.T.);
#4900=EDGE_CURVE('',#3774,#3798,#884,.T.);
#4922=EDGE_CURVE('',#3724,#3746,#888,.T.);
#4924=EDGE_CURVE('',#3722,#3724,#892,.T.);
#4926=EDGE_CURVE('',#3720,#3722,#896,.T.);
#4928=EDGE_CURVE('',#3718,#3720,#900,.T.);
#4930=EDGE_CURVE('',#3716,#3718,#904,.T.);
#4932=EDGE_CURVE('',#3715,#3716,#908,.T.);
#4945=EDGE_CURVE('',#3734,#3736,#920,.T.);
#4947=EDGE_CURVE('',#3732,#3734,#924,.T.);
#4949=EDGE_CURVE('',#3730,#3732,#928,.T.);
#4951=EDGE_CURVE('',#3728,#3730,#932,.T.);
#4953=EDGE_CURVE('',#3727,#3728,#936,.T.);
#4955=EDGE_CURVE('',#3752,#3727,#940,.T.);
#4966=EDGE_CURVE('',#3700,#3738,#948,.T.);
#4968=EDGE_CURVE('',#3700,#3724,#944,.T.);
#4983=EDGE_CURVE('',#3691,#3692,#956,.T.);
#4985=EDGE_CURVE('',#3692,#3694,#960,.T.);
#4987=EDGE_CURVE('',#3694,#3696,#964,.T.);
#4989=EDGE_CURVE('',#3696,#3698,#968,.T.);
#4991=EDGE_CURVE('',#3698,#3700,#972,.T.);
#5003=EDGE_CURVE('',#3744,#3703,#980,.T.);
#5005=EDGE_CURVE('',#3703,#3704,#984,.T.);
#5007=EDGE_CURVE('',#3704,#3706,#988,.T.);
#5009=EDGE_CURVE('',#3706,#3708,#992,.T.);
#5011=EDGE_CURVE('',#3708,#3710,#996,.T.);
#5013=EDGE_CURVE('',#3710,#3712,#1000,.T.);
#5026=EDGE_CURVE('',#3692,#3716,#1008,.T.);
#5039=EDGE_CURVE('',#3694,#3718,#1012,.T.);
#5052=EDGE_CURVE('',#3696,#3720,#1016,.T.);
#5065=EDGE_CURVE('',#3698,#3722,#1020,.T.);
#5090=EDGE_CURVE('',#3703,#3727,#1024,.T.);
#5103=EDGE_CURVE('',#3704,#3728,#1028,.T.);
#5116=EDGE_CURVE('',#3706,#3730,#1032,.T.);
#5129=EDGE_CURVE('',#3708,#3732,#1036,.T.);
#5142=EDGE_CURVE('',#3710,#3734,#1040,.T.);
#5164=EDGE_CURVE('',#3660,#3682,#1044,.T.);
#5166=EDGE_CURVE('',#3658,#3660,#1048,.T.);
#5168=EDGE_CURVE('',#3656,#3658,#1052,.T.);
#5170=EDGE_CURVE('',#3654,#3656,#1056,.T.);
#5172=EDGE_CURVE('',#3652,#3654,#1060,.T.);
#5174=EDGE_CURVE('',#3651,#3652,#1064,.T.);
#5187=EDGE_CURVE('',#3670,#3672,#1076,.T.);
#5189=EDGE_CURVE('',#3668,#3670,#1080,.T.);
#5191=EDGE_CURVE('',#3666,#3668,#1084,.T.);
#5193=EDGE_CURVE('',#3664,#3666,#1088,.T.);
#5195=EDGE_CURVE('',#3663,#3664,#1092,.T.);
#5197=EDGE_CURVE('',#3688,#3663,#1096,.T.);
#5208=EDGE_CURVE('',#3636,#3674,#1104,.T.);
#5210=EDGE_CURVE('',#3636,#3660,#1100,.T.);
#5225=EDGE_CURVE('',#3627,#3628,#1112,.T.);
#5227=EDGE_CURVE('',#3628,#3630,#1116,.T.);
#5229=EDGE_CURVE('',#3630,#3632,#1120,.T.);
#5231=EDGE_CURVE('',#3632,#3634,#1124,.T.);
#5233=EDGE_CURVE('',#3634,#3636,#1128,.T.);
#5245=EDGE_CURVE('',#3680,#3639,#1136,.T.);
#5247=EDGE_CURVE('',#3639,#3640,#1140,.T.);
#5249=EDGE_CURVE('',#3640,#3642,#1144,.T.);
#5251=EDGE_CURVE('',#3642,#3644,#1148,.T.);
#5253=EDGE_CURVE('',#3644,#3646,#1152,.T.);
#5255=EDGE_CURVE('',#3646,#3648,#1156,.T.);
#5268=EDGE_CURVE('',#3628,#3652,#1164,.T.);
#5281=EDGE_CURVE('',#3630,#3654,#1168,.T.);
#5294=EDGE_CURVE('',#3632,#3656,#1172,.T.);
#5307=EDGE_CURVE('',#3634,#3658,#1176,.T.);
#5332=EDGE_CURVE('',#3639,#3663,#1180,.T.);
#5345=EDGE_CURVE('',#3640,#3664,#1184,.T.);
#5358=EDGE_CURVE('',#3642,#3666,#1188,.T.);
#5371=EDGE_CURVE('',#3644,#3668,#1192,.T.);
#5384=EDGE_CURVE('',#3646,#3670,#1196,.T.);
#5406=EDGE_CURVE('',#3596,#3618,#1200,.T.);
#5408=EDGE_CURVE('',#3594,#3596,#1204,.T.);
#5410=EDGE_CURVE('',#3592,#3594,#1208,.T.);
#5412=EDGE_CURVE('',#3590,#3592,#1212,.T.);
#5414=EDGE_CURVE('',#3588,#3590,#1216,.T.);
#5416=EDGE_CURVE('',#3587,#3588,#1220,.T.);
#5429=EDGE_CURVE('',#3606,#3608,#1232,.T.);
#5431=EDGE_CURVE('',#3604,#3606,#1236,.T.);
#5433=EDGE_CURVE('',#3602,#3604,#1240,.T.);
#5435=EDGE_CURVE('',#3600,#3602,#1244,.T.);
#5437=EDGE_CURVE('',#3599,#3600,#1248,.T.);
#5439=EDGE_CURVE('',#3624,#3599,#1252,.T.);
#5450=EDGE_CURVE('',#3572,#3610,#1260,.T.);
#5452=EDGE_CURVE('',#3572,#3596,#1256,.T.);
#5467=EDGE_CURVE('',#3563,#3564,#1268,.T.);
#5469=EDGE_CURVE('',#3564,#3566,#1272,.T.);
#5471=EDGE_CURVE('',#3566,#3568,#1276,.T.);
#5473=EDGE_CURVE('',#3568,#3570,#1280,.T.);
#5475=EDGE_CURVE('',#3570,#3572,#1284,.T.);
#5487=EDGE_CURVE('',#3616,#3575,#1292,.T.);
#5489=EDGE_CURVE('',#3575,#3576,#1296,.T.);
#5491=EDGE_CURVE('',#3576,#3578,#1300,.T.);
#5493=EDGE_CURVE('',#3578,#3580,#1304,.T.);
#5495=EDGE_CURVE('',#3580,#3582,#1308,.T.);
#5497=EDGE_CURVE('',#3582,#3584,#1312,.T.);
#5510=EDGE_CURVE('',#3564,#3588,#1320,.T.);
#5523=EDGE_CURVE('',#3566,#3590,#1324,.T.);
#5536=EDGE_CURVE('',#3568,#3592,#1328,.T.);
#5549=EDGE_CURVE('',#3570,#3594,#1332,.T.);
#5574=EDGE_CURVE('',#3575,#3599,#1336,.T.);
#5587=EDGE_CURVE('',#3576,#3600,#1340,.T.);
#5600=EDGE_CURVE('',#3578,#3602,#1344,.T.);
#5613=EDGE_CURVE('',#3580,#3604,#1348,.T.);
#5626=EDGE_CURVE('',#3582,#3606,#1352,.T.);
#5648=EDGE_CURVE('',#3532,#3554,#1356,.T.);
#5650=EDGE_CURVE('',#3530,#3532,#1360,.T.);
#5652=EDGE_CURVE('',#3528,#3530,#1364,.T.);
#5654=EDGE_CURVE('',#3526,#3528,#1368,.T.);
#5656=EDGE_CURVE('',#3524,#3526,#1372,.T.);
#5658=EDGE_CURVE('',#3523,#3524,#1376,.T.);
#5671=EDGE_CURVE('',#3542,#3544,#1388,.T.);
#5673=EDGE_CURVE('',#3540,#3542,#1392,.T.);
#5675=EDGE_CURVE('',#3538,#3540,#1396,.T.);
#5677=EDGE_CURVE('',#3536,#3538,#1400,.T.);
#5679=EDGE_CURVE('',#3535,#3536,#1404,.T.);
#5681=EDGE_CURVE('',#3560,#3535,#1408,.T.);
#5692=EDGE_CURVE('',#3508,#3546,#1416,.T.);
#5694=EDGE_CURVE('',#3508,#3532,#1412,.T.);
#5709=EDGE_CURVE('',#3499,#3500,#1424,.T.);
#5711=EDGE_CURVE('',#3500,#3502,#1428,.T.);
#5713=EDGE_CURVE('',#3502,#3504,#1432,.T.);
#5715=EDGE_CURVE('',#3504,#3506,#1436,.T.);
#5717=EDGE_CURVE('',#3506,#3508,#1440,.T.);
#5729=EDGE_CURVE('',#3552,#3511,#1448,.T.);
#5731=EDGE_CURVE('',#3511,#3512,#1452,.T.);
#5733=EDGE_CURVE('',#3512,#3514,#1456,.T.);
#5735=EDGE_CURVE('',#3514,#3516,#1460,.T.);
#5737=EDGE_CURVE('',#3516,#3518,#1464,.T.);
#5739=EDGE_CURVE('',#3518,#3520,#1468,.T.);
#5752=EDGE_CURVE('',#3500,#3524,#1476,.T.);
#5765=EDGE_CURVE('',#3502,#3526,#1480,.T.);
#5778=EDGE_CURVE('',#3504,#3528,#1484,.T.);
#5791=EDGE_CURVE('',#3506,#3530,#1488,.T.);
#5816=EDGE_CURVE('',#3511,#3535,#1492,.T.);
#5829=EDGE_CURVE('',#3512,#3536,#1496,.T.);
#5842=EDGE_CURVE('',#3514,#3538,#1500,.T.);
#5855=EDGE_CURVE('',#3516,#3540,#1504,.T.);
#5868=EDGE_CURVE('',#3518,#3542,#1508,.T.);
#5890=EDGE_CURVE('',#3468,#3490,#1512,.T.);
#5892=EDGE_CURVE('',#3466,#3468,#1516,.T.);
#5894=EDGE_CURVE('',#3464,#3466,#1520,.T.);
#5896=EDGE_CURVE('',#3462,#3464,#1524,.T.);
#5898=EDGE_CURVE('',#3460,#3462,#1528,.T.);
#5900=EDGE_CURVE('',#3459,#3460,#1532,.T.);
#5913=EDGE_CURVE('',#3478,#3480,#1544,.T.);
#5915=EDGE_CURVE('',#3476,#3478,#1548,.T.);
#5917=EDGE_CURVE('',#3474,#3476,#1552,.T.);
#5919=EDGE_CURVE('',#3472,#3474,#1556,.T.);
#5921=EDGE_CURVE('',#3471,#3472,#1560,.T.);
#5923=EDGE_CURVE('',#3496,#3471,#1564,.T.);
#5934=EDGE_CURVE('',#3444,#3482,#1572,.T.);
#5936=EDGE_CURVE('',#3444,#3468,#1568,.T.);
#5951=EDGE_CURVE('',#3435,#3436,#1580,.T.);
#5953=EDGE_CURVE('',#3436,#3438,#1584,.T.);
#5955=EDGE_CURVE('',#3438,#3440,#1588,.T.);
#5957=EDGE_CURVE('',#3440,#3442,#1592,.T.);
#5959=EDGE_CURVE('',#3442,#3444,#1596,.T.);
#5971=EDGE_CURVE('',#3488,#3447,#1604,.T.);
#5973=EDGE_CURVE('',#3447,#3448,#1608,.T.);
#5975=EDGE_CURVE('',#3448,#3450,#1612,.T.);
#5977=EDGE_CURVE('',#3450,#3452,#1616,.T.);
#5979=EDGE_CURVE('',#3452,#3454,#1620,.T.);
#5981=EDGE_CURVE('',#3454,#3456,#1624,.T.);
#5994=EDGE_CURVE('',#3436,#3460,#1632,.T.);
#6007=EDGE_CURVE('',#3438,#3462,#1636,.T.);
#6020=EDGE_CURVE('',#3440,#3464,#1640,.T.);
#6033=EDGE_CURVE('',#3442,#3466,#1644,.T.);
#6058=EDGE_CURVE('',#3447,#3471,#1648,.T.);
#6071=EDGE_CURVE('',#3448,#3472,#1652,.T.);
#6084=EDGE_CURVE('',#3450,#3474,#1656,.T.);
#6097=EDGE_CURVE('',#3452,#3476,#1660,.T.);
#6110=EDGE_CURVE('',#3454,#3478,#1664,.T.);
#6132=EDGE_CURVE('',#3404,#3426,#1668,.T.);
#6134=EDGE_CURVE('',#3402,#3404,#1672,.T.);
#6136=EDGE_CURVE('',#3400,#3402,#1676,.T.);
#6138=EDGE_CURVE('',#3398,#3400,#1680,.T.);
#6140=EDGE_CURVE('',#3396,#3398,#1684,.T.);
#6142=EDGE_CURVE('',#3395,#3396,#1688,.T.);
#6155=EDGE_CURVE('',#3414,#3416,#1700,.T.);
#6157=EDGE_CURVE('',#3412,#3414,#1704,.T.);
#6159=EDGE_CURVE('',#3410,#3412,#1708,.T.);
#6161=EDGE_CURVE('',#3408,#3410,#1712,.T.);
#6163=EDGE_CURVE('',#3407,#3408,#1716,.T.);
#6165=EDGE_CURVE('',#3432,#3407,#1720,.T.);
#6176=EDGE_CURVE('',#3380,#3418,#1728,.T.);
#6178=EDGE_CURVE('',#3380,#3404,#1724,.T.);
#6193=EDGE_CURVE('',#3371,#3372,#1736,.T.);
#6195=EDGE_CURVE('',#3372,#3374,#1740,.T.);
#6197=EDGE_CURVE('',#3374,#3376,#1744,.T.);
#6199=EDGE_CURVE('',#3376,#3378,#1748,.T.);
#6201=EDGE_CURVE('',#3378,#3380,#1752,.T.);
#6213=EDGE_CURVE('',#3424,#3383,#1760,.T.);
#6215=EDGE_CURVE('',#3383,#3384,#1764,.T.);
#6217=EDGE_CURVE('',#3384,#3386,#1768,.T.);
#6219=EDGE_CURVE('',#3386,#3388,#1772,.T.);
#6221=EDGE_CURVE('',#3388,#3390,#1776,.T.);
#6223=EDGE_CURVE('',#3390,#3392,#1780,.T.);
#6236=EDGE_CURVE('',#3372,#3396,#1788,.T.);
#6249=EDGE_CURVE('',#3374,#3398,#1792,.T.);
#6262=EDGE_CURVE('',#3376,#3400,#1796,.T.);
#6275=EDGE_CURVE('',#3378,#3402,#1800,.T.);
#6300=EDGE_CURVE('',#3383,#3407,#1804,.T.);
#6313=EDGE_CURVE('',#3384,#3408,#1808,.T.);
#6326=EDGE_CURVE('',#3386,#3410,#1812,.T.);
#6339=EDGE_CURVE('',#3388,#3412,#1816,.T.);
#6352=EDGE_CURVE('',#3390,#3414,#1820,.T.);
#6374=EDGE_CURVE('',#3340,#3362,#1824,.T.);
#6376=EDGE_CURVE('',#3338,#3340,#1828,.T.);
#6378=EDGE_CURVE('',#3336,#3338,#1832,.T.);
#6380=EDGE_CURVE('',#3334,#3336,#1836,.T.);
#6382=EDGE_CURVE('',#3332,#3334,#1840,.T.);
#6384=EDGE_CURVE('',#3331,#3332,#1844,.T.);
#6397=EDGE_CURVE('',#3350,#3352,#1856,.T.);
#6399=EDGE_CURVE('',#3348,#3350,#1860,.T.);
#6401=EDGE_CURVE('',#3346,#3348,#1864,.T.);
#6403=EDGE_CURVE('',#3344,#3346,#1868,.T.);
#6405=EDGE_CURVE('',#3343,#3344,#1872,.T.);
#6407=EDGE_CURVE('',#3368,#3343,#1876,.T.);
#6418=EDGE_CURVE('',#3316,#3354,#1884,.T.);
#6420=EDGE_CURVE('',#3316,#3340,#1880,.T.);
#6435=EDGE_CURVE('',#3307,#3308,#1892,.T.);
#6437=EDGE_CURVE('',#3308,#3310,#1896,.T.);
#6439=EDGE_CURVE('',#3310,#3312,#1900,.T.);
#6441=EDGE_CURVE('',#3312,#3314,#1904,.T.);
#6443=EDGE_CURVE('',#3314,#3316,#1908,.T.);
#6455=EDGE_CURVE('',#3360,#3319,#1916,.T.);
#6457=EDGE_CURVE('',#3319,#3320,#1920,.T.);
#6459=EDGE_CURVE('',#3320,#3322,#1924,.T.);
#6461=EDGE_CURVE('',#3322,#3324,#1928,.T.);
#6463=EDGE_CURVE('',#3324,#3326,#1932,.T.);
#6465=EDGE_CURVE('',#3326,#3328,#1936,.T.);
#6478=EDGE_CURVE('',#3308,#3332,#1944,.T.);
#6491=EDGE_CURVE('',#3310,#3334,#1948,.T.);
#6504=EDGE_CURVE('',#3312,#3336,#1952,.T.);
#6517=EDGE_CURVE('',#3314,#3338,#1956,.T.);
#6542=EDGE_CURVE('',#3319,#3343,#1960,.T.);
#6555=EDGE_CURVE('',#3320,#3344,#1964,.T.);
#6568=EDGE_CURVE('',#3322,#3346,#1968,.T.);
#6581=EDGE_CURVE('',#3324,#3348,#1972,.T.);
#6594=EDGE_CURVE('',#3326,#3350,#1976,.T.);
#6616=EDGE_CURVE('',#3276,#3298,#1980,.T.);
#6618=EDGE_CURVE('',#3274,#3276,#1984,.T.);
#6620=EDGE_CURVE('',#3272,#3274,#1988,.T.);
#6622=EDGE_CURVE('',#3270,#3272,#1992,.T.);
#6624=EDGE_CURVE('',#3268,#3270,#1996,.T.);
#6626=EDGE_CURVE('',#3267,#3268,#2000,.T.);
#6639=EDGE_CURVE('',#3286,#3288,#2012,.T.);
#6641=EDGE_CURVE('',#3284,#3286,#2016,.T.);
#6643=EDGE_CURVE('',#3282,#3284,#2020,.T.);
#6645=EDGE_CURVE('',#3280,#3282,#2024,.T.);
#6647=EDGE_CURVE('',#3279,#3280,#2028,.T.);
#6649=EDGE_CURVE('',#3304,#3279,#2032,.T.);
#6660=EDGE_CURVE('',#3252,#3290,#2040,.T.);
#6662=EDGE_CURVE('',#3252,#3276,#2036,.T.);
#6677=EDGE_CURVE('',#3243,#3244,#2048,.T.);
#6679=EDGE_CURVE('',#3244,#3246,#2052,.T.);
#6681=EDGE_CURVE('',#3246,#3248,#2056,.T.);
#6683=EDGE_CURVE('',#3248,#3250,#2060,.T.);
#6685=EDGE_CURVE('',#3250,#3252,#2064,.T.);
#6697=EDGE_CURVE('',#3296,#3255,#2072,.T.);
#6699=EDGE_CURVE('',#3255,#3256,#2076,.T.);
#6701=EDGE_CURVE('',#3256,#3258,#2080,.T.);
#6703=EDGE_CURVE('',#3258,#3260,#2084,.T.);
#6705=EDGE_CURVE('',#3260,#3262,#2088,.T.);
#6707=EDGE_CURVE('',#3262,#3264,#2092,.T.);
#6720=EDGE_CURVE('',#3244,#3268,#2100,.T.);
#6733=EDGE_CURVE('',#3246,#3270,#2104,.T.);
#6746=EDGE_CURVE('',#3248,#3272,#2108,.T.);
#6759=EDGE_CURVE('',#3250,#3274,#2112,.T.);
#6784=EDGE_CURVE('',#3255,#3279,#2116,.T.);
#6797=EDGE_CURVE('',#3256,#3280,#2120,.T.);
#6810=EDGE_CURVE('',#3258,#3282,#2124,.T.);
#6823=EDGE_CURVE('',#3260,#3284,#2128,.T.);
#6836=EDGE_CURVE('',#3262,#3286,#2132,.T.);
#6858=EDGE_CURVE('',#3212,#3234,#2136,.T.);
#6860=EDGE_CURVE('',#3210,#3212,#2140,.T.);
#6862=EDGE_CURVE('',#3208,#3210,#2144,.T.);
#6864=EDGE_CURVE('',#3206,#3208,#2148,.T.);
#6866=EDGE_CURVE('',#3204,#3206,#2152,.T.);
#6868=EDGE_CURVE('',#3203,#3204,#2156,.T.);
#6881=EDGE_CURVE('',#3222,#3224,#2168,.T.);
#6883=EDGE_CURVE('',#3220,#3222,#2172,.T.);
#6885=EDGE_CURVE('',#3218,#3220,#2176,.T.);
#6887=EDGE_CURVE('',#3216,#3218,#2180,.T.);
#6889=EDGE_CURVE('',#3215,#3216,#2184,.T.);
#6891=EDGE_CURVE('',#3240,#3215,#2188,.T.);
#6902=EDGE_CURVE('',#3188,#3226,#2196,.T.);
#6904=EDGE_CURVE('',#3188,#3212,#2192,.T.);
#6919=EDGE_CURVE('',#3179,#3180,#2204,.T.);
#6921=EDGE_CURVE('',#3180,#3182,#2208,.T.);
#6923=EDGE_CURVE('',#3182,#3184,#2212,.T.);
#6925=EDGE_CURVE('',#3184,#3186,#2216,.T.);
#6927=EDGE_CURVE('',#3186,#3188,#2220,.T.);
#6939=EDGE_CURVE('',#3232,#3191,#2228,.T.);
#6941=EDGE_CURVE('',#3191,#3192,#2232,.T.);
#6943=EDGE_CURVE('',#3192,#3194,#2236,.T.);
#6945=EDGE_CURVE('',#3194,#3196,#2240,.T.);
#6947=EDGE_CURVE('',#3196,#3198,#2244,.T.);
#6949=EDGE_CURVE('',#3198,#3200,#2248,.T.);
#6962=EDGE_CURVE('',#3180,#3204,#2256,.T.);
#6975=EDGE_CURVE('',#3182,#3206,#2260,.T.);
#6988=EDGE_CURVE('',#3184,#3208,#2264,.T.);
#7001=EDGE_CURVE('',#3186,#3210,#2268,.T.);
#7026=EDGE_CURVE('',#3191,#3215,#2272,.T.);
#7039=EDGE_CURVE('',#3192,#3216,#2276,.T.);
#7052=EDGE_CURVE('',#3194,#3218,#2280,.T.);
#7065=EDGE_CURVE('',#3196,#3220,#2284,.T.);
#7078=EDGE_CURVE('',#3198,#3222,#2288,.T.);
#7100=EDGE_CURVE('',#3136,#3142,#2292,.T.);
#7102=EDGE_CURVE('',#3134,#3136,#2296,.T.);
#7104=EDGE_CURVE('',#3132,#3134,#2300,.T.);
#7106=EDGE_CURVE('',#3130,#3132,#2304,.T.);
#7108=EDGE_CURVE('',#3128,#3130,#2308,.T.);
#7110=EDGE_CURVE('',#3127,#3128,#2312,.T.);
#7123=EDGE_CURVE('',#3166,#3168,#2324,.T.);
#7125=EDGE_CURVE('',#3164,#3166,#2328,.T.);
#7127=EDGE_CURVE('',#3162,#3164,#2332,.T.);
#7129=EDGE_CURVE('',#3160,#3162,#2336,.T.);
#7131=EDGE_CURVE('',#3159,#3160,#2340,.T.);
#7133=EDGE_CURVE('',#3176,#3159,#2344,.T.);
#7144=EDGE_CURVE('',#3124,#3138,#2352,.T.);
#7146=EDGE_CURVE('',#3124,#3136,#2348,.T.);
#7161=EDGE_CURVE('',#3115,#3116,#2360,.T.);
#7163=EDGE_CURVE('',#3116,#3118,#2364,.T.);
#7165=EDGE_CURVE('',#3118,#3120,#2368,.T.);
#7167=EDGE_CURVE('',#3120,#3122,#2372,.T.);
#7169=EDGE_CURVE('',#3122,#3124,#2376,.T.);
#7181=EDGE_CURVE('',#3172,#3147,#2384,.T.);
#7183=EDGE_CURVE('',#3147,#3148,#2388,.T.);
#7185=EDGE_CURVE('',#3148,#3150,#2392,.T.);
#7187=EDGE_CURVE('',#3150,#3152,#2396,.T.);
#7189=EDGE_CURVE('',#3152,#3154,#2400,.T.);
#7191=EDGE_CURVE('',#3154,#3156,#2404,.T.);
#7204=EDGE_CURVE('',#3116,#3128,#2412,.T.);
#7217=EDGE_CURVE('',#3118,#3130,#2416,.T.);
#7230=EDGE_CURVE('',#3120,#3132,#2420,.T.);
#7243=EDGE_CURVE('',#3122,#3134,#2424,.T.);
#7268=EDGE_CURVE('',#3147,#3159,#2428,.T.);
#7281=EDGE_CURVE('',#3148,#3160,#2432,.T.);
#7294=EDGE_CURVE('',#3150,#3162,#2436,.T.);
#7307=EDGE_CURVE('',#3152,#3164,#2440,.T.);
#7320=EDGE_CURVE('',#3154,#3166,#2444,.T.);
#7342=EDGE_CURVE('',#3019,#3020,#2448,.T.);
#7347=EDGE_CURVE('',#3020,#2955,#2452,.T.);
#7358=EDGE_CURVE('',#3022,#3020,#2468,.T.);
#7360=EDGE_CURVE('',#3024,#3022,#2560,.T.);
#7371=EDGE_CURVE('',#3039,#3042,#2456,.T.);
#7373=EDGE_CURVE('',#3044,#3042,#2460,.T.);
#7375=EDGE_CURVE('',#3022,#3044,#2464,.T.);
#7388=EDGE_CURVE('',#3079,#3080,#2472,.T.);
#7390=EDGE_CURVE('',#3080,#3082,#2476,.T.);
#7392=EDGE_CURVE('',#3082,#3084,#2480,.T.);
#7394=EDGE_CURVE('',#3042,#3084,#2496,.T.);
#7398=EDGE_CURVE('',#3040,#3054,#2532,.T.);
#7400=EDGE_CURVE('',#3079,#3054,#2488,.T.);
#7411=EDGE_CURVE('',#3079,#3086,#2484,.T.);
#7413=EDGE_CURVE('',#3086,#3075,#2576,.T.);
#7415=EDGE_CURVE('',#3075,#3080,#2596,.T.);
#7427=EDGE_CURVE('',#3056,#3054,#2544,.T.);
#7429=EDGE_CURVE('',#3056,#3086,#2580,.T.);
#7433=EDGE_CURVE('',#3882,#3106,#2500,.T.);
#7435=EDGE_CURVE('',#3106,#3110,#2504,.T.);
#7437=EDGE_CURVE('',#3886,#3110,#2508,.T.);
#7439=EDGE_CURVE('',#3882,#3886,#2512,.T.);
#7449=EDGE_CURVE('',#3084,#3088,#2492,.T.);
#7451=EDGE_CURVE('',#3088,#3044,#2564,.T.);
#7457=EDGE_CURVE('',#3108,#3884,#2516,.T.);
#7459=EDGE_CURVE('',#3884,#3888,#2520,.T.);
#7461=EDGE_CURVE('',#3112,#3888,#2524,.T.);
#7463=EDGE_CURVE('',#3108,#3112,#2528,.T.);
#7475=EDGE_CURVE('',#3031,#2968,#2536,.T.);
#7477=EDGE_CURVE('',#3031,#3026,#2540,.T.);
#7479=EDGE_CURVE('',#3026,#3056,#2584,.T.);
#7490=EDGE_CURVE('',#3031,#3032,#2548,.T.);
#7506=EDGE_CURVE('',#3028,#3026,#2556,.T.);
#7517=EDGE_CURVE('',#3026,#3022,#2588,.T.);
#7531=EDGE_CURVE('',#3076,#3088,#2568,.T.);
#7533=EDGE_CURVE('',#3075,#3076,#2572,.T.);
#7549=EDGE_CURVE('',#3076,#3082,#2592,.T.);
#7573=EDGE_CURVE('',#3092,#3106,#2600,.T.);
#7576=EDGE_CURVE('',#3882,#3091,#2604,.T.);
#7578=EDGE_CURVE('',#3091,#3092,#2608,.T.);
#7588=EDGE_CURVE('',#3108,#3095,#2612,.T.);
#7590=EDGE_CURVE('',#3095,#3096,#2616,.T.);
#7592=EDGE_CURVE('',#3096,#3884,#2620,.T.);
#7604=EDGE_CURVE('',#3092,#3100,#2624,.T.);
#7606=EDGE_CURVE('',#3100,#3110,#2632,.T.);
#7618=EDGE_CURVE('',#3091,#3099,#2628,.T.);
#7620=EDGE_CURVE('',#3099,#3100,#2636,.T.);
#7633=EDGE_CURVE('',#3886,#3099,#2640,.T.);
#7656=EDGE_CURVE('',#3112,#3103,#2644,.T.);
#7659=EDGE_CURVE('',#3104,#3888,#2648,.T.);
#7661=EDGE_CURVE('',#3103,#3104,#2652,.T.);
#7674=EDGE_CURVE('',#3095,#3103,#2656,.T.);
#7687=EDGE_CURVE('',#3096,#3104,#2660,.T.);
#7709=EDGE_CURVE('',#3015,#3016,#2664,.T.);
#7711=EDGE_CURVE('',#3015,#2960,#2800,.T.);
#7726=EDGE_CURVE('',#3012,#3010,#2672,.T.);
#7728=EDGE_CURVE('',#3015,#3010,#2804,.T.);
#7738=EDGE_CURVE('',#3010,#3006,#2704,.T.);
#7751=EDGE_CURVE('',#3067,#3051,#2680,.T.);
#7753=EDGE_CURVE('',#3060,#3067,#2684,.T.);
#7755=EDGE_CURVE('',#3059,#3060,#2688,.T.);
#7757=EDGE_CURVE('',#3063,#3059,#2692,.T.);
#7759=EDGE_CURVE('',#3047,#3063,#2696,.T.);
#7761=EDGE_CURVE('',#3010,#3047,#2700,.T.);
#7764=EDGE_CURVE('',#3006,#3051,#2780,.T.);
#7774=EDGE_CURVE('',#3063,#3064,#2708,.T.);
#7776=EDGE_CURVE('',#3048,#3064,#2768,.T.);
#7778=EDGE_CURVE('',#3047,#3048,#2792,.T.);
#7783=EDGE_CURVE('',#3908,#3916,#2732,.T.);
#7785=EDGE_CURVE('',#3908,#3912,#2736,.T.);
#7787=EDGE_CURVE('',#3912,#3920,#2740,.T.);
#7789=EDGE_CURVE('',#3916,#3920,#2744,.T.);
#7799=EDGE_CURVE('',#3067,#3068,#2712,.T.);
#7802=EDGE_CURVE('',#3051,#3052,#2776,.T.);
#7804=EDGE_CURVE('',#3068,#3052,#2764,.T.);
#7808=EDGE_CURVE('',#3914,#3906,#2716,.T.);
#7810=EDGE_CURVE('',#3914,#3918,#2720,.T.);
#7812=EDGE_CURVE('',#3918,#3910,#2724,.T.);
#7814=EDGE_CURVE('',#3906,#3910,#2728,.T.);
#7826=EDGE_CURVE('',#3059,#3070,#2748,.T.);
#7828=EDGE_CURVE('',#3064,#3070,#2752,.T.);
#7838=EDGE_CURVE('',#3070,#3072,#2756,.T.);
#7842=EDGE_CURVE('',#3060,#3072,#2772,.T.);
#7854=EDGE_CURVE('',#3072,#3068,#2760,.T.);
#7857=EDGE_CURVE('',#3052,#3036,#2788,.T.);
#7860=EDGE_CURVE('',#3048,#3035,#2796,.T.);
#7911=EDGE_CURVE('',#3892,#3906,#2808,.T.);
#7913=EDGE_CURVE('',#3891,#3892,#2812,.T.);
#7915=EDGE_CURVE('',#3914,#3891,#2816,.T.);
#7926=EDGE_CURVE('',#3908,#3895,#2820,.T.);
#7929=EDGE_CURVE('',#3896,#3916,#2824,.T.);
#7931=EDGE_CURVE('',#3895,#3896,#2828,.T.);
#7943=EDGE_CURVE('',#3900,#3910,#2836,.T.);
#7945=EDGE_CURVE('',#3892,#3900,#2832,.T.);
#7957=EDGE_CURVE('',#3918,#3899,#2840,.T.);
#7959=EDGE_CURVE('',#3899,#3900,#2844,.T.);
#7969=EDGE_CURVE('',#3912,#3903,#2848,.T.);
#7971=EDGE_CURVE('',#3903,#3904,#2852,.T.);
#7973=EDGE_CURVE('',#3904,#3920,#2856,.T.);
#7985=EDGE_CURVE('',#3891,#3899,#2860,.T.);
#8010=EDGE_CURVE('',#3895,#3903,#2864,.T.);
#8023=EDGE_CURVE('',#3896,#3904,#2868,.T.);
#8064=EDGE_CURVE('',#3862,#3864,#2904,.T.);
#8066=EDGE_CURVE('',#3860,#3862,#2908,.T.);
#8068=EDGE_CURVE('',#3858,#3860,#2912,.T.);
#8070=EDGE_CURVE('',#3856,#3858,#2916,.T.);
#8072=EDGE_CURVE('',#3855,#3856,#2920,.T.);
#8074=EDGE_CURVE('',#3880,#3855,#2924,.T.);
#8086=EDGE_CURVE('',#3838,#3862,#2928,.T.);
#8099=EDGE_CURVE('',#3836,#3860,#2932,.T.);
#8112=EDGE_CURVE('',#3834,#3858,#2936,.T.);
#8125=EDGE_CURVE('',#3832,#3856,#2940,.T.);
#8138=EDGE_CURVE('',#3831,#3855,#2944,.T.);
#8167=TRIMMED_CURVE('',#8166,(PARAMETER_VALUE(0.E0)),(PARAMETER_VALUE(1.E0)),
.T.,.UNSPECIFIED.);
#8168=COMPOSITE_CURVE_SEGMENT(.CONTINUOUS.,.T.,#8167);
#8173=TRIMMED_CURVE('',#8172,(PARAMETER_VALUE(0.E0)),(PARAMETER_VALUE(1.E0)),
.T.,.UNSPECIFIED.);
#8174=COMPOSITE_CURVE_SEGMENT(.CONTINUOUS.,.T.,#8173);
#8179=TRIMMED_CURVE('',#8178,(PARAMETER_VALUE(0.E0)),(PARAMETER_VALUE(1.E0)),
.T.,.UNSPECIFIED.);
#8180=COMPOSITE_CURVE_SEGMENT(.CONTINUOUS.,.T.,#8179);
#8185=TRIMMED_CURVE('',#8184,(PARAMETER_VALUE(0.E0)),(PARAMETER_VALUE(1.E0)),
.T.,.UNSPECIFIED.);
#8186=COMPOSITE_CURVE_SEGMENT(.CONTINUOUS.,.T.,#8185);
#8187=COMPOSITE_CURVE('',(#8168,#8174,#8180,#8186),.F.);
#8193=TRIMMED_CURVE('',#8192,(PARAMETER_VALUE(0.E0)),(PARAMETER_VALUE(1.E0)),
.T.,.UNSPECIFIED.);
#8194=COMPOSITE_CURVE_SEGMENT(.CONTINUOUS.,.T.,#8193);
#8199=TRIMMED_CURVE('',#8198,(PARAMETER_VALUE(0.E0)),(PARAMETER_VALUE(1.E0)),
.T.,.UNSPECIFIED.);
#8200=COMPOSITE_CURVE_SEGMENT(.CONTINUOUS.,.T.,#8199);
#8205=TRIMMED_CURVE('',#8204,(PARAMETER_VALUE(0.E0)),(PARAMETER_VALUE(1.E0)),
.T.,.UNSPECIFIED.);
#8206=COMPOSITE_CURVE_SEGMENT(.CONTINUOUS.,.T.,#8205);
#8211=TRIMMED_CURVE('',#8210,(PARAMETER_VALUE(0.E0)),(PARAMETER_VALUE(1.E0)),
.T.,.UNSPECIFIED.);
#8212=COMPOSITE_CURVE_SEGMENT(.CONTINUOUS.,.T.,#8211);
#8213=COMPOSITE_CURVE('',(#8194,#8200,#8206,#8212),.F.);
#8218=TRIMMED_CURVE('',#8217,(PARAMETER_VALUE(0.E0)),(PARAMETER_VALUE(1.E0)),
.T.,.UNSPECIFIED.);
#8219=COMPOSITE_CURVE_SEGMENT(.CONTINUOUS.,.T.,#8218);
#8224=TRIMMED_CURVE('',#8223,(PARAMETER_VALUE(0.E0)),(PARAMETER_VALUE(1.E0)),
.T.,.UNSPECIFIED.);
#8225=COMPOSITE_CURVE_SEGMENT(.CONTINUOUS.,.T.,#8224);
#8230=TRIMMED_CURVE('',#8229,(PARAMETER_VALUE(0.E0)),(PARAMETER_VALUE(1.E0)),
.T.,.UNSPECIFIED.);
#8231=COMPOSITE_CURVE_SEGMENT(.CONTINUOUS.,.T.,#8230);
#8236=TRIMMED_CURVE('',#8235,(PARAMETER_VALUE(0.E0)),(PARAMETER_VALUE(1.E0)),
.T.,.UNSPECIFIED.);
#8237=COMPOSITE_CURVE_SEGMENT(.CONTINUOUS.,.T.,#8236);
#8238=COMPOSITE_CURVE('',(#8219,#8225,#8231,#8237),.F.);
#8243=TRIMMED_CURVE('',#8242,(PARAMETER_VALUE(0.E0)),(PARAMETER_VALUE(1.E0)),
.T.,.UNSPECIFIED.);
#8244=COMPOSITE_CURVE_SEGMENT(.CONTINUOUS.,.T.,#8243);
#8249=TRIMMED_CURVE('',#8248,(PARAMETER_VALUE(0.E0)),(PARAMETER_VALUE(1.E0)),
.T.,.UNSPECIFIED.);
#8250=COMPOSITE_CURVE_SEGMENT(.CONTINUOUS.,.T.,#8249);
#8255=TRIMMED_CURVE('',#8254,(PARAMETER_VALUE(0.E0)),(PARAMETER_VALUE(1.E0)),
.T.,.UNSPECIFIED.);
#8256=COMPOSITE_CURVE_SEGMENT(.CONTINUOUS.,.T.,#8255);
#8261=TRIMMED_CURVE('',#8260,(PARAMETER_VALUE(0.E0)),(PARAMETER_VALUE(1.E0)),
.T.,.UNSPECIFIED.);
#8262=COMPOSITE_CURVE_SEGMENT(.CONTINUOUS.,.T.,#8261);
#8263=COMPOSITE_CURVE('',(#8244,#8250,#8256,#8262),.F.);
#8268=TRIMMED_CURVE('',#8267,(PARAMETER_VALUE(0.E0)),(PARAMETER_VALUE(1.E0)),
.T.,.UNSPECIFIED.);
#8269=COMPOSITE_CURVE_SEGMENT(.CONTINUOUS.,.T.,#8268);
#8274=TRIMMED_CURVE('',#8273,(PARAMETER_VALUE(0.E0)),(PARAMETER_VALUE(1.E0)),
.T.,.UNSPECIFIED.);
#8275=COMPOSITE_CURVE_SEGMENT(.CONTINUOUS.,.T.,#8274);
#8280=TRIMMED_CURVE('',#8279,(PARAMETER_VALUE(0.E0)),(PARAMETER_VALUE(1.E0)),
.T.,.UNSPECIFIED.);
#8281=COMPOSITE_CURVE_SEGMENT(.CONTINUOUS.,.T.,#8280);
#8286=TRIMMED_CURVE('',#8285,(PARAMETER_VALUE(0.E0)),(PARAMETER_VALUE(1.E0)),
.T.,.UNSPECIFIED.);
#8287=COMPOSITE_CURVE_SEGMENT(.CONTINUOUS.,.T.,#8286);
#8288=COMPOSITE_CURVE('',(#8269,#8275,#8281,#8287),.F.);
#8293=TRIMMED_CURVE('',#8292,(PARAMETER_VALUE(0.E0)),(PARAMETER_VALUE(1.E0)),
.T.,.UNSPECIFIED.);
#8294=COMPOSITE_CURVE_SEGMENT(.CONTINUOUS.,.T.,#8293);
#8299=TRIMMED_CURVE('',#8298,(PARAMETER_VALUE(0.E0)),(PARAMETER_VALUE(1.E0)),
.T.,.UNSPECIFIED.);
#8300=COMPOSITE_CURVE_SEGMENT(.CONTINUOUS.,.T.,#8299);
#8305=TRIMMED_CURVE('',#8304,(PARAMETER_VALUE(0.E0)),(PARAMETER_VALUE(1.E0)),
.T.,.UNSPECIFIED.);
#8306=COMPOSITE_CURVE_SEGMENT(.CONTINUOUS.,.T.,#8305);
#8311=TRIMMED_CURVE('',#8310,(PARAMETER_VALUE(0.E0)),(PARAMETER_VALUE(1.E0)),
.T.,.UNSPECIFIED.);
#8312=COMPOSITE_CURVE_SEGMENT(.CONTINUOUS.,.T.,#8311);
#8313=COMPOSITE_CURVE('',(#8294,#8300,#8306,#8312),.F.);
#8318=TRIMMED_CURVE('',#8317,(PARAMETER_VALUE(0.E0)),(PARAMETER_VALUE(1.E0)),
.T.,.UNSPECIFIED.);
#8319=COMPOSITE_CURVE_SEGMENT(.CONTINUOUS.,.T.,#8318);
#8324=TRIMMED_CURVE('',#8323,(PARAMETER_VALUE(0.E0)),(PARAMETER_VALUE(1.E0)),
.T.,.UNSPECIFIED.);
#8325=COMPOSITE_CURVE_SEGMENT(.CONTINUOUS.,.T.,#8324);
#8330=TRIMMED_CURVE('',#8329,(PARAMETER_VALUE(0.E0)),(PARAMETER_VALUE(1.E0)),
.T.,.UNSPECIFIED.);
#8331=COMPOSITE_CURVE_SEGMENT(.CONTINUOUS.,.T.,#8330);
#8336=TRIMMED_CURVE('',#8335,(PARAMETER_VALUE(0.E0)),(PARAMETER_VALUE(1.E0)),
.T.,.UNSPECIFIED.);
#8337=COMPOSITE_CURVE_SEGMENT(.CONTINUOUS.,.T.,#8336);
#8338=COMPOSITE_CURVE('',(#8319,#8325,#8331,#8337),.F.);
#8343=TRIMMED_CURVE('',#8342,(PARAMETER_VALUE(0.E0)),(PARAMETER_VALUE(1.E0)),
.T.,.UNSPECIFIED.);
#8344=COMPOSITE_CURVE_SEGMENT(.CONTINUOUS.,.T.,#8343);
#8349=TRIMMED_CURVE('',#8348,(PARAMETER_VALUE(0.E0)),(PARAMETER_VALUE(1.E0)),
.T.,.UNSPECIFIED.);
#8350=COMPOSITE_CURVE_SEGMENT(.CONTINUOUS.,.T.,#8349);
#8355=TRIMMED_CURVE('',#8354,(PARAMETER_VALUE(0.E0)),(PARAMETER_VALUE(1.E0)),
.T.,.UNSPECIFIED.);
#8356=COMPOSITE_CURVE_SEGMENT(.CONTINUOUS.,.T.,#8355);
#8361=TRIMMED_CURVE('',#8360,(PARAMETER_VALUE(0.E0)),(PARAMETER_VALUE(1.E0)),
.T.,.UNSPECIFIED.);
#8362=COMPOSITE_CURVE_SEGMENT(.CONTINUOUS.,.T.,#8361);
#8363=COMPOSITE_CURVE('',(#8344,#8350,#8356,#8362),.F.);
#8368=TRIMMED_CURVE('',#8367,(PARAMETER_VALUE(0.E0)),(PARAMETER_VALUE(1.E0)),
.T.,.UNSPECIFIED.);
#8369=COMPOSITE_CURVE_SEGMENT(.CONTINUOUS.,.T.,#8368);
#8374=TRIMMED_CURVE('',#8373,(PARAMETER_VALUE(0.E0)),(PARAMETER_VALUE(1.E0)),
.T.,.UNSPECIFIED.);
#8375=COMPOSITE_CURVE_SEGMENT(.CONTINUOUS.,.T.,#8374);
#8380=TRIMMED_CURVE('',#8379,(PARAMETER_VALUE(0.E0)),(PARAMETER_VALUE(1.E0)),
.T.,.UNSPECIFIED.);
#8381=COMPOSITE_CURVE_SEGMENT(.CONTINUOUS.,.T.,#8380);
#8386=TRIMMED_CURVE('',#8385,(PARAMETER_VALUE(0.E0)),(PARAMETER_VALUE(1.E0)),
.T.,.UNSPECIFIED.);
#8387=COMPOSITE_CURVE_SEGMENT(.CONTINUOUS.,.T.,#8386);
#8388=COMPOSITE_CURVE('',(#8369,#8375,#8381,#8387),.F.);
#8393=TRIMMED_CURVE('',#8392,(PARAMETER_VALUE(0.E0)),(PARAMETER_VALUE(1.E0)),
.T.,.UNSPECIFIED.);
#8394=COMPOSITE_CURVE_SEGMENT(.CONTINUOUS.,.T.,#8393);
#8399=TRIMMED_CURVE('',#8398,(PARAMETER_VALUE(0.E0)),(PARAMETER_VALUE(1.E0)),
.T.,.UNSPECIFIED.);
#8400=COMPOSITE_CURVE_SEGMENT(.CONTINUOUS.,.T.,#8399);
#8405=TRIMMED_CURVE('',#8404,(PARAMETER_VALUE(0.E0)),(PARAMETER_VALUE(1.E0)),
.T.,.UNSPECIFIED.);
#8406=COMPOSITE_CURVE_SEGMENT(.CONTINUOUS.,.T.,#8405);
#8411=TRIMMED_CURVE('',#8410,(PARAMETER_VALUE(0.E0)),(PARAMETER_VALUE(1.E0)),
.T.,.UNSPECIFIED.);
#8412=COMPOSITE_CURVE_SEGMENT(.CONTINUOUS.,.T.,#8411);
#8413=COMPOSITE_CURVE('',(#8394,#8400,#8406,#8412),.F.);
#8418=TRIMMED_CURVE('',#8417,(PARAMETER_VALUE(0.E0)),(PARAMETER_VALUE(1.E0)),
.T.,.UNSPECIFIED.);
#8419=COMPOSITE_CURVE_SEGMENT(.CONTINUOUS.,.T.,#8418);
#8424=TRIMMED_CURVE('',#8423,(PARAMETER_VALUE(0.E0)),(PARAMETER_VALUE(1.E0)),
.T.,.UNSPECIFIED.);
#8425=COMPOSITE_CURVE_SEGMENT(.CONTINUOUS.,.T.,#8424);
#8430=TRIMMED_CURVE('',#8429,(PARAMETER_VALUE(0.E0)),(PARAMETER_VALUE(1.E0)),
.T.,.UNSPECIFIED.);
#8431=COMPOSITE_CURVE_SEGMENT(.CONTINUOUS.,.T.,#8430);
#8436=TRIMMED_CURVE('',#8435,(PARAMETER_VALUE(0.E0)),(PARAMETER_VALUE(1.E0)),
.T.,.UNSPECIFIED.);
#8437=COMPOSITE_CURVE_SEGMENT(.CONTINUOUS.,.T.,#8436);
#8438=COMPOSITE_CURVE('',(#8419,#8425,#8431,#8437),.F.);
#8443=TRIMMED_CURVE('',#8442,(PARAMETER_VALUE(0.E0)),(PARAMETER_VALUE(1.E0)),
.T.,.UNSPECIFIED.);
#8444=COMPOSITE_CURVE_SEGMENT(.CONTINUOUS.,.T.,#8443);
#8449=TRIMMED_CURVE('',#8448,(PARAMETER_VALUE(0.E0)),(PARAMETER_VALUE(1.E0)),
.T.,.UNSPECIFIED.);
#8450=COMPOSITE_CURVE_SEGMENT(.CONTINUOUS.,.T.,#8449);
#8455=TRIMMED_CURVE('',#8454,(PARAMETER_VALUE(0.E0)),(PARAMETER_VALUE(1.E0)),
.T.,.UNSPECIFIED.);
#8456=COMPOSITE_CURVE_SEGMENT(.CONTINUOUS.,.T.,#8455);
#8461=TRIMMED_CURVE('',#8460,(PARAMETER_VALUE(0.E0)),(PARAMETER_VALUE(1.E0)),
.T.,.UNSPECIFIED.);
#8462=COMPOSITE_CURVE_SEGMENT(.CONTINUOUS.,.T.,#8461);
#8463=COMPOSITE_CURVE('',(#8444,#8450,#8456,#8462),.F.);
#8468=TRIMMED_CURVE('',#8467,(PARAMETER_VALUE(0.E0)),(PARAMETER_VALUE(1.E0)),
.T.,.UNSPECIFIED.);
#8469=COMPOSITE_CURVE_SEGMENT(.CONTINUOUS.,.T.,#8468);
#8474=TRIMMED_CURVE('',#8473,(PARAMETER_VALUE(0.E0)),(PARAMETER_VALUE(1.E0)),
.T.,.UNSPECIFIED.);
#8475=COMPOSITE_CURVE_SEGMENT(.CONTINUOUS.,.T.,#8474);
#8480=TRIMMED_CURVE('',#8479,(PARAMETER_VALUE(0.E0)),(PARAMETER_VALUE(1.E0)),
.T.,.UNSPECIFIED.);
#8481=COMPOSITE_CURVE_SEGMENT(.CONTINUOUS.,.T.,#8480);
#8486=TRIMMED_CURVE('',#8485,(PARAMETER_VALUE(0.E0)),(PARAMETER_VALUE(1.E0)),
.T.,.UNSPECIFIED.);
#8487=COMPOSITE_CURVE_SEGMENT(.CONTINUOUS.,.T.,#8486);
#8488=COMPOSITE_CURVE('',(#8469,#8475,#8481,#8487),.F.);
#8493=TRIMMED_CURVE('',#8492,(PARAMETER_VALUE(0.E0)),(PARAMETER_VALUE(1.E0)),
.T.,.UNSPECIFIED.);
#8494=COMPOSITE_CURVE_SEGMENT(.CONTINUOUS.,.T.,#8493);
#8499=TRIMMED_CURVE('',#8498,(PARAMETER_VALUE(0.E0)),(PARAMETER_VALUE(1.E0)),
.T.,.UNSPECIFIED.);
#8500=COMPOSITE_CURVE_SEGMENT(.CONTINUOUS.,.T.,#8499);
#8505=TRIMMED_CURVE('',#8504,(PARAMETER_VALUE(0.E0)),(PARAMETER_VALUE(1.E0)),
.T.,.UNSPECIFIED.);
#8506=COMPOSITE_CURVE_SEGMENT(.CONTINUOUS.,.T.,#8505);
#8511=TRIMMED_CURVE('',#8510,(PARAMETER_VALUE(0.E0)),(PARAMETER_VALUE(1.E0)),
.T.,.UNSPECIFIED.);
#8512=COMPOSITE_CURVE_SEGMENT(.CONTINUOUS.,.T.,#8511);
#8513=COMPOSITE_CURVE('',(#8494,#8500,#8506,#8512),.F.);
#8518=TRIMMED_CURVE('',#8517,(PARAMETER_VALUE(0.E0)),(PARAMETER_VALUE(1.E0)),
.T.,.UNSPECIFIED.);
#8519=COMPOSITE_CURVE_SEGMENT(.CONTINUOUS.,.T.,#8518);
#8524=TRIMMED_CURVE('',#8523,(PARAMETER_VALUE(0.E0)),(PARAMETER_VALUE(1.E0)),
.T.,.UNSPECIFIED.);
#8525=COMPOSITE_CURVE_SEGMENT(.CONTINUOUS.,.T.,#8524);
#8530=TRIMMED_CURVE('',#8529,(PARAMETER_VALUE(0.E0)),(PARAMETER_VALUE(1.E0)),
.T.,.UNSPECIFIED.);
#8531=COMPOSITE_CURVE_SEGMENT(.CONTINUOUS.,.T.,#8530);
#8536=TRIMMED_CURVE('',#8535,(PARAMETER_VALUE(0.E0)),(PARAMETER_VALUE(1.E0)),
.T.,.UNSPECIFIED.);
#8537=COMPOSITE_CURVE_SEGMENT(.CONTINUOUS.,.T.,#8536);
#8538=COMPOSITE_CURVE('',(#8519,#8525,#8531,#8537),.F.);
#8543=TRIMMED_CURVE('',#8542,(PARAMETER_VALUE(0.E0)),(PARAMETER_VALUE(1.E0)),
.T.,.UNSPECIFIED.);
#8544=COMPOSITE_CURVE_SEGMENT(.CONTINUOUS.,.T.,#8543);
#8549=TRIMMED_CURVE('',#8548,(PARAMETER_VALUE(0.E0)),(PARAMETER_VALUE(1.E0)),
.T.,.UNSPECIFIED.);
#8550=COMPOSITE_CURVE_SEGMENT(.CONTINUOUS.,.T.,#8549);
#8555=TRIMMED_CURVE('',#8554,(PARAMETER_VALUE(0.E0)),(PARAMETER_VALUE(1.E0)),
.T.,.UNSPECIFIED.);
#8556=COMPOSITE_CURVE_SEGMENT(.CONTINUOUS.,.T.,#8555);
#8561=TRIMMED_CURVE('',#8560,(PARAMETER_VALUE(0.E0)),(PARAMETER_VALUE(1.E0)),
.T.,.UNSPECIFIED.);
#8562=COMPOSITE_CURVE_SEGMENT(.CONTINUOUS.,.T.,#8561);
#8563=COMPOSITE_CURVE('',(#8544,#8550,#8556,#8562),.F.);
#8568=TRIMMED_CURVE('',#8567,(PARAMETER_VALUE(0.E0)),(PARAMETER_VALUE(1.E0)),
.T.,.UNSPECIFIED.);
#8569=COMPOSITE_CURVE_SEGMENT(.CONTINUOUS.,.T.,#8568);
#8574=TRIMMED_CURVE('',#8573,(PARAMETER_VALUE(0.E0)),(PARAMETER_VALUE(1.E0)),
.T.,.UNSPECIFIED.);
#8575=COMPOSITE_CURVE_SEGMENT(.CONTINUOUS.,.T.,#8574);
#8580=TRIMMED_CURVE('',#8579,(PARAMETER_VALUE(0.E0)),(PARAMETER_VALUE(1.E0)),
.T.,.UNSPECIFIED.);
#8581=COMPOSITE_CURVE_SEGMENT(.CONTINUOUS.,.T.,#8580);
#8586=TRIMMED_CURVE('',#8585,(PARAMETER_VALUE(0.E0)),(PARAMETER_VALUE(1.E0)),
.T.,.UNSPECIFIED.);
#8587=COMPOSITE_CURVE_SEGMENT(.CONTINUOUS.,.T.,#8586);
#8588=COMPOSITE_CURVE('',(#8569,#8575,#8581,#8587),.F.);
#8593=TRIMMED_CURVE('',#8592,(PARAMETER_VALUE(0.E0)),(PARAMETER_VALUE(1.E0)),
.T.,.UNSPECIFIED.);
#8594=COMPOSITE_CURVE_SEGMENT(.CONTINUOUS.,.T.,#8593);
#8599=TRIMMED_CURVE('',#8598,(PARAMETER_VALUE(0.E0)),(PARAMETER_VALUE(1.E0)),
.T.,.UNSPECIFIED.);
#8600=COMPOSITE_CURVE_SEGMENT(.CONTINUOUS.,.T.,#8599);
#8605=TRIMMED_CURVE('',#8604,(PARAMETER_VALUE(0.E0)),(PARAMETER_VALUE(1.E0)),
.T.,.UNSPECIFIED.);
#8606=COMPOSITE_CURVE_SEGMENT(.CONTINUOUS.,.T.,#8605);
#8611=TRIMMED_CURVE('',#8610,(PARAMETER_VALUE(0.E0)),(PARAMETER_VALUE(1.E0)),
.T.,.UNSPECIFIED.);
#8612=COMPOSITE_CURVE_SEGMENT(.CONTINUOUS.,.T.,#8611);
#8613=COMPOSITE_CURVE('',(#8594,#8600,#8606,#8612),.F.);
#8618=TRIMMED_CURVE('',#8617,(PARAMETER_VALUE(0.E0)),(PARAMETER_VALUE(1.E0)),
.T.,.UNSPECIFIED.);
#8619=COMPOSITE_CURVE_SEGMENT(.CONTINUOUS.,.T.,#8618);
#8624=TRIMMED_CURVE('',#8623,(PARAMETER_VALUE(0.E0)),(PARAMETER_VALUE(1.E0)),
.T.,.UNSPECIFIED.);
#8625=COMPOSITE_CURVE_SEGMENT(.CONTINUOUS.,.T.,#8624);
#8630=TRIMMED_CURVE('',#8629,(PARAMETER_VALUE(0.E0)),(PARAMETER_VALUE(1.E0)),
.T.,.UNSPECIFIED.);
#8631=COMPOSITE_CURVE_SEGMENT(.CONTINUOUS.,.T.,#8630);
#8636=TRIMMED_CURVE('',#8635,(PARAMETER_VALUE(0.E0)),(PARAMETER_VALUE(1.E0)),
.T.,.UNSPECIFIED.);
#8637=COMPOSITE_CURVE_SEGMENT(.CONTINUOUS.,.T.,#8636);
#8638=COMPOSITE_CURVE('',(#8619,#8625,#8631,#8637),.F.);
#8643=TRIMMED_CURVE('',#8642,(PARAMETER_VALUE(0.E0)),(PARAMETER_VALUE(1.E0)),
.T.,.UNSPECIFIED.);
#8644=COMPOSITE_CURVE_SEGMENT(.CONTINUOUS.,.T.,#8643);
#8649=TRIMMED_CURVE('',#8648,(PARAMETER_VALUE(0.E0)),(PARAMETER_VALUE(1.E0)),
.T.,.UNSPECIFIED.);
#8650=COMPOSITE_CURVE_SEGMENT(.CONTINUOUS.,.T.,#8649);
#8655=TRIMMED_CURVE('',#8654,(PARAMETER_VALUE(0.E0)),(PARAMETER_VALUE(1.E0)),
.T.,.UNSPECIFIED.);
#8656=COMPOSITE_CURVE_SEGMENT(.CONTINUOUS.,.T.,#8655);
#8661=TRIMMED_CURVE('',#8660,(PARAMETER_VALUE(0.E0)),(PARAMETER_VALUE(1.E0)),
.T.,.UNSPECIFIED.);
#8662=COMPOSITE_CURVE_SEGMENT(.CONTINUOUS.,.T.,#8661);
#8663=COMPOSITE_CURVE('',(#8644,#8650,#8656,#8662),.F.);
#8668=TRIMMED_CURVE('',#8667,(PARAMETER_VALUE(0.E0)),(PARAMETER_VALUE(1.E0)),
.T.,.UNSPECIFIED.);
#8669=COMPOSITE_CURVE_SEGMENT(.CONTINUOUS.,.T.,#8668);
#8674=TRIMMED_CURVE('',#8673,(PARAMETER_VALUE(0.E0)),(PARAMETER_VALUE(1.E0)),
.T.,.UNSPECIFIED.);
#8675=COMPOSITE_CURVE_SEGMENT(.CONTINUOUS.,.T.,#8674);
#8680=TRIMMED_CURVE('',#8679,(PARAMETER_VALUE(0.E0)),(PARAMETER_VALUE(1.E0)),
.T.,.UNSPECIFIED.);
#8681=COMPOSITE_CURVE_SEGMENT(.CONTINUOUS.,.T.,#8680);
#8686=TRIMMED_CURVE('',#8685,(PARAMETER_VALUE(0.E0)),(PARAMETER_VALUE(1.E0)),
.T.,.UNSPECIFIED.);
#8687=COMPOSITE_CURVE_SEGMENT(.CONTINUOUS.,.T.,#8686);
#8688=COMPOSITE_CURVE('',(#8669,#8675,#8681,#8687),.F.);
#8693=TRIMMED_CURVE('',#8692,(PARAMETER_VALUE(0.E0)),(PARAMETER_VALUE(1.E0)),
.T.,.UNSPECIFIED.);
#8694=COMPOSITE_CURVE_SEGMENT(.CONTINUOUS.,.T.,#8693);
#8699=TRIMMED_CURVE('',#8698,(PARAMETER_VALUE(0.E0)),(PARAMETER_VALUE(1.E0)),
.T.,.UNSPECIFIED.);
#8700=COMPOSITE_CURVE_SEGMENT(.CONTINUOUS.,.T.,#8699);
#8705=TRIMMED_CURVE('',#8704,(PARAMETER_VALUE(0.E0)),(PARAMETER_VALUE(1.E0)),
.T.,.UNSPECIFIED.);
#8706=COMPOSITE_CURVE_SEGMENT(.CONTINUOUS.,.T.,#8705);
#8711=TRIMMED_CURVE('',#8710,(PARAMETER_VALUE(0.E0)),(PARAMETER_VALUE(1.E0)),
.T.,.UNSPECIFIED.);
#8712=COMPOSITE_CURVE_SEGMENT(.CONTINUOUS.,.T.,#8711);
#8713=COMPOSITE_CURVE('',(#8694,#8700,#8706,#8712),.F.);
#8718=TRIMMED_CURVE('',#8717,(PARAMETER_VALUE(0.E0)),(PARAMETER_VALUE(1.E0)),
.T.,.UNSPECIFIED.);
#8719=COMPOSITE_CURVE_SEGMENT(.CONTINUOUS.,.T.,#8718);
#8724=TRIMMED_CURVE('',#8723,(PARAMETER_VALUE(0.E0)),(PARAMETER_VALUE(1.E0)),
.T.,.UNSPECIFIED.);
#8725=COMPOSITE_CURVE_SEGMENT(.CONTINUOUS.,.T.,#8724);
#8730=TRIMMED_CURVE('',#8729,(PARAMETER_VALUE(0.E0)),(PARAMETER_VALUE(1.E0)),
.T.,.UNSPECIFIED.);
#8731=COMPOSITE_CURVE_SEGMENT(.CONTINUOUS.,.T.,#8730);
#8736=TRIMMED_CURVE('',#8735,(PARAMETER_VALUE(0.E0)),(PARAMETER_VALUE(1.E0)),
.T.,.UNSPECIFIED.);
#8737=COMPOSITE_CURVE_SEGMENT(.CONTINUOUS.,.T.,#8736);
#8738=COMPOSITE_CURVE('',(#8719,#8725,#8731,#8737),.F.);
#8743=TRIMMED_CURVE('',#8742,(PARAMETER_VALUE(0.E0)),(PARAMETER_VALUE(1.E0)),
.T.,.UNSPECIFIED.);
#8744=COMPOSITE_CURVE_SEGMENT(.CONTINUOUS.,.T.,#8743);
#8749=TRIMMED_CURVE('',#8748,(PARAMETER_VALUE(0.E0)),(PARAMETER_VALUE(1.E0)),
.T.,.UNSPECIFIED.);
#8750=COMPOSITE_CURVE_SEGMENT(.CONTINUOUS.,.T.,#8749);
#8755=TRIMMED_CURVE('',#8754,(PARAMETER_VALUE(0.E0)),(PARAMETER_VALUE(1.E0)),
.T.,.UNSPECIFIED.);
#8756=COMPOSITE_CURVE_SEGMENT(.CONTINUOUS.,.T.,#8755);
#8761=TRIMMED_CURVE('',#8760,(PARAMETER_VALUE(0.E0)),(PARAMETER_VALUE(1.E0)),
.T.,.UNSPECIFIED.);
#8762=COMPOSITE_CURVE_SEGMENT(.CONTINUOUS.,.T.,#8761);
#8763=COMPOSITE_CURVE('',(#8744,#8750,#8756,#8762),.F.);
#8768=TRIMMED_CURVE('',#8767,(PARAMETER_VALUE(0.E0)),(PARAMETER_VALUE(1.E0)),
.T.,.UNSPECIFIED.);
#8769=COMPOSITE_CURVE_SEGMENT(.CONTINUOUS.,.T.,#8768);
#8774=TRIMMED_CURVE('',#8773,(PARAMETER_VALUE(0.E0)),(PARAMETER_VALUE(1.E0)),
.T.,.UNSPECIFIED.);
#8775=COMPOSITE_CURVE_SEGMENT(.CONTINUOUS.,.T.,#8774);
#8780=TRIMMED_CURVE('',#8779,(PARAMETER_VALUE(0.E0)),(PARAMETER_VALUE(1.E0)),
.T.,.UNSPECIFIED.);
#8781=COMPOSITE_CURVE_SEGMENT(.CONTINUOUS.,.T.,#8780);
#8786=TRIMMED_CURVE('',#8785,(PARAMETER_VALUE(0.E0)),(PARAMETER_VALUE(1.E0)),
.T.,.UNSPECIFIED.);
#8787=COMPOSITE_CURVE_SEGMENT(.CONTINUOUS.,.T.,#8786);
#8788=COMPOSITE_CURVE('',(#8769,#8775,#8781,#8787),.F.);
#8793=TRIMMED_CURVE('',#8792,(PARAMETER_VALUE(0.E0)),(PARAMETER_VALUE(1.E0)),
.T.,.UNSPECIFIED.);
#8794=COMPOSITE_CURVE_SEGMENT(.CONTINUOUS.,.T.,#8793);
#8799=TRIMMED_CURVE('',#8798,(PARAMETER_VALUE(0.E0)),(PARAMETER_VALUE(1.E0)),
.T.,.UNSPECIFIED.);
#8800=COMPOSITE_CURVE_SEGMENT(.CONTINUOUS.,.T.,#8799);
#8805=TRIMMED_CURVE('',#8804,(PARAMETER_VALUE(0.E0)),(PARAMETER_VALUE(1.E0)),
.T.,.UNSPECIFIED.);
#8806=COMPOSITE_CURVE_SEGMENT(.CONTINUOUS.,.T.,#8805);
#8811=TRIMMED_CURVE('',#8810,(PARAMETER_VALUE(0.E0)),(PARAMETER_VALUE(1.E0)),
.T.,.UNSPECIFIED.);
#8812=COMPOSITE_CURVE_SEGMENT(.CONTINUOUS.,.T.,#8811);
#8813=COMPOSITE_CURVE('',(#8794,#8800,#8806,#8812),.F.);
#8818=TRIMMED_CURVE('',#8817,(PARAMETER_VALUE(0.E0)),(PARAMETER_VALUE(1.E0)),
.T.,.UNSPECIFIED.);
#8819=COMPOSITE_CURVE_SEGMENT(.CONTINUOUS.,.T.,#8818);
#8824=TRIMMED_CURVE('',#8823,(PARAMETER_VALUE(0.E0)),(PARAMETER_VALUE(1.E0)),
.T.,.UNSPECIFIED.);
#8825=COMPOSITE_CURVE_SEGMENT(.CONTINUOUS.,.T.,#8824);
#8830=TRIMMED_CURVE('',#8829,(PARAMETER_VALUE(0.E0)),(PARAMETER_VALUE(1.E0)),
.T.,.UNSPECIFIED.);
#8831=COMPOSITE_CURVE_SEGMENT(.CONTINUOUS.,.T.,#8830);
#8836=TRIMMED_CURVE('',#8835,(PARAMETER_VALUE(0.E0)),(PARAMETER_VALUE(1.E0)),
.T.,.UNSPECIFIED.);
#8837=COMPOSITE_CURVE_SEGMENT(.CONTINUOUS.,.T.,#8836);
#8838=COMPOSITE_CURVE('',(#8819,#8825,#8831,#8837),.F.);
#8843=TRIMMED_CURVE('',#8842,(PARAMETER_VALUE(0.E0)),(PARAMETER_VALUE(1.E0)),
.T.,.UNSPECIFIED.);
#8844=COMPOSITE_CURVE_SEGMENT(.CONTINUOUS.,.T.,#8843);
#8849=TRIMMED_CURVE('',#8848,(PARAMETER_VALUE(0.E0)),(PARAMETER_VALUE(1.E0)),
.T.,.UNSPECIFIED.);
#8850=COMPOSITE_CURVE_SEGMENT(.CONTINUOUS.,.T.,#8849);
#8855=TRIMMED_CURVE('',#8854,(PARAMETER_VALUE(0.E0)),(PARAMETER_VALUE(1.E0)),
.T.,.UNSPECIFIED.);
#8856=COMPOSITE_CURVE_SEGMENT(.CONTINUOUS.,.T.,#8855);
#8861=TRIMMED_CURVE('',#8860,(PARAMETER_VALUE(0.E0)),(PARAMETER_VALUE(1.E0)),
.T.,.UNSPECIFIED.);
#8862=COMPOSITE_CURVE_SEGMENT(.CONTINUOUS.,.T.,#8861);
#8863=COMPOSITE_CURVE('',(#8844,#8850,#8856,#8862),.F.);
#8864=(LENGTH_UNIT()NAMED_UNIT(*)SI_UNIT(.MILLI.,.METRE.));
#8866=(NAMED_UNIT(*)PLANE_ANGLE_UNIT()SI_UNIT($,.RADIAN.));
#8869=(NAMED_UNIT(*)SI_UNIT($,.STERADIAN.)SOLID_ANGLE_UNIT());
#8872=ADVANCED_BREP_SHAPE_REPRESENTATION('',(#8158),#8871);
#8873=GEOMETRICALLY_BOUNDED_SURFACE_SHAPE_REPRESENTATION('',(#8188),#8871);
#8874=SHAPE_REPRESENTATION('',(#8162),#8871);
#8883=PRODUCT_DEFINITION('design','',#8882,#8879);
#8884=PRODUCT_DEFINITION_SHAPE('','SHAPE FOR 5037762410.',#8883);
#8885=SHAPE_DEFINITION_REPRESENTATION(#8884,#8874);
ENDSEC;
END-ISO-10303-21;
