#VRML V2.0 utf8
# 3D model generated by easyeda2kicad.py (https://github.com/uPesy/easyeda2kicad.py)

Shape{
    appearance Appearance {
        material  Material 	{
            diffuseColor 0.25098039215686274 0.25098039215686274 0.25098039215686274
            specularColor 0.12549019607843137 0.12549019607843137 0.12549019607843137
            ambientIntensity 0.251
            transparency 0.0
            shininess 0.5
        }
    }
    geometry IndexedFaceSet {
        ccw TRUE
        solid FALSE
        coord DEF co Coordinate {
            point [
                0.1023 0.0869 0.0079, 0.1217 0.0847 0.0079, 0.0597 -0.0609 0.0079, -0.0831 0.0845 0.0079, -0.0086 0.0845 0.0079, -0.0086 0.0197 0.0079, -0.0783 0.0197 0.0079, -0.0783 -0.0019 0.0079, -0.1071 -0.092 0.0079, 0.1695 -0.074 0.0079, 0.1843 -0.0584 0.0079, 0.2194 -0.0908 0.0079, 0.1219 -0.092 0.0079, 0.3202 -0.0908 0.0079, 0.0784 0.0838 0.0079, 0.0562 -0.059 0.0079, 0.0562 0.0743 0.0079, -0.0831 0.1061 0.0079, -0.1071 0.3347 0.0079, 0.0178 0.1061 0.0079, 1.3386 0.3347 0.0079, 0.3202 0.1061 0.0079, 0.2938 0.1061 0.0079, 0.1922 0.0543 0.0079, 0.1807 0.0727 0.0079, 0.1629 0.0898 0.0079, 0.1442 0.1005 0.0079, 0.2194 -0.0692 0.0079, 0.1948 -0.0397 0.0079, 0.2938 -0.0692 0.0079, 0.1222 0.1069 0.0079, 0.1025 0.1085 0.0079, 0.0789 0.1069 0.0079, 0.0562 0.1007 0.0079, 0.0178 -0.0908 0.0079, 0.0562 -0.0806 0.0079, 0.1346 -0.0906 0.0079, 0.1537 -0.0841 0.0079, 0.1364 0.0794 0.0079, 0.15 0.0703 0.0079, 0.1619 0.0572 0.0079, 0.1762 0.0056 0.0079, 0.1742 -0.0157 0.0079, 0.1689 -0.0327 0.0079, 0.1251 -0.0695 0.0079, 0.1067 -0.0716 0.0079, 0.1394 -0.0642 0.0079, 0.1515 -0.0561 0.0079, 0.1607 -0.0463 0.0079, 0.0806 -0.0687 0.0079, 0.2007 -0.0188 0.0079, 0.2026 0.004 0.0079, 0.1998 0.0319 0.0079, 0.17 0.042 0.0079, 0.1753 0.0209 0.0079, -0.0086 -0.0019 0.0079, -0.0086 -0.0692 0.0079, -0.0879 -0.0692 0.0079, -0.0879 -0.0908 0.0079, 0.0971 -0.092 0.0079, 0.105 -0.0931 0.0079, -0.1071 -0.3346 0.0079, 0.1103 -0.0932 0.0079, 1.3386 -0.092 0.0079, 1.3386 -0.3346 0.0079, -1.3386 -0.3346 0.0079, -1.3386 -0.092 0.0079, 0.0772 -0.0892 0.0079, -0.3735 0.1061 0.0079, -0.3999 0.1061 0.0079, -0.4479 -0.0908 0.0079, -0.4768 -0.0908 0.0079, -1.3386 0.3347 0.0079, -0.1798 -0.0908 0.0079, -0.1263 -0.0908 0.0079, -0.1263 0.1061 0.0079, -0.1818 0.1061 0.0079, -0.2549 0.0804 0.0079, -0.2689 0.065 0.0079, -0.278 0.048 0.0079, -0.2991 -0.0908 0.0079, -0.2749 -0.0368 0.0079, -0.2636 -0.0544 0.0079, -0.2103 0.103 0.0079, -0.2333 0.095 0.0079, -0.2547 0.0806 0.0079, -0.2474 -0.0699 0.0079, -0.2268 -0.0819 0.0079, -0.2042 -0.0886 0.0079, -0.3279 -0.0908 0.0079, -0.3467 -0.0355 0.0079, -0.428 -0.0355 0.0079, -0.2833 0.0286 0.0079, -0.2847 0.0101 0.0079, -0.2819 -0.0162 0.0079, 0.9547 -0.1456 0.2353, 0.9547 -0.1456 0.248, 0.9281 -0.1456 0.248, 0.9281 -0.1456 0.2353, 0.9547 -0.1456 0.1844, 0.9281 -0.1456 0.1844, 0.9547 -0.1456 0.0866, 0.9281 -0.1456 0.0866, 0.9016 -0.1456 0.1734, 0.9016 -0.1456 0.1201, 0.7874 -0.1456 0.0866, 0.8307 -0.1456 0.1201, 0.7874 -0.1456 0.1844, 0.8307 -0.1456 0.1734, 0.9016 -0.1456 0.1955, 0.8307 -0.1456 0.1955, 0.9016 -0.1456 0.2226, 0.8307 -0.1456 0.2226, 0.7874 -0.1456 0.2353, 0.7441 -0.1456 0.1734, 0.7441 -0.1456 0.1201, 0.6299 -0.1456 0.0866, 0.6732 -0.1456 0.1201, 0.6299 -0.1456 0.1844, 0.6732 -0.1456 0.1734, 0.7441 -0.1456 0.1955, 0.6732 -0.1456 0.1955, 0.7441 -0.1456 0.2226, 0.6732 -0.1456 0.2226, 0.6299 -0.1456 0.2353, 0.5866 -0.1456 0.1734, 0.5866 -0.1456 0.1201, 0.4724 -0.1456 0.0866, 0.5157 -0.1456 0.1201, 0.4724 -0.1456 0.1844, 0.5157 -0.1456 0.1734, 0.5866 -0.1456 0.1955, 0.5157 -0.1456 0.1955, 0.5866 -0.1456 0.2226, 0.5157 -0.1456 0.2226, 0.4724 -0.1456 0.2353, 0.4291 -0.1456 0.1734, 0.4291 -0.1456 0.1201, 0.3149 -0.1456 0.0866, 0.3582 -0.1456 0.1201, 0.3149 -0.1456 0.1844, 0.3582 -0.1456 0.1734, 0.4291 -0.1456 0.1955, 0.3582 -0.1456 0.1955, 0.4291 -0.1456 0.2226, 0.3582 -0.1456 0.2226, 0.3149 -0.1456 0.2353, 0.0433 -0.1456 0.1734, -0.0 -0.1456 0.1844, 0.0433 -0.1456 0.1201, -0.0 -0.1456 0.0866, 0.1142 -0.1456 0.1201, 0.2008 -0.1456 0.1201, 0.1142 -0.1456 0.1734, 0.2008 -0.1456 0.1734, 0.2716 -0.1456 0.1734, 0.2716 -0.1456 0.1201, 0.1142 -0.1456 0.1955, 0.2008 -0.1456 0.1955, 0.1142 -0.1456 0.2226, 0.2008 -0.1456 0.2226, 0.0433 -0.1456 0.1955, 0.0433 -0.1456 0.2226, -0.0 -0.1456 0.2353, 0.2716 -0.1456 0.2226, 0.2716 -0.1456 0.1955, -0.1575 -0.1456 0.1844, -0.1142 -0.1456 0.1734, -0.0433 -0.1456 0.1734, -0.0433 -0.1456 0.2226, -0.0433 -0.1456 0.1955, -0.1142 -0.1456 0.1955, -0.1142 -0.1456 0.1201, -0.1575 -0.1456 0.0866, -0.0433 -0.1456 0.1201, -0.1575 -0.1456 0.2353, -0.1142 -0.1456 0.2226, -0.2008 -0.1456 0.1734, -0.2008 -0.1456 0.1201, -0.315 -0.1456 0.0866, -0.2717 -0.1456 0.1201, -0.315 -0.1456 0.1844, -0.2717 -0.1456 0.1734, -0.2008 -0.1456 0.1955, -0.2717 -0.1456 0.1955, -0.2008 -0.1456 0.2226, -0.2717 -0.1456 0.2226, -0.315 -0.1456 0.2353, -0.3583 -0.1456 0.1734, -0.3583 -0.1456 0.1201, -0.4725 -0.1456 0.0866, -0.4292 -0.1456 0.1201, -0.4725 -0.1456 0.1844, -0.4292 -0.1456 0.1734, -0.3583 -0.1456 0.1955, -0.4292 -0.1456 0.1955, -0.3583 -0.1456 0.2226, -0.4292 -0.1456 0.2226, -0.4725 -0.1456 0.2353, -0.5158 -0.1456 0.1734, -0.5158 -0.1456 0.1201, -0.6299 -0.1456 0.0866, -0.5866 -0.1456 0.1201, -0.6299 -0.1456 0.1844, -0.5866 -0.1456 0.1734, -0.5158 -0.1456 0.1955, -0.5866 -0.1456 0.1955, -0.5158 -0.1456 0.2226, -0.5866 -0.1456 0.2226, -0.6299 -0.1456 0.2353, -0.6732 -0.1456 0.1734, -0.6732 -0.1456 0.1201, -0.7874 -0.1456 0.0866, -0.7441 -0.1456 0.1201, -0.7874 -0.1456 0.1844, -0.7441 -0.1456 0.1734, -0.6732 -0.1456 0.1955, -0.7441 -0.1456 0.1955, -0.6732 -0.1456 0.2226, -0.7441 -0.1456 0.2226, -0.7874 -0.1456 0.2353, -0.8307 -0.1456 0.1734, -0.8307 -0.1456 0.1201, -0.9547 -0.1456 0.0866, -0.9016 -0.1456 0.1201, -0.9547 -0.1456 0.1844, -0.9016 -0.1456 0.1734, -0.8307 -0.1456 0.1955, -0.9016 -0.1456 0.1955, -0.8307 -0.1456 0.2226, -0.9016 -0.1456 0.2226, -0.9547 -0.1456 0.2353, 0.7874 -0.1456 0.248, 0.6299 -0.1456 0.248, 0.4724 -0.1456 0.248, 0.3149 -0.1456 0.248, -0.0 -0.1456 0.248, -0.1575 -0.1456 0.248, -0.315 -0.1456 0.248, -0.4725 -0.1456 0.248, -0.6299 -0.1456 0.248, -0.7874 -0.1456 0.248, -0.9547 -0.1456 0.248, 0.9665 -0.2992 0.0472, 0.9665 -0.3287 0.0472, 1.2421 -0.3287 0.0472, -0.0433 -0.2472 0.0472, -0.0433 -0.2992 0.0472, 0.0433 -0.2992 0.0472, 0.0433 -0.2408 0.0472, 0.0433 -0.1732 0.0472, -0.0433 -0.1732 0.0472, -0.0433 -0.2408 0.0472, -0.1142 -0.2408 0.0472, -0.1142 -0.2472 0.0472, -0.1142 -0.1732 0.0472, -0.2008 -0.1732 0.0472, -0.2008 -0.2408 0.0472, 0.2008 0.2409 0.0472, 0.2716 0.2409 0.0472, 0.2716 0.2473 0.0472, 0.2716 0.1733 0.0472, 0.3582 0.1733 0.0472, 0.3582 0.2409 0.0472, 0.0433 -0.2472 0.0472, 0.1142 -0.2472 0.0472, 0.1142 -0.2408 0.0472, 0.1142 -0.2992 0.0472, 0.2008 -0.2992 0.0472, 0.2008 -0.2472 0.0472, 0.4291 0.1733 0.0472, 0.5157 0.1733 0.0472, 0.4291 0.2409 0.0472, 0.5157 0.2409 0.0472, -0.3583 -0.2992 0.0472, -0.2717 -0.2992 0.0472, -0.2717 -0.2472 0.0472, 0.1142 0.1733 0.0472, 0.2008 0.1733 0.0472, 0.1142 0.2409 0.0472, 0.2008 0.2473 0.0472, 0.6732 0.2993 0.0472, 0.5866 0.2993 0.0472, 0.5866 0.2473 0.0472, 0.9665 0.2993 0.0472, 0.9016 0.2993 0.0472, 0.9016 0.2473 0.0472, 1.2421 0.3288 0.0472, 0.9665 0.3288 0.0472, 0.2716 -0.2992 0.0472, 0.3582 -0.2992 0.0472, 0.2716 -0.2472 0.0472, 0.3582 -0.2472 0.0472, -0.5158 -0.2992 0.0472, -0.4292 -0.2992 0.0472, -0.4292 -0.2472 0.0472, 0.4291 0.2473 0.0472, 0.3582 0.2473 0.0472, 0.3582 0.2993 0.0472, 0.2716 0.2993 0.0472, -0.3583 -0.2472 0.0472, -0.2717 -0.2408 0.0472, -0.2008 -0.2472 0.0472, -0.2008 -0.2992 0.0472, -0.1142 -0.2992 0.0472, -0.5866 -0.1732 0.0472, -0.6732 -0.1732 0.0472, -0.5866 -0.2408 0.0472, -0.6732 -0.2408 0.0472, 0.6732 0.2473 0.0472, 0.5866 0.2409 0.0472, 0.5157 0.2473 0.0472, 0.5157 0.2993 0.0472, 0.4291 0.2993 0.0472, 0.8307 0.2993 0.0472, 0.7441 0.2993 0.0472, 0.8307 0.2473 0.0472, 0.7441 0.2473 0.0472, 1.0194 -0.1236 0.0472, 1.0127 -0.1397 0.0472, 0.2716 -0.2408 0.0472, 0.2008 -0.2408 0.0472, 0.2008 -0.1732 0.0472, 0.1142 -0.1732 0.0472, 0.4291 -0.2992 0.0472, 0.5157 -0.2992 0.0472, 0.4291 -0.2472 0.0472, 0.5157 -0.2472 0.0472, -0.2717 -0.1732 0.0472, -0.3583 -0.1732 0.0472, -0.3583 -0.2408 0.0472, -0.5158 -0.2472 0.0472, -0.4292 -0.2408 0.0472, 1.002 0.1537 0.0472, 1.0127 0.1398 0.0472, -0.4292 -0.1732 0.0472, -0.5158 -0.1732 0.0472, -0.5158 -0.2408 0.0472, -0.5866 -0.2472 0.0472, -0.7441 -0.1732 0.0472, -0.8307 -0.1732 0.0472, -0.7441 -0.2408 0.0472, -0.8307 -0.2408 0.0472, 0.8307 0.2409 0.0472, 0.9016 0.2409 0.0472, 0.9016 0.1733 0.0472, 0.4291 -0.2408 0.0472, 0.3582 -0.2408 0.0472, 0.3582 -0.1732 0.0472, 0.2716 -0.1732 0.0472, 0.5866 -0.2992 0.0472, 0.6732 -0.2992 0.0472, 0.5866 -0.2472 0.0472, 0.6732 -0.2472 0.0472, 0.5866 0.1733 0.0472, 0.6732 0.1733 0.0472, 0.6732 0.2409 0.0472, 0.9547 0.1733 0.0472, 0.972 0.171 0.0472, 0.9882 0.1643 0.0472, -0.7441 -0.2472 0.0472, -0.6732 -0.2472 0.0472, -0.6732 -0.2992 0.0472, -0.5866 -0.2992 0.0472, -0.9666 -0.2992 0.0472, -0.9016 -0.2992 0.0472, -0.9016 -0.2472 0.0472, 0.7441 0.2409 0.0472, 0.7441 0.1733 0.0472, 0.8307 0.1733 0.0472, 1.0194 0.1237 0.0472, 1.0216 0.1063 0.0472, 1.0216 -0.1062 0.0472, 1.002 -0.1536 0.0472, 0.9882 -0.1642 0.0472, 0.9016 -0.1732 0.0472, 0.9016 -0.2408 0.0472, 0.9547 -0.1732 0.0472, 0.972 -0.1709 0.0472, 0.5866 -0.2408 0.0472, 0.5157 -0.2408 0.0472, 0.5157 -0.1732 0.0472, 0.4291 -0.1732 0.0472, 0.8307 -0.1732 0.0472, 0.7441 -0.1732 0.0472, 0.7441 -0.2408 0.0472, -0.7441 0.2993 0.0472, -0.8307 0.2993 0.0472, -0.8307 0.2473 0.0472, -0.5866 0.2993 0.0472, -0.6732 0.2993 0.0472, -0.6732 0.2473 0.0472, 0.8307 -0.2408 0.0472, 0.7441 -0.2472 0.0472, 0.6732 -0.2408 0.0472, 0.6732 -0.1732 0.0472, 0.5866 -0.1732 0.0472, 0.7441 -0.2992 0.0472, 0.8307 -0.2992 0.0472, 0.8307 -0.2472 0.0472, 0.9016 -0.2992 0.0472, 0.9016 -0.2472 0.0472, -0.7441 0.2473 0.0472, -0.8307 0.2409 0.0472, -0.9016 0.2409 0.0472, -0.9016 0.2473 0.0472, -1.2421 -0.3287 0.0472, -0.9666 -0.3287 0.0472, -0.4292 0.2993 0.0472, -0.5158 0.2993 0.0472, -0.5158 0.2473 0.0472, -1.0021 0.1537 0.0472, -0.9882 0.1643 0.0472, -0.8307 0.1733 0.0472, -0.7441 0.1733 0.0472, -0.7441 0.2409 0.0472, -0.5866 0.2473 0.0472, -0.6732 0.2409 0.0472, -0.2717 0.2993 0.0472, -0.3583 0.2993 0.0472, -0.3583 0.2473 0.0472, -0.9721 0.171 0.0472, -0.9547 0.1733 0.0472, -0.9016 0.1733 0.0472, -0.6732 0.1733 0.0472, -0.5866 0.1733 0.0472, -0.5866 0.2409 0.0472, -0.4292 0.2473 0.0472, -0.5158 0.2409 0.0472, -0.1142 0.2993 0.0472, -0.2008 0.2993 0.0472, -0.2008 0.2473 0.0472, -1.0194 -0.1236 0.0472, -1.0127 -0.1397 0.0472, -1.0021 -0.1536 0.0472, -0.5158 0.1733 0.0472, -0.4292 0.1733 0.0472, -0.4292 0.2409 0.0472, -0.2717 0.2473 0.0472, -0.3583 0.2409 0.0472, 0.0433 0.2993 0.0472, -0.0433 0.2993 0.0472, -0.0433 0.2473 0.0472, 0.2008 0.2993 0.0472, 0.1142 0.2993 0.0472, 0.1142 0.2473 0.0472, -0.7441 -0.2992 0.0472, -0.8307 -0.2992 0.0472, -0.8307 -0.2472 0.0472, -0.9016 -0.2408 0.0472, -0.9016 -0.1732 0.0472, -0.9666 0.3288 0.0472, -1.2421 0.3288 0.0472, -0.9666 0.2993 0.0472, -1.0194 0.1237 0.0472, -0.9016 0.2993 0.0472, -1.0127 0.1398 0.0472, -0.3583 0.1733 0.0472, -0.2717 0.1733 0.0472, -0.2717 0.2409 0.0472, -0.1142 0.2473 0.0472, -0.2008 0.2409 0.0472, -0.9547 -0.1732 0.0472, -0.9721 -0.1709 0.0472, -0.9882 -0.1642 0.0472, -1.0217 -0.1062 0.0472, -1.0217 0.1063 0.0472, -0.2008 0.1733 0.0472, -0.1142 0.1733 0.0472, -0.1142 0.2409 0.0472, 0.0433 0.2473 0.0472, -0.0433 0.2409 0.0472, -0.0433 0.1733 0.0472, 0.0433 0.1733 0.0472, 0.0433 0.2409 0.0472, 0.9665 -0.2992 0.2402, 0.9016 -0.2992 0.2282, 0.8307 -0.2992 0.2282, 0.6732 -0.2992 0.2282, 0.5866 -0.2992 0.2282, 0.0433 -0.2992 0.2282, -0.0433 -0.2992 0.2282, -0.1142 -0.2992 0.2282, -0.9666 -0.2992 0.2402, -0.2717 -0.2992 0.2282, 0.7441 -0.2992 0.2282, 0.5157 -0.2992 0.2282, 0.4291 -0.2992 0.2282, 0.3582 -0.2992 0.2282, -0.3583 -0.2992 0.2282, -0.4292 -0.2992 0.2282, 0.2716 -0.2992 0.2282, 0.2008 -0.2992 0.2282, -0.2008 -0.2992 0.2282, -0.5866 -0.2992 0.2282, -0.6732 -0.2992 0.2282, -0.7441 -0.2992 0.2282, 0.1142 -0.2992 0.2282, -0.5158 -0.2992 0.2282, -0.9016 -0.2992 0.2282, -0.8307 -0.2992 0.2282, 0.9016 -0.1699 0.0519, 0.9547 -0.1732 0.0472, -0.9547 -0.1732 0.0472, -0.9016 -0.1699 0.0519, -0.7441 -0.1699 0.0519, 0.1142 -0.1699 0.0519, 0.0433 -0.1699 0.0519, 0.3582 -0.1699 0.0519, -0.8307 -0.1699 0.0519, -0.5866 -0.1699 0.0519, -0.1142 -0.1699 0.0519, -0.0433 -0.1699 0.0519, 0.2008 -0.1699 0.0519, 0.2716 -0.1699 0.0519, 0.5157 -0.1699 0.0519, -0.6732 -0.1699 0.0519, -0.4292 -0.1699 0.0519, -0.2717 -0.1699 0.0519, -0.2008 -0.1699 0.0519, 0.4291 -0.1699 0.0519, 0.6732 -0.1699 0.0519, -0.5158 -0.1699 0.0519, -0.3583 -0.1699 0.0519, 0.5866 -0.1699 0.0519, 0.8307 -0.1699 0.0519, 0.7441 -0.1699 0.0519, 0.9016 0.1457 0.1201, 0.9016 0.1457 0.1734, 0.9547 0.1457 0.1844, -0.9282 0.1457 0.0866, -0.9547 0.1457 0.0866, -0.9547 0.1457 0.1033, 0.9547 0.1457 0.1033, 0.9547 0.1457 0.0866, 0.7874 0.1457 0.1033, 0.7874 0.1457 0.0866, 0.6299 0.1457 0.1033, 0.6299 0.1457 0.0866, 0.4724 0.1457 0.1033, 0.4724 0.1457 0.0866, 0.3149 0.1457 0.1033, 0.3149 0.1457 0.0866, 0.1575 0.1457 0.1033, 0.1575 0.1457 0.0866, -0.0 0.1457 0.1033, -0.9282 0.1457 0.1033, -0.7874 0.1457 0.0866, -0.7874 0.1457 0.1033, -0.6299 0.1457 0.0866, -0.6299 0.1457 0.1033, -0.4725 0.1457 0.0866, -0.4725 0.1457 0.1033, -0.315 0.1457 0.0866, -0.315 0.1457 0.1033, -0.0 0.1457 0.0866, 0.7874 0.1457 0.1844, 0.8307 0.1457 0.1734, 0.8307 0.1457 0.1201, 0.7441 0.1457 0.1734, 0.7441 0.1457 0.1201, 0.6732 0.1457 0.1201, 0.6732 0.1457 0.1734, 0.6299 0.1457 0.1844, 0.5157 0.1457 0.1201, 0.5157 0.1457 0.1734, 0.4724 0.1457 0.1844, 0.5866 0.1457 0.1734, 0.5866 0.1457 0.1201, 0.3582 0.1457 0.1201, 0.3582 0.1457 0.1734, 0.3149 0.1457 0.1844, 0.4291 0.1457 0.1734, 0.4291 0.1457 0.1201, 0.2716 0.1457 0.1734, 0.2716 0.1457 0.1201, 0.2008 0.1457 0.1201, 0.2008 0.1457 0.1734, 0.1575 0.1457 0.1844, 0.1142 0.1457 0.1734, 0.1142 0.1457 0.1201, 0.0433 0.1457 0.1201, 0.0433 0.1457 0.1734, -0.0 0.1457 0.1844, -0.2717 0.1457 0.1201, -0.2717 0.1457 0.1734, -0.315 0.1457 0.1844, -0.2008 0.1457 0.1734, -0.2008 0.1457 0.1201, -0.1142 0.1457 0.1734, -0.1142 0.1457 0.1201, -0.0433 0.1457 0.1201, -0.0433 0.1457 0.1734, -0.3583 0.1457 0.1734, -0.3583 0.1457 0.1201, -0.4292 0.1457 0.1201, -0.4292 0.1457 0.1734, -0.4725 0.1457 0.1844, -0.5158 0.1457 0.1734, -0.5158 0.1457 0.1201, -0.5866 0.1457 0.1201, -0.5866 0.1457 0.1734, -0.6299 0.1457 0.1844, -0.6732 0.1457 0.1734, -0.6732 0.1457 0.1201, -0.7441 0.1457 0.1201, -0.7441 0.1457 0.1734, -0.7874 0.1457 0.1844, -0.8307 0.1457 0.1734, -0.8307 0.1457 0.1201, -0.9016 0.1457 0.1201, -0.9016 0.1457 0.1734, -0.9282 0.1457 0.1844, 0.8307 0.1457 0.1955, 0.9016 0.1457 0.1955, 0.8307 0.1457 0.2226, 0.7874 0.1457 0.248, 0.9016 0.1457 0.2226, 0.9547 0.1457 0.248, 0.6732 0.1457 0.1955, 0.7441 0.1457 0.1955, 0.6732 0.1457 0.2226, 0.6299 0.1457 0.248, 0.7441 0.1457 0.2226, 0.5866 0.1457 0.1955, 0.5157 0.1457 0.1955, 0.5157 0.1457 0.2226, 0.4724 0.1457 0.248, 0.5866 0.1457 0.2226, 0.4291 0.1457 0.1955, 0.3582 0.1457 0.1955, 0.3582 0.1457 0.2226, 0.3149 0.1457 0.248, 0.4291 0.1457 0.2226, 0.2008 0.1457 0.1955, 0.2716 0.1457 0.1955, 0.2008 0.1457 0.2226, 0.1575 0.1457 0.248, 0.2716 0.1457 0.2226, 0.0433 0.1457 0.1955, 0.1142 0.1457 0.1955, 0.0433 0.1457 0.2226, -0.0 0.1457 0.248, 0.1142 0.1457 0.2226, -0.2717 0.1457 0.1955, -0.2717 0.1457 0.2226, -0.315 0.1457 0.248, -0.2008 0.1457 0.2226, -0.1142 0.1457 0.2226, -0.2008 0.1457 0.1955, -0.1142 0.1457 0.1955, -0.0433 0.1457 0.1955, -0.0433 0.1457 0.2226, -0.4292 0.1457 0.1955, -0.3583 0.1457 0.1955, -0.4292 0.1457 0.2226, -0.4725 0.1457 0.248, -0.3583 0.1457 0.2226, -0.5866 0.1457 0.1955, -0.5158 0.1457 0.1955, -0.5866 0.1457 0.2226, -0.6299 0.1457 0.248, -0.5158 0.1457 0.2226, -0.7441 0.1457 0.1955, -0.6732 0.1457 0.1955, -0.7441 0.1457 0.2226, -0.7874 0.1457 0.248, -0.6732 0.1457 0.2226, -0.8307 0.1457 0.1955, -0.8307 0.1457 0.2226, -0.9282 0.1457 0.248, -0.9016 0.1457 0.2226, -0.9016 0.1457 0.1955, -0.9547 0.1457 0.1844, -0.9547 0.1457 0.248, -0.9666 0.2993 0.2402, -0.8307 0.2993 0.2282, -0.7441 0.2993 0.2282, -0.0433 0.2993 0.2282, -0.9016 0.2993 0.2282, 0.9665 0.2993 0.2402, -0.6732 0.2993 0.2282, -0.5866 0.2993 0.2282, -0.5158 0.2993 0.2282, 0.2716 0.2993 0.2282, -0.4292 0.2993 0.2282, -0.3583 0.2993 0.2282, 0.0433 0.2993 0.2282, 0.1142 0.2993 0.2282, 0.3582 0.2993 0.2282, 0.4291 0.2993 0.2282, 0.2008 0.2993 0.2282, -0.2717 0.2993 0.2282, -0.2008 0.2993 0.2282, -0.1142 0.2993 0.2282, 0.5866 0.2993 0.2282, 0.6732 0.2993 0.2282, 0.7441 0.2993 0.2282, 0.5157 0.2993 0.2282, 0.9016 0.2993 0.2282, 0.8307 0.2993 0.2282, -0.9016 0.17 0.0519, -0.9547 0.1733 0.0472, 0.6732 0.17 0.0519, 0.7441 0.17 0.0519, 0.3582 0.17 0.0519, 0.4291 0.17 0.0519, 0.8307 0.17 0.0519, 0.9016 0.17 0.0519, 0.9547 0.1733 0.0472, 0.5157 0.17 0.0519, 0.5866 0.17 0.0519, 0.2008 0.17 0.0519, 0.2716 0.17 0.0519, -0.0433 0.17 0.0519, -0.1142 0.17 0.0519, -0.2008 0.17 0.0519, -0.2717 0.17 0.0519, 0.0433 0.17 0.0519, 0.1142 0.17 0.0519, -0.4292 0.17 0.0519, -0.3583 0.17 0.0519, -0.7441 0.17 0.0519, -0.6732 0.17 0.0519, -0.5866 0.17 0.0519, -0.5158 0.17 0.0519, -0.8307 0.17 0.0519, 0.3149 0.3544 0.0551, 0.1575 0.3544 0.0551, 0.1575 0.3642 0.0551, 0.4724 0.3544 0.0551, 0.3149 0.3642 0.0551, 1.2519 0.4804 0.0551, 1.3976 0.4804 0.0551, 1.2519 0.3898 0.0551, 1.3976 0.3642 0.0551, 1.0827 0.3898 0.0551, 0.7874 0.3642 0.0551, 0.8937 0.3741 0.0551, 1.0827 0.4804 0.0551, 0.8937 0.4056 0.0551, 0.7874 0.4804 0.0551, 0.8386 0.4056 0.0551, 0.8386 0.3741 0.0551, -1.0827 0.3898 0.0551, -0.7874 0.3642 0.0551, -1.1457 0.3642 0.0551, -0.8386 0.3741 0.0551, -0.8937 0.3741 0.0551, -0.8937 0.4056 0.0551, -1.0827 0.4804 0.0551, -0.8386 0.4056 0.0551, -0.7874 0.4804 0.0551, -1.3977 0.4804 0.0551, -1.252 0.4804 0.0551, -1.3977 0.3642 0.0551, -1.252 0.3898 0.0551, -1.1457 0.3898 0.0551, 0.4724 0.3642 0.0551, 0.6299 0.3544 0.0551, 0.6299 0.3642 0.0551, 0.7874 0.3544 0.0551, 1.3976 0.3544 0.0551, -0.0 0.3642 0.0551, -1.3977 0.3544 0.0551, -1.1457 0.3544 0.0551, -0.7874 0.3544 0.0551, -0.6299 0.3544 0.0551, -0.6299 0.3642 0.0551, -0.4725 0.3544 0.0551, -0.4725 0.3642 0.0551, -0.315 0.3544 0.0551, -0.315 0.3642 0.0551, -0.0 0.3544 0.0551, 0.6811 0.3741 0.0551, 0.6811 0.4056 0.0551, 0.6299 0.4804 0.0551, 0.7362 0.4056 0.0551, 0.7362 0.3741 0.0551, 0.5236 0.3741 0.0551, 0.5236 0.4056 0.0551, 0.4724 0.4804 0.0551, 0.5787 0.4056 0.0551, 0.5787 0.3741 0.0551, 0.4212 0.3741 0.0551, 0.4212 0.4056 0.0551, 0.3149 0.4804 0.0551, 0.3661 0.4056 0.0551, 0.3661 0.3741 0.0551, 0.2638 0.3741 0.0551, 0.2638 0.4056 0.0551, 0.1575 0.4804 0.0551, 0.2086 0.4056 0.0551, 0.2086 0.3741 0.0551, 0.0512 0.3741 0.0551, 0.0512 0.4056 0.0551, -0.0 0.4804 0.0551, 0.1063 0.4056 0.0551, 0.1063 0.3741 0.0551, -0.2638 0.3741 0.0551, -0.2638 0.4056 0.0551, -0.315 0.4804 0.0551, -0.2087 0.4056 0.0551, -0.2087 0.3741 0.0551, -0.1063 0.4056 0.0551, -0.1063 0.3741 0.0551, -0.0512 0.3741 0.0551, -0.0512 0.4056 0.0551, -0.4213 0.3741 0.0551, -0.4213 0.4056 0.0551, -0.4725 0.4804 0.0551, -0.3662 0.4056 0.0551, -0.3662 0.3741 0.0551, -0.5788 0.3741 0.0551, -0.5788 0.4056 0.0551, -0.6299 0.4804 0.0551, -0.5236 0.4056 0.0551, -0.5236 0.3741 0.0551, -0.7362 0.3741 0.0551, -0.7362 0.4056 0.0551, -0.6811 0.4056 0.0551, -0.6811 0.3741 0.0551, 1.3976 -0.4803 0.0551, 1.2519 -0.4803 0.0551, 1.2519 -0.4429 0.0551, 1.0827 -0.3897 0.0551, 1.0827 -0.4429 0.0551, 0.7874 -0.4429 0.0551, 1.3976 -0.3543 0.0551, 0.8937 -0.374 0.0551, 0.7874 -0.3543 0.0551, 0.8386 -0.374 0.0551, 0.8386 -0.4055 0.0551, 0.8937 -0.4055 0.0551, 1.2519 -0.3897 0.0551, 1.3976 -0.4429 0.0551, -1.3977 -0.4803 0.0551, -1.3977 -0.4429 0.0551, -1.252 -0.4803 0.0551, -1.252 -0.4429 0.0551, -1.0827 -0.3897 0.0551, -1.1457 -0.3897 0.0551, -1.1457 -0.3543 0.0551, -1.252 -0.3897 0.0551, -1.3977 -0.3543 0.0551, -0.7874 -0.3543 0.0551, -0.8937 -0.374 0.0551, -1.0827 -0.4429 0.0551, -0.8937 -0.4055 0.0551, -0.7874 -0.4429 0.0551, -0.8386 -0.4055 0.0551, -0.8386 -0.374 0.0551, 1.0827 -0.4803 0.0551, 0.7874 -0.4803 0.0551, 0.6299 -0.4429 0.0551, 0.6299 -0.4803 0.0551, 0.4724 -0.4429 0.0551, 0.4724 -0.4803 0.0551, 0.3149 -0.4429 0.0551, 0.3149 -0.4803 0.0551, 0.1575 -0.4429 0.0551, 0.1575 -0.4803 0.0551, -0.0 -0.4429 0.0551, -1.0827 -0.4803 0.0551, -0.7874 -0.4803 0.0551, -0.6299 -0.4803 0.0551, -0.6299 -0.4429 0.0551, -0.4725 -0.4803 0.0551, -0.4725 -0.4429 0.0551, -0.315 -0.4803 0.0551, -0.315 -0.4429 0.0551, -0.0 -0.4803 0.0551, 0.6811 -0.4055 0.0551, 0.6811 -0.374 0.0551, 0.6299 -0.3543 0.0551, 0.7362 -0.374 0.0551, 0.7362 -0.4055 0.0551, 0.5236 -0.4055 0.0551, 0.5236 -0.374 0.0551, 0.4724 -0.3543 0.0551, 0.5787 -0.374 0.0551, 0.5787 -0.4055 0.0551, 0.3661 -0.4055 0.0551, 0.3661 -0.374 0.0551, 0.3149 -0.3543 0.0551, 0.4212 -0.374 0.0551, 0.4212 -0.4055 0.0551, 0.2086 -0.4055 0.0551, 0.2086 -0.374 0.0551, 0.1575 -0.3543 0.0551, 0.2638 -0.374 0.0551, 0.2638 -0.4055 0.0551, 0.0512 -0.4055 0.0551, 0.0512 -0.374 0.0551, -0.0 -0.3543 0.0551, 0.1063 -0.374 0.0551, 0.1063 -0.4055 0.0551, -0.2638 -0.4055 0.0551, -0.2638 -0.374 0.0551, -0.315 -0.3543 0.0551, -0.2087 -0.374 0.0551, -0.2087 -0.4055 0.0551, -0.1063 -0.374 0.0551, -0.1063 -0.4055 0.0551, -0.0512 -0.4055 0.0551, -0.0512 -0.374 0.0551, -0.4213 -0.4055 0.0551, -0.4213 -0.374 0.0551, -0.4725 -0.3543 0.0551, -0.3662 -0.374 0.0551, -0.3662 -0.4055 0.0551, -0.5788 -0.4055 0.0551, -0.5788 -0.374 0.0551, -0.6299 -0.3543 0.0551, -0.5236 -0.374 0.0551, -0.5236 -0.4055 0.0551, -0.7362 -0.4055 0.0551, -0.7362 -0.374 0.0551, -0.6811 -0.374 0.0551, -0.6811 -0.4055 0.0551
            ]
        }
        coordIndex [
            0,1,2,-1,3,4,5,-1,6,7,8,-1,9,10,11,-1,12,11,13,-1,0,2,14,-1,14,2,15,-1,14,15,16,-1,5,6,3,-1,3,6,8,-1,3,8,17,-1,17,8,18,-1,17,18,19,-1,19,18,20,-1,20,21,22,-1,23,24,22,-1,22,24,25,-1,22,25,26,-1,11,10,27,-1,27,10,28,-1,27,28,29,-1,26,30,22,-1,22,30,31,-1,22,31,20,-1,20,31,32,-1,20,32,19,-1,32,33,19,-1,19,33,16,-1,19,16,34,-1,34,16,15,-1,34,15,35,-1,12,36,11,-1,11,36,37,-1,11,37,9,-1,1,38,2,-1,2,38,39,-1,2,39,40,-1,41,42,2,-1,2,42,43,-1,44,45,46,-1,46,45,47,-1,43,48,2,-1,2,48,47,-1,2,47,49,-1,49,47,45,-1,28,50,29,-1,29,50,51,-1,29,51,22,-1,22,51,52,-1,22,52,23,-1,40,53,2,-1,2,53,54,-1,2,54,41,-1,55,56,7,-1,7,56,57,-1,7,57,8,-1,8,57,58,-1,8,58,34,-1,59,60,61,-1,61,60,62,-1,61,62,12,-1,21,20,13,-1,13,20,63,-1,13,63,12,-1,12,63,64,-1,12,64,61,-1,65,66,61,-1,61,66,8,-1,61,8,59,-1,59,8,34,-1,59,34,67,-1,67,34,35,-1,18,68,69,-1,70,8,71,-1,71,8,66,-1,71,66,69,-1,69,66,72,-1,69,72,18,-1,73,74,8,-1,8,74,75,-1,8,75,18,-1,18,75,76,-1,77,78,68,-1,68,78,79,-1,80,81,82,-1,76,83,18,-1,18,83,84,-1,18,84,68,-1,68,84,85,-1,68,85,77,-1,82,86,80,-1,80,86,87,-1,80,87,88,-1,88,73,80,-1,80,73,8,-1,80,8,89,-1,89,8,70,-1,89,70,90,-1,90,70,91,-1,79,92,68,-1,68,92,93,-1,68,93,80,-1,80,93,94,-1,80,94,81,-1,95,96,97,-1,95,98,99,-1,99,98,100,-1,99,100,101,-1,101,100,102,-1,100,103,102,-1,102,103,104,-1,102,104,105,-1,105,104,106,-1,105,106,107,-1,107,106,108,-1,100,109,110,-1,109,100,111,-1,111,100,98,-1,111,98,112,-1,112,98,113,-1,112,113,110,-1,110,113,107,-1,110,107,100,-1,100,107,108,-1,100,108,103,-1,107,114,105,-1,105,114,115,-1,105,115,116,-1,116,115,117,-1,116,117,118,-1,118,117,119,-1,107,120,121,-1,120,107,122,-1,122,107,113,-1,122,113,123,-1,123,113,124,-1,123,124,121,-1,121,124,118,-1,121,118,107,-1,107,118,119,-1,107,119,114,-1,118,125,116,-1,116,125,126,-1,116,126,127,-1,127,126,128,-1,127,128,129,-1,129,128,130,-1,118,131,132,-1,131,118,133,-1,133,118,124,-1,133,124,134,-1,134,124,135,-1,134,135,132,-1,132,135,129,-1,132,129,118,-1,118,129,130,-1,118,130,125,-1,129,136,127,-1,127,136,137,-1,127,137,138,-1,138,137,139,-1,138,139,140,-1,140,139,141,-1,129,142,143,-1,142,129,144,-1,144,129,135,-1,144,135,145,-1,145,135,146,-1,145,146,143,-1,143,146,140,-1,143,140,129,-1,129,140,141,-1,129,141,136,-1,147,148,149,-1,149,148,150,-1,149,150,151,-1,150,138,151,-1,151,138,152,-1,151,152,153,-1,153,152,154,-1,153,154,140,-1,140,154,155,-1,140,155,138,-1,138,155,156,-1,138,156,152,-1,147,153,148,-1,148,153,140,-1,148,140,157,-1,157,140,158,-1,157,158,159,-1,159,158,160,-1,161,162,163,-1,162,159,163,-1,163,159,160,-1,163,160,146,-1,146,160,164,-1,146,164,140,-1,140,164,165,-1,140,165,158,-1,166,167,168,-1,169,170,148,-1,148,170,171,-1,167,166,172,-1,172,166,173,-1,172,173,174,-1,174,173,150,-1,174,150,168,-1,168,150,148,-1,168,148,166,-1,166,148,171,-1,166,171,175,-1,171,176,175,-1,175,176,169,-1,175,169,163,-1,163,169,148,-1,163,148,161,-1,161,148,157,-1,166,177,173,-1,173,177,178,-1,173,178,179,-1,179,178,180,-1,179,180,181,-1,181,180,182,-1,166,183,184,-1,183,166,185,-1,185,166,175,-1,185,175,186,-1,186,175,187,-1,186,187,184,-1,184,187,181,-1,184,181,166,-1,166,181,182,-1,166,182,177,-1,181,188,179,-1,179,188,189,-1,179,189,190,-1,190,189,191,-1,190,191,192,-1,192,191,193,-1,181,194,195,-1,194,181,196,-1,196,181,187,-1,196,187,197,-1,197,187,198,-1,197,198,195,-1,195,198,192,-1,195,192,181,-1,181,192,193,-1,181,193,188,-1,192,199,190,-1,190,199,200,-1,190,200,201,-1,201,200,202,-1,201,202,203,-1,203,202,204,-1,192,205,206,-1,205,192,207,-1,207,192,198,-1,207,198,208,-1,208,198,209,-1,208,209,206,-1,206,209,203,-1,206,203,192,-1,192,203,204,-1,192,204,199,-1,203,210,201,-1,201,210,211,-1,201,211,212,-1,212,211,213,-1,212,213,214,-1,214,213,215,-1,203,216,217,-1,216,203,218,-1,218,203,209,-1,218,209,219,-1,219,209,220,-1,219,220,217,-1,217,220,214,-1,217,214,203,-1,203,214,215,-1,203,215,210,-1,214,221,212,-1,212,221,222,-1,212,222,223,-1,223,222,224,-1,223,224,225,-1,225,224,226,-1,214,227,228,-1,227,214,229,-1,229,214,220,-1,229,220,230,-1,230,220,231,-1,230,231,228,-1,228,231,225,-1,228,225,214,-1,214,225,226,-1,214,226,221,-1,95,97,98,-1,98,97,232,-1,98,232,113,-1,113,232,233,-1,113,233,124,-1,124,233,234,-1,124,234,135,-1,135,234,235,-1,135,235,146,-1,146,235,236,-1,146,236,163,-1,163,236,237,-1,163,237,175,-1,175,237,238,-1,175,238,187,-1,187,238,239,-1,187,239,198,-1,198,239,240,-1,198,240,209,-1,209,240,241,-1,209,241,220,-1,220,241,242,-1,220,242,231,-1,243,244,245,-1,246,247,248,-1,249,250,251,-1,252,253,254,-1,255,256,253,-1,253,256,257,-1,258,259,260,-1,261,262,259,-1,259,262,263,-1,264,265,266,-1,267,268,265,-1,265,268,269,-1,270,271,272,-1,272,271,273,-1,266,249,264,-1,264,249,251,-1,264,251,248,-1,248,251,252,-1,248,252,246,-1,246,252,254,-1,274,275,276,-1,277,278,279,-1,279,278,258,-1,279,258,280,-1,280,258,260,-1,281,282,283,-1,284,285,286,-1,287,288,284,-1,289,290,291,-1,291,290,292,-1,293,294,295,-1,272,296,263,-1,263,296,297,-1,263,297,259,-1,259,297,298,-1,259,298,260,-1,260,298,299,-1,300,274,301,-1,301,274,276,-1,301,276,257,-1,257,276,302,-1,257,302,253,-1,253,302,303,-1,253,303,254,-1,254,303,304,-1,305,306,307,-1,307,306,308,-1,309,281,310,-1,310,281,283,-1,310,283,273,-1,273,283,311,-1,273,311,272,-1,272,311,312,-1,272,312,296,-1,296,312,313,-1,314,315,316,-1,316,315,317,-1,318,319,245,-1,291,320,269,-1,269,320,321,-1,269,321,265,-1,265,321,322,-1,265,322,266,-1,266,322,323,-1,324,325,326,-1,326,325,327,-1,328,329,330,-1,331,293,332,-1,332,293,295,-1,332,295,330,-1,330,295,300,-1,330,300,328,-1,328,300,301,-1,287,333,334,-1,335,336,337,-1,307,338,337,-1,337,338,331,-1,337,331,335,-1,335,331,332,-1,339,340,341,-1,341,340,342,-1,316,343,286,-1,286,343,344,-1,286,344,284,-1,284,344,345,-1,326,346,292,-1,292,346,347,-1,292,347,291,-1,291,347,348,-1,291,348,320,-1,320,348,349,-1,350,351,352,-1,352,351,353,-1,354,355,356,-1,345,357,284,-1,284,357,358,-1,284,358,287,-1,287,358,359,-1,287,359,333,-1,341,360,308,-1,308,360,361,-1,308,361,307,-1,307,361,362,-1,307,362,338,-1,338,362,363,-1,364,365,366,-1,310,354,309,-1,309,354,356,-1,309,356,317,-1,317,356,367,-1,317,367,316,-1,316,367,368,-1,316,368,343,-1,343,368,369,-1,334,370,287,-1,287,370,371,-1,287,371,245,-1,245,371,372,-1,245,372,318,-1,319,373,245,-1,245,373,374,-1,245,374,243,-1,375,376,377,-1,377,376,243,-1,377,243,378,-1,378,243,374,-1,352,379,327,-1,327,379,380,-1,327,380,326,-1,326,380,381,-1,326,381,346,-1,346,381,382,-1,383,384,385,-1,386,387,388,-1,389,390,391,-1,392,383,393,-1,393,383,385,-1,393,385,353,-1,353,385,394,-1,353,394,352,-1,352,394,395,-1,352,395,379,-1,379,395,396,-1,397,398,399,-1,400,243,401,-1,401,243,376,-1,401,376,399,-1,399,376,392,-1,399,392,397,-1,397,392,393,-1,402,386,403,-1,403,386,388,-1,403,388,404,-1,404,388,405,-1,406,407,364,-1,408,409,410,-1,405,411,412,-1,413,414,415,-1,416,389,417,-1,417,389,391,-1,417,391,415,-1,415,391,402,-1,415,402,413,-1,413,402,403,-1,418,419,420,-1,412,421,405,-1,405,421,422,-1,405,422,404,-1,404,422,423,-1,424,425,426,-1,427,408,428,-1,428,408,410,-1,428,410,426,-1,426,410,416,-1,426,416,424,-1,424,416,417,-1,429,430,431,-1,432,406,433,-1,433,406,434,-1,435,436,437,-1,438,418,439,-1,439,418,420,-1,439,420,437,-1,437,420,427,-1,437,427,435,-1,435,427,428,-1,440,441,442,-1,443,444,445,-1,446,360,447,-1,447,360,341,-1,447,341,448,-1,448,341,342,-1,448,342,366,-1,366,342,449,-1,366,449,364,-1,364,449,450,-1,451,452,453,-1,453,452,406,-1,453,406,454,-1,405,455,411,-1,411,455,453,-1,411,453,456,-1,456,453,454,-1,457,458,459,-1,460,429,461,-1,461,429,431,-1,461,431,459,-1,459,431,438,-1,459,438,457,-1,457,438,439,-1,450,462,364,-1,364,462,463,-1,364,463,406,-1,406,463,464,-1,406,464,434,-1,432,465,406,-1,406,465,466,-1,406,466,454,-1,467,468,469,-1,470,440,471,-1,471,440,442,-1,471,442,469,-1,469,442,460,-1,469,460,467,-1,467,460,461,-1,472,473,474,-1,280,443,279,-1,279,443,445,-1,279,445,474,-1,474,445,470,-1,474,470,472,-1,472,470,471,-1,243,400,475,-1,475,400,476,-1,475,476,477,-1,351,350,478,-1,478,350,479,-1,480,248,247,-1,481,482,483,-1,484,275,274,-1,398,397,477,-1,477,397,485,-1,477,485,475,-1,475,485,478,-1,475,478,483,-1,483,478,479,-1,483,479,486,-1,325,324,486,-1,486,324,487,-1,486,487,483,-1,483,487,488,-1,489,490,483,-1,290,289,488,-1,488,289,491,-1,488,491,483,-1,483,491,492,-1,304,303,482,-1,482,303,493,-1,482,493,483,-1,483,493,484,-1,483,484,489,-1,489,484,274,-1,494,363,362,-1,495,496,483,-1,268,267,492,-1,492,267,497,-1,492,497,483,-1,483,497,480,-1,483,480,481,-1,481,480,247,-1,362,495,494,-1,494,495,483,-1,494,483,498,-1,498,483,490,-1,498,490,293,-1,293,490,294,-1,365,364,499,-1,499,364,483,-1,499,483,500,-1,500,483,496,-1,500,496,447,-1,447,496,446,-1,501,375,502,-1,503,450,223,-1,223,450,504,-1,223,504,212,-1,340,339,505,-1,138,150,506,-1,506,150,507,-1,127,138,508,-1,340,505,509,-1,190,201,510,-1,173,511,150,-1,150,511,512,-1,150,512,507,-1,507,512,251,-1,507,251,250,-1,323,322,506,-1,506,322,513,-1,506,513,138,-1,138,513,514,-1,138,514,508,-1,508,514,349,-1,508,349,348,-1,382,381,515,-1,504,509,212,-1,212,509,505,-1,212,505,201,-1,201,505,516,-1,201,516,510,-1,510,516,306,-1,510,306,305,-1,336,335,517,-1,179,518,173,-1,173,518,519,-1,173,519,511,-1,511,519,256,-1,511,256,255,-1,382,515,520,-1,105,116,521,-1,336,517,522,-1,510,522,190,-1,190,522,517,-1,190,517,179,-1,179,517,523,-1,179,523,518,-1,518,523,329,-1,518,329,328,-1,508,520,127,-1,127,520,515,-1,127,515,116,-1,116,515,524,-1,116,524,521,-1,521,524,396,-1,521,396,395,-1,384,383,525,-1,384,525,526,-1,521,526,105,-1,105,526,525,-1,105,525,102,-1,102,525,501,-1,102,501,101,-1,101,501,502,-1,527,528,529,-1,530,531,532,-1,533,534,535,-1,535,534,536,-1,535,536,537,-1,537,536,538,-1,537,538,539,-1,539,538,540,-1,539,540,541,-1,541,540,542,-1,541,542,543,-1,543,542,544,-1,543,544,545,-1,530,546,547,-1,547,546,548,-1,547,548,549,-1,549,548,550,-1,549,550,551,-1,551,550,552,-1,551,552,553,-1,553,552,554,-1,553,554,555,-1,535,556,557,-1,557,558,535,-1,535,558,527,-1,535,527,533,-1,533,527,529,-1,559,556,560,-1,560,556,535,-1,560,535,561,-1,561,535,537,-1,561,537,562,-1,562,537,563,-1,564,539,565,-1,565,539,566,-1,565,566,567,-1,567,566,563,-1,567,563,568,-1,568,563,537,-1,568,537,564,-1,564,537,539,-1,569,541,570,-1,570,541,571,-1,570,571,572,-1,572,571,566,-1,572,566,573,-1,573,566,539,-1,573,539,569,-1,569,539,541,-1,574,571,575,-1,575,571,541,-1,575,541,576,-1,576,541,543,-1,576,543,577,-1,577,543,578,-1,579,578,580,-1,580,578,543,-1,580,543,581,-1,581,543,545,-1,581,545,582,-1,582,545,583,-1,584,554,585,-1,585,554,586,-1,585,586,587,-1,544,555,545,-1,545,555,554,-1,545,554,588,-1,588,554,584,-1,586,583,587,-1,587,583,589,-1,587,589,588,-1,588,589,590,-1,588,590,545,-1,545,590,591,-1,545,591,583,-1,583,591,592,-1,583,592,589,-1,593,586,594,-1,594,586,554,-1,594,554,595,-1,595,554,552,-1,595,552,596,-1,596,552,597,-1,598,597,599,-1,599,597,552,-1,599,552,600,-1,600,552,550,-1,600,550,601,-1,601,550,602,-1,603,602,604,-1,604,602,550,-1,604,550,605,-1,605,550,548,-1,605,548,606,-1,606,548,607,-1,608,607,609,-1,609,607,548,-1,609,548,610,-1,610,548,546,-1,610,546,611,-1,611,546,612,-1,611,612,608,-1,556,613,614,-1,613,556,615,-1,615,556,616,-1,615,616,617,-1,617,616,618,-1,617,618,614,-1,614,618,529,-1,614,529,556,-1,556,529,528,-1,556,528,557,-1,563,619,620,-1,619,563,621,-1,621,563,622,-1,621,622,623,-1,623,622,616,-1,623,616,620,-1,620,616,556,-1,620,556,563,-1,563,556,559,-1,563,559,562,-1,624,563,625,-1,625,563,566,-1,625,566,626,-1,626,566,627,-1,626,627,628,-1,628,627,622,-1,628,622,624,-1,624,622,563,-1,629,566,630,-1,630,566,571,-1,630,571,631,-1,631,571,632,-1,631,632,633,-1,633,632,627,-1,633,627,629,-1,629,627,566,-1,578,634,635,-1,634,578,636,-1,636,578,637,-1,636,637,638,-1,638,637,632,-1,638,632,635,-1,635,632,571,-1,635,571,578,-1,578,571,574,-1,578,574,577,-1,583,639,640,-1,639,583,641,-1,641,583,642,-1,641,642,643,-1,643,642,637,-1,643,637,640,-1,640,637,578,-1,640,578,583,-1,583,578,579,-1,583,579,582,-1,644,586,645,-1,645,586,646,-1,645,646,647,-1,646,642,647,-1,647,642,648,-1,647,648,649,-1,649,648,650,-1,644,649,586,-1,586,649,650,-1,586,650,583,-1,583,650,651,-1,583,651,642,-1,642,651,652,-1,642,652,648,-1,597,653,654,-1,653,597,655,-1,655,597,656,-1,655,656,657,-1,657,656,646,-1,657,646,654,-1,654,646,586,-1,654,586,597,-1,597,586,593,-1,597,593,596,-1,602,658,659,-1,658,602,660,-1,660,602,661,-1,660,661,662,-1,662,661,656,-1,662,656,659,-1,659,656,597,-1,659,597,602,-1,602,597,598,-1,602,598,601,-1,607,663,664,-1,663,607,665,-1,665,607,666,-1,665,666,667,-1,667,666,661,-1,667,661,664,-1,664,661,602,-1,664,602,607,-1,607,602,603,-1,607,603,606,-1,608,612,607,-1,607,612,668,-1,607,668,666,-1,666,668,669,-1,666,669,670,-1,670,669,671,-1,670,671,612,-1,612,671,672,-1,612,672,668,-1,530,532,546,-1,546,532,673,-1,546,673,612,-1,612,673,674,-1,612,674,670,-1,675,453,455,-1,387,386,676,-1,676,386,677,-1,678,441,440,-1,455,679,675,-1,675,679,676,-1,675,676,680,-1,680,676,677,-1,680,677,681,-1,390,389,681,-1,681,389,682,-1,681,682,680,-1,680,682,683,-1,684,299,298,-1,409,408,683,-1,683,408,685,-1,683,685,680,-1,680,685,686,-1,680,687,688,-1,689,690,680,-1,298,689,684,-1,684,689,680,-1,684,680,691,-1,691,680,688,-1,691,688,443,-1,443,688,444,-1,419,418,686,-1,686,418,692,-1,686,692,680,-1,680,692,693,-1,440,687,678,-1,678,687,680,-1,678,680,694,-1,694,680,693,-1,694,693,429,-1,429,693,430,-1,695,282,281,-1,696,697,680,-1,281,696,695,-1,695,696,680,-1,695,680,698,-1,698,680,690,-1,698,690,312,-1,312,690,313,-1,285,284,699,-1,699,284,680,-1,699,680,700,-1,700,680,697,-1,700,697,314,-1,314,697,315,-1,701,423,702,-1,703,538,704,-1,704,538,536,-1,704,536,368,-1,705,542,706,-1,706,542,540,-1,706,540,270,-1,369,368,707,-1,707,368,536,-1,707,536,708,-1,708,536,534,-1,708,534,345,-1,345,534,709,-1,271,270,710,-1,710,270,540,-1,710,540,711,-1,711,540,538,-1,711,538,354,-1,354,538,703,-1,354,703,355,-1,712,544,713,-1,713,544,542,-1,713,542,261,-1,261,542,705,-1,261,705,262,-1,472,714,555,-1,468,467,715,-1,715,467,716,-1,717,553,716,-1,716,553,555,-1,716,555,715,-1,715,555,714,-1,473,472,718,-1,718,472,555,-1,718,555,719,-1,719,555,544,-1,719,544,277,-1,277,544,712,-1,277,712,278,-1,720,551,721,-1,721,551,553,-1,721,553,457,-1,457,553,717,-1,457,717,458,-1,722,547,723,-1,723,547,549,-1,723,549,424,-1,425,424,724,-1,724,424,549,-1,724,549,725,-1,725,549,551,-1,725,551,435,-1,435,551,720,-1,435,720,436,-1,702,531,701,-1,701,531,530,-1,701,530,726,-1,726,530,547,-1,726,547,413,-1,413,547,722,-1,413,722,414,-1,727,728,729,-1,730,727,731,-1,732,733,734,-1,734,733,735,-1,734,735,736,-1,735,737,736,-1,736,737,738,-1,736,738,739,-1,739,738,740,-1,739,740,741,-1,741,740,742,-1,741,742,737,-1,737,742,743,-1,737,743,738,-1,744,745,746,-1,747,745,748,-1,748,745,744,-1,748,744,749,-1,749,744,750,-1,749,750,751,-1,751,750,752,-1,751,752,747,-1,747,752,745,-1,753,754,755,-1,755,754,756,-1,755,756,746,-1,746,756,757,-1,746,757,744,-1,730,758,759,-1,759,758,760,-1,759,760,761,-1,761,760,737,-1,761,737,762,-1,762,737,735,-1,729,728,763,-1,764,755,765,-1,765,755,746,-1,765,746,766,-1,766,746,745,-1,766,745,767,-1,767,745,768,-1,767,768,769,-1,769,768,770,-1,769,770,771,-1,771,770,772,-1,771,772,773,-1,774,760,775,-1,775,760,776,-1,775,776,777,-1,777,776,741,-1,777,741,778,-1,778,741,737,-1,778,737,774,-1,774,737,760,-1,779,758,780,-1,780,758,781,-1,780,781,782,-1,782,781,776,-1,782,776,783,-1,783,776,760,-1,783,760,779,-1,779,760,758,-1,730,731,758,-1,758,731,784,-1,758,784,781,-1,781,784,785,-1,781,785,786,-1,786,785,787,-1,786,787,731,-1,731,787,788,-1,731,788,784,-1,727,729,731,-1,731,729,789,-1,731,789,786,-1,786,789,790,-1,786,790,791,-1,791,790,792,-1,791,792,729,-1,729,792,793,-1,729,793,789,-1,794,763,795,-1,795,763,796,-1,795,796,797,-1,797,796,791,-1,797,791,798,-1,798,791,729,-1,798,729,794,-1,794,729,763,-1,799,772,800,-1,800,772,801,-1,800,801,802,-1,728,773,763,-1,763,773,772,-1,763,772,803,-1,803,772,799,-1,801,796,802,-1,802,796,804,-1,802,804,803,-1,803,804,805,-1,803,805,763,-1,763,805,806,-1,763,806,796,-1,796,806,807,-1,796,807,804,-1,808,770,809,-1,809,770,810,-1,809,810,811,-1,811,810,801,-1,811,801,812,-1,812,801,772,-1,812,772,808,-1,808,772,770,-1,813,768,814,-1,814,768,815,-1,814,815,816,-1,816,815,810,-1,816,810,817,-1,817,810,770,-1,817,770,813,-1,813,770,768,-1,818,745,819,-1,819,745,752,-1,819,752,820,-1,820,752,815,-1,820,815,821,-1,821,815,768,-1,821,768,818,-1,818,768,745,-1,822,823,824,-1,825,826,827,-1,828,829,830,-1,830,829,831,-1,830,831,827,-1,831,832,827,-1,827,832,833,-1,827,833,825,-1,825,833,829,-1,825,829,834,-1,834,829,828,-1,834,828,824,-1,824,828,835,-1,824,835,822,-1,836,837,838,-1,838,837,839,-1,840,841,842,-1,842,841,843,-1,839,837,843,-1,843,837,844,-1,843,844,842,-1,842,845,840,-1,840,845,846,-1,840,846,847,-1,847,846,848,-1,847,848,849,-1,849,848,850,-1,849,850,845,-1,845,850,851,-1,845,851,846,-1,826,852,827,-1,827,852,853,-1,827,853,854,-1,854,853,855,-1,854,855,856,-1,856,855,857,-1,856,857,858,-1,858,857,859,-1,858,859,860,-1,860,859,861,-1,860,861,862,-1,863,847,864,-1,864,847,849,-1,864,849,865,-1,865,849,866,-1,865,866,867,-1,867,866,868,-1,867,868,869,-1,869,868,870,-1,869,870,871,-1,872,854,873,-1,873,854,874,-1,873,874,875,-1,875,874,830,-1,875,830,876,-1,876,830,827,-1,876,827,872,-1,872,827,854,-1,877,856,878,-1,878,856,879,-1,878,879,880,-1,880,879,874,-1,880,874,881,-1,881,874,854,-1,881,854,877,-1,877,854,856,-1,882,858,883,-1,883,858,884,-1,883,884,885,-1,885,884,879,-1,885,879,886,-1,886,879,856,-1,886,856,882,-1,882,856,858,-1,887,860,888,-1,888,860,889,-1,888,889,890,-1,890,889,884,-1,890,884,891,-1,891,884,858,-1,891,858,887,-1,887,858,860,-1,892,862,893,-1,893,862,894,-1,893,894,895,-1,895,894,889,-1,895,889,896,-1,896,889,860,-1,896,860,892,-1,892,860,862,-1,897,870,898,-1,898,870,899,-1,898,899,900,-1,861,871,862,-1,862,871,870,-1,862,870,901,-1,901,870,897,-1,899,894,900,-1,900,894,902,-1,900,902,901,-1,901,902,903,-1,901,903,862,-1,862,903,904,-1,862,904,894,-1,894,904,905,-1,894,905,902,-1,906,868,907,-1,907,868,908,-1,907,908,909,-1,909,908,899,-1,909,899,910,-1,910,899,870,-1,910,870,906,-1,906,870,868,-1,911,866,912,-1,912,866,913,-1,912,913,914,-1,914,913,908,-1,914,908,915,-1,915,908,868,-1,915,868,911,-1,911,868,866,-1,916,849,917,-1,917,849,845,-1,917,845,918,-1,918,845,913,-1,918,913,919,-1,919,913,866,-1,919,866,916,-1,916,866,849,-1,
        ]
    }
}
Shape{
    appearance Appearance {
        material  Material 	{
            diffuseColor 0.7529411764705882 0.7529411764705882 0.7529411764705882
            specularColor 0.3764705882352941 0.3764705882352941 0.3764705882352941
            ambientIntensity 0.7529
            transparency 0.0
            shininess 0.5
        }
    }
    geometry IndexedFaceSet {
        ccw TRUE
        solid FALSE
        coord DEF co Coordinate {
            point [
                -1.2185 0.4528 0.0, -1.1004 0.4528 0.0, -1.1004 0.4375 0.002, -1.2185 0.4375 0.002, -1.1004 0.4233 0.0079, -1.2185 0.4233 0.0079, -1.1004 0.411 0.0173, -1.2185 0.411 0.0173, -1.1004 0.4017 0.0295, -1.2185 0.4017 0.0295, -1.1004 0.3958 0.0438, -1.2185 0.3958 0.0438, -1.1004 0.3938 0.0591, -1.2185 0.3938 0.0591, -1.1004 0.4922 0.0, -1.2185 0.4922 0.0, -1.1004 0.4922 0.0394, -1.2185 0.4922 0.0394, -1.1004 0.4528 0.0394, -1.2185 0.4528 0.0394, -1.2185 0.4331 0.0591, -1.1004 0.4331 0.0591, -1.2185 0.4338 0.054, -1.1004 0.4338 0.054, -1.2185 0.4358 0.0492, -1.1004 0.4358 0.0492, -1.2185 0.4389 0.0451, -1.1004 0.4389 0.0451, -1.2185 0.443 0.042, -1.1004 0.443 0.042, -1.2185 0.4477 0.04, -1.1004 0.4477 0.04
            ]
        }
        coordIndex [
            0,1,2,-1,0,2,3,-1,3,2,4,-1,3,4,5,-1,5,4,6,-1,5,6,7,-1,7,6,8,-1,7,8,9,-1,9,8,10,-1,9,10,11,-1,11,10,12,-1,11,12,13,-1,1,0,14,-1,14,0,15,-1,14,15,16,-1,16,15,17,-1,16,17,18,-1,18,17,19,-1,20,21,22,-1,22,21,23,-1,22,23,24,-1,24,23,25,-1,24,25,26,-1,26,25,27,-1,26,27,28,-1,28,27,29,-1,28,29,30,-1,30,29,31,-1,30,31,19,-1,19,31,18,-1,
        ]
    }
}
Shape{
    appearance Appearance {
        material  Material 	{
            diffuseColor 0.25098039215686274 0.25098039215686274 0.25098039215686274
            specularColor 0.12549019607843137 0.12549019607843137 0.12549019607843137
            ambientIntensity 0.251
            transparency 0.0
            shininess 0.5
        }
    }
    geometry IndexedFaceSet {
        ccw TRUE
        solid FALSE
        coord DEF co Coordinate {
            point [
                -1.0827 0.4371 0.1969, -1.0827 0.4804 0.1969, -1.0827 0.4371 0.0945, -1.0827 0.4804 0.0551, -1.0827 0.3898 0.0945, -1.0827 0.3898 0.0551, -1.252 0.3898 0.0945, -1.2717 0.3898 0.0945, -1.2717 0.3898 0.1575, -1.1457 0.3898 0.0551, -1.0433 0.3898 0.1575, -1.0433 0.3898 0.0945, -1.252 0.3898 0.0551, -1.1358 -0.3287 0.2244, -1.1358 -0.3629 0.2244, -0.9666 -0.3287 0.2244, -0.9666 -0.3629 0.2244
            ]
        }
        coordIndex [
            0,1,2,-1,2,1,3,-1,2,3,4,-1,4,3,5,-1,6,7,8,-1,4,5,9,-1,10,11,8,-1,8,11,4,-1,8,4,6,-1,6,4,9,-1,6,9,12,-1,13,14,15,-1,15,14,16,-1,
        ]
    }
}
Shape{
    appearance Appearance {
        material  Material 	{
            diffuseColor 0.7529411764705882 0.7529411764705882 0.7529411764705882
            specularColor 0.3764705882352941 0.3764705882352941 0.3764705882352941
            ambientIntensity 0.7529
            transparency 0.0
            shininess 0.5
        }
    }
    geometry IndexedFaceSet {
        ccw TRUE
        solid FALSE
        coord DEF co Coordinate {
            point [
                1.2185 0.3938 0.1024, 1.2185 0.4331 0.1024, 1.2716 0.3938 0.1024, 1.2716 0.4331 0.1024
            ]
        }
        coordIndex [
            0,1,2,-1,2,1,3,-1,
        ]
    }
}
Shape{
    appearance Appearance {
        material  Material 	{
            diffuseColor 0.25098039215686274 0.25098039215686274 0.25098039215686274
            specularColor 0.12549019607843137 0.12549019607843137 0.12549019607843137
            ambientIntensity 0.251
            transparency 0.0
            shininess 0.5
        }
    }
    geometry IndexedFaceSet {
        ccw TRUE
        solid FALSE
        coord DEF co Coordinate {
            point [
                1.2716 0.4331 0.1969, 1.2716 0.4331 0.2047, 1.2716 0.3938 0.1969, 1.2716 0.3938 0.2047
            ]
        }
        coordIndex [
            0,1,2,-1,2,1,3,-1,
        ]
    }
}
Shape{
    appearance Appearance {
        material  Material 	{
            diffuseColor 0.7529411764705882 0.7529411764705882 0.7529411764705882
            specularColor 0.3764705882352941 0.3764705882352941 0.3764705882352941
            ambientIntensity 0.7529
            transparency 0.0
            shininess 0.5
        }
    }
    geometry IndexedFaceSet {
        ccw TRUE
        solid FALSE
        coord DEF co Coordinate {
            point [
                1.2519 -0.3078 0.2441, 1.2519 -0.3078 0.2047, 1.1496 -0.3937 0.2441, 1.1496 -0.3937 0.2047
            ]
        }
        coordIndex [
            0,1,2,-1,2,1,3,-1,
        ]
    }
}
Shape{
    appearance Appearance {
        material  Material 	{
            diffuseColor 0.25098039215686274 0.25098039215686274 0.25098039215686274
            specularColor 0.12549019607843137 0.12549019607843137 0.12549019607843137
            ambientIntensity 0.251
            transparency 0.0
            shininess 0.5
        }
    }
    geometry IndexedFaceSet {
        ccw TRUE
        solid FALSE
        coord DEF co Coordinate {
            point [
                1.2716 -0.3937 0.1969, 1.2716 -0.3937 0.2047, 1.2716 -0.433 0.1969, 1.2716 -0.433 0.2047
            ]
        }
        coordIndex [
            0,1,2,-1,2,1,3,-1,
        ]
    }
}
Shape{
    appearance Appearance {
        material  Material 	{
            diffuseColor 0.7529411764705882 0.7529411764705882 0.7529411764705882
            specularColor 0.3764705882352941 0.3764705882352941 0.3764705882352941
            ambientIntensity 0.7529
            transparency 0.0
            shininess 0.5
        }
    }
    geometry IndexedFaceSet {
        ccw TRUE
        solid FALSE
        coord DEF co Coordinate {
            point [
                1.2716 -0.3937 0.1024, 1.2716 -0.433 0.1024, 1.2185 -0.3937 0.1024, 1.2185 -0.433 0.1024, 1.1004 -0.4527 0.0394, 1.2185 -0.4527 0.0394, 1.1004 -0.4476 0.04, 1.2185 -0.4476 0.04, 1.1004 -0.4429 0.042, 1.2185 -0.4429 0.042, 1.1004 -0.4388 0.0451, 1.2185 -0.4388 0.0451, 1.1004 -0.4357 0.0492, 1.2185 -0.4357 0.0492, 1.1004 -0.4337 0.054, 1.2185 -0.4337 0.054, 1.1004 -0.433 0.0591, 1.2185 -0.433 0.0591, 1.1004 -0.4921 0.0394, 1.2185 -0.4921 0.0394, 1.1004 -0.4921 0.0, 1.2185 -0.4921 0.0, 1.1004 -0.4527 0.0, 1.2185 -0.4527 0.0, 1.1004 -0.3937 0.0591, 1.2185 -0.3937 0.0591, 1.2185 -0.3957 0.0438, 1.1004 -0.3957 0.0438, 1.2185 -0.4016 0.0295, 1.1004 -0.4016 0.0295, 1.2185 -0.4109 0.0173, 1.1004 -0.4109 0.0173, 1.2185 -0.4232 0.0079, 1.1004 -0.4232 0.0079, 1.2185 -0.4374 0.002, 1.1004 -0.4374 0.002, 1.1496 -0.3937 0.2047, 1.2716 -0.3937 0.2047, 1.2716 -0.3937 0.1969, 1.0433 -0.3937 0.1024, 1.0433 -0.3937 0.185, 1.1004 -0.3937 0.1024, 1.1496 -0.3937 0.185, 1.1004 -0.433 0.1024, 1.0433 -0.433 0.1024
            ]
        }
        coordIndex [
            0,1,2,-1,2,1,3,-1,4,5,6,-1,6,5,7,-1,6,7,8,-1,8,7,9,-1,8,9,10,-1,10,9,11,-1,10,11,12,-1,12,11,13,-1,12,13,14,-1,14,13,15,-1,14,15,16,-1,16,15,17,-1,18,19,4,-1,4,19,5,-1,20,21,18,-1,18,21,19,-1,22,23,20,-1,20,23,21,-1,24,25,26,-1,24,26,27,-1,27,26,28,-1,27,28,29,-1,29,28,30,-1,29,30,31,-1,31,30,32,-1,31,32,33,-1,33,32,34,-1,33,34,35,-1,35,34,23,-1,35,23,22,-1,36,37,38,-1,39,40,41,-1,41,40,42,-1,38,0,2,-1,36,38,42,-1,42,38,2,-1,42,2,41,-1,41,2,25,-1,41,25,24,-1,43,44,41,-1,41,44,39,-1,
        ]
    }
}
Shape{
    appearance Appearance {
        material  Material 	{
            diffuseColor 0.25098039215686274 0.25098039215686274 0.25098039215686274
            specularColor 0.12549019607843137 0.12549019607843137 0.12549019607843137
            ambientIntensity 0.251
            transparency 0.0
            shininess 0.5
        }
    }
    geometry IndexedFaceSet {
        ccw TRUE
        solid FALSE
        coord DEF co Coordinate {
            point [
                1.0433 -0.437 0.1969, 1.0827 -0.437 0.1969, 1.0433 -0.437 0.0945, 1.0827 -0.437 0.0945, 1.2519 -0.437 0.0945, 1.2519 -0.437 0.1969, 1.2716 -0.437 0.0945, 1.2716 -0.437 0.1969, 1.0827 -0.4803 0.1969, 1.0827 -0.3897 0.0551, 1.0827 -0.3897 0.0945, 1.0827 -0.4429 0.0551, 1.0827 -0.4803 0.0551, 1.0433 -0.3897 0.1575, 1.0433 -0.3897 0.0945, 1.2716 -0.3897 0.1575, 1.2716 -0.3897 0.0945, 1.2519 -0.3897 0.0945, 1.2519 -0.3897 0.0551, 1.0433 -0.3937 0.1024, 1.0433 -0.3937 0.185, 1.0433 -0.374 0.1969, 1.0433 -0.433 0.185, 1.0433 -0.433 0.1024
            ]
        }
        coordIndex [
            0,1,2,-1,2,1,3,-1,4,5,6,-1,6,5,7,-1,3,1,8,-1,9,10,11,-1,11,10,3,-1,11,3,12,-1,12,3,8,-1,13,14,15,-1,15,14,10,-1,16,15,17,-1,17,15,10,-1,17,10,18,-1,18,10,9,-1,2,14,19,-1,19,14,13,-1,19,13,20,-1,20,13,21,-1,20,21,22,-1,22,21,0,-1,22,0,23,-1,23,0,2,-1,23,2,19,-1,
        ]
    }
}
Shape{
    appearance Appearance {
        material  Material 	{
            diffuseColor 0.7529411764705882 0.7529411764705882 0.7529411764705882
            specularColor 0.3764705882352941 0.3764705882352941 0.3764705882352941
            ambientIntensity 0.7529
            transparency 0.0
            shininess 0.5
        }
    }
    geometry IndexedFaceSet {
        ccw TRUE
        solid FALSE
        coord DEF co Coordinate {
            point [
                1.1496 -0.3937 0.185, 1.0433 -0.3937 0.185, 1.1496 -0.433 0.185, 1.0433 -0.433 0.185, 1.1496 -0.3937 0.2047, 1.1496 -0.433 0.2441, 1.1496 -0.3937 0.2441, 1.3779 0.4331 0.2047, 1.3779 0.4331 0.2441, 1.3779 -0.433 0.2047, 1.3779 -0.433 0.2441, 1.2519 -0.3078 0.2441, 1.2519 0.3079 0.2441, 1.1496 0.3938 0.2441, 1.1496 0.4331 0.2441, 1.2519 -0.3078 0.2047, 1.2519 0.3079 0.2047, 1.2716 -0.433 0.2047, 1.2716 -0.3937 0.2047, 1.1496 0.3938 0.2047, 1.2716 0.3938 0.2047, 1.2716 0.4331 0.2047, 1.1496 0.4331 0.185, 1.1496 0.3938 0.185, 1.0433 0.4331 0.185, 1.0433 0.3938 0.185, 1.1004 0.4331 0.0591, 1.2185 0.4331 0.0591, 1.1004 0.4338 0.054, 1.2185 0.4338 0.054, 1.1004 0.4358 0.0492, 1.2185 0.4358 0.0492, 1.1004 0.4389 0.0451, 1.2185 0.4389 0.0451, 1.1004 0.443 0.042, 1.2185 0.443 0.042, 1.1004 0.4477 0.04, 1.2185 0.4477 0.04, 1.1004 0.4528 0.0394, 1.2185 0.4528 0.0394, 1.1004 0.4922 0.0394, 1.2185 0.4922 0.0394, 1.1004 0.4922 0.0, 1.2185 0.4922 0.0, 1.1004 0.4528 0.0, 1.2185 0.4528 0.0, 1.2185 0.4375 0.002, 1.1004 0.4375 0.002, 1.2185 0.4233 0.0079, 1.1004 0.4233 0.0079, 1.2185 0.411 0.0173, 1.1004 0.411 0.0173, 1.2185 0.4017 0.0295, 1.1004 0.4017 0.0295, 1.2185 0.3958 0.0438, 1.1004 0.3958 0.0438, 1.2185 0.3938 0.0591, 1.1004 0.3938 0.0591, 1.0433 0.3938 0.1024, 1.1004 0.3938 0.1024, 1.2185 0.3938 0.1024, 1.2716 0.3938 0.1024, 1.2716 0.3938 0.1969, 1.2185 -0.4921 0.0394, 1.2185 -0.4921 0.0, 1.2185 -0.4527 0.0394, 1.2185 -0.4527 0.0, 1.2185 -0.4476 0.04, 1.2185 -0.4374 0.002, 1.2185 -0.4429 0.042, 1.2185 -0.4232 0.0079, 1.2185 -0.4388 0.0451, 1.2185 -0.4109 0.0173, 1.2185 -0.4357 0.0492, 1.2185 -0.4016 0.0295, 1.2185 -0.4337 0.054, 1.2185 -0.3957 0.0438, 1.2185 -0.433 0.0591, 1.2185 -0.3937 0.0591, 1.2185 -0.433 0.1024, 1.2185 -0.3937 0.1024, 1.2185 0.4331 0.1024, 1.2716 -0.433 0.1969, 1.2716 -0.433 0.1024, 1.0433 -0.433 0.1024, 1.1004 -0.433 0.1024, 1.1004 -0.433 0.0591
            ]
        }
        coordIndex [
            0,1,2,-1,2,1,3,-1,0,2,4,-1,4,2,5,-1,4,5,6,-1,7,8,9,-1,9,8,10,-1,6,5,11,-1,11,5,10,-1,11,10,12,-1,12,10,8,-1,12,8,13,-1,13,8,14,-1,15,11,16,-1,16,11,12,-1,9,17,18,-1,16,19,20,-1,9,18,7,-1,7,18,20,-1,7,20,21,-1,16,20,15,-1,15,20,18,-1,15,18,4,-1,13,19,12,-1,12,19,16,-1,13,14,19,-1,19,14,22,-1,19,22,23,-1,22,24,23,-1,23,24,25,-1,26,27,28,-1,28,27,29,-1,28,29,30,-1,30,29,31,-1,30,31,32,-1,32,31,33,-1,32,33,34,-1,34,33,35,-1,34,35,36,-1,36,35,37,-1,36,37,38,-1,38,37,39,-1,38,39,40,-1,40,39,41,-1,40,41,42,-1,42,41,43,-1,42,43,44,-1,44,43,45,-1,44,45,46,-1,44,46,47,-1,47,46,48,-1,47,48,49,-1,49,48,50,-1,49,50,51,-1,51,50,52,-1,51,52,53,-1,53,52,54,-1,53,54,55,-1,55,54,56,-1,55,56,57,-1,25,58,23,-1,23,58,59,-1,60,61,23,-1,23,61,62,-1,23,62,19,-1,19,62,20,-1,60,23,56,-1,56,23,59,-1,56,59,57,-1,63,64,65,-1,65,64,66,-1,65,66,67,-1,67,66,68,-1,67,68,69,-1,69,68,70,-1,69,70,71,-1,71,70,72,-1,71,72,73,-1,73,72,74,-1,73,74,75,-1,75,74,76,-1,75,76,77,-1,77,76,78,-1,77,78,79,-1,79,78,80,-1,81,60,27,-1,27,60,56,-1,27,56,29,-1,29,56,54,-1,29,54,31,-1,31,54,52,-1,31,52,33,-1,33,52,50,-1,33,50,35,-1,35,50,48,-1,35,48,37,-1,37,48,46,-1,37,46,39,-1,39,46,45,-1,39,45,41,-1,41,45,43,-1,9,10,17,-1,17,10,5,-1,17,5,82,-1,82,5,2,-1,82,2,83,-1,83,2,79,-1,3,84,2,-1,2,84,85,-1,79,2,77,-1,77,2,85,-1,77,85,86,-1,
        ]
    }
}
Shape{
    appearance Appearance {
        material  Material 	{
            diffuseColor 0.25098039215686274 0.25098039215686274 0.25098039215686274
            specularColor 0.12549019607843137 0.12549019607843137 0.12549019607843137
            ambientIntensity 0.251
            transparency 0.0
            shininess 0.5
        }
    }
    geometry IndexedFaceSet {
        ccw TRUE
        solid FALSE
        coord DEF co Coordinate {
            point [
                1.2716 -0.437 0.1969, 1.2716 -0.433 0.1969, 1.2716 -0.437 0.0945, 1.2716 -0.433 0.1024, 1.2716 -0.3897 0.0945, 1.2716 -0.3937 0.1024, 1.2716 -0.3897 0.1575, 1.2716 -0.3937 0.1969, 1.2716 -0.374 0.1969, 1.1358 -0.3287 0.2244, 1.1358 -0.3629 0.2244, 1.1634 -0.3287 0.1969, 1.1634 -0.374 0.1969, 0.9665 -0.3629 0.2244, 0.9941 -0.374 0.1969, 1.0433 -0.374 0.1969, 1.0433 -0.3897 0.1575, 0.9665 -0.3287 0.2244, 1.2421 -0.3287 0.1969, 1.2421 -0.3287 0.0472, 0.9665 -0.3287 0.0472, 1.2421 0.3288 0.0472, 1.2421 0.3288 0.1969, -0.9666 0.2993 0.2402, 0.9665 0.2993 0.2402, -0.9666 0.3189 0.2598, 0.9665 0.3189 0.2598, -0.9547 0.1411 0.2574, -0.9572 0.1409 0.2573, -0.9566 0.1401 0.258, -0.9547 0.1398 0.2582, -0.9557 0.1386 0.2589, -0.9547 0.1386 0.2589, -0.9556 0.1383 0.259, -0.9547 0.1369 0.2594, -0.955 0.1362 0.2596, -0.9547 0.1358 0.2597, -0.9549 0.1358 0.2597, -0.9547 0.1339 0.2598, -0.9547 0.1432 0.2553, -0.9593 0.1429 0.2553, -0.9584 0.1423 0.2562, -0.9547 0.1422 0.2563, -0.9604 0.1437 0.2542, -0.9547 0.1441 0.2539, -0.9547 0.1447 0.2528, -0.9607 0.1451 0.25, -0.9608 0.1453 0.248, -0.961 0.1452 0.248, -0.9666 0.1439 0.248, -0.9654 0.1442 0.2492, -0.9646 0.1442 0.25, -0.9628 0.1443 0.2518, -0.9606 0.1443 0.2528, -0.9618 0.144 0.2528, -0.9605 0.1437 0.2541, -0.9547 0.1457 0.248, -0.9547 0.1456 0.25, -0.9547 0.1452 0.2511, -0.9547 0.1457 0.1033, -0.9547 0.1457 0.0866, -0.961 0.145 0.0866, -0.9632 0.1448 0.0866, -0.9787 0.1375 0.0866, -0.9785 0.1372 0.2361, -0.9716 0.1419 0.0866, -0.9736 0.1409 0.241, -0.9703 0.1424 0.0866, -0.9703 0.1423 0.2443, -0.9791 0.1373 0.0866, -0.9855 0.1305 0.2291, -0.9825 0.1342 0.232, -0.9935 0.1131 0.2211, -0.9906 0.1223 0.0866, -0.9931 0.1152 0.0866, -0.9935 0.113 0.2211, -0.9854 0.131 0.0866, -0.9857 0.1306 0.0866, -0.9882 0.1272 0.2265, -0.9902 0.1235 0.0866, -0.9906 0.1223 0.224, -0.9916 0.1203 0.2231, -0.9934 0.113 0.0866, -0.9941 0.1063 0.0866, -0.9941 0.1063 0.2205, -0.9547 0.1457 0.1844, -0.9941 -0.1062 0.0866, -0.9941 -0.1062 0.2205, -0.9547 -0.1456 0.248, -0.9608 -0.1452 0.248, -0.9547 -0.1456 0.2353, -0.9613 -0.145 0.248, -0.9547 -0.1456 0.1844, -0.9938 -0.111 0.2208, -0.9933 -0.1128 0.0866, -0.9934 -0.1128 0.2212, -0.9928 -0.1164 0.0866, -0.9923 -0.1182 0.2224, -0.9905 -0.122 0.0866, -0.9906 -0.1221 0.224, -0.9888 -0.1259 0.0866, -0.9893 -0.1251 0.2253, -0.9855 -0.1302 0.0866, -0.9856 -0.1303 0.2289, -0.9826 -0.1341 0.0866, -0.9843 -0.1322 0.2303, -0.9787 -0.137 0.0866, -0.9787 -0.1371 0.2359, -0.9764 -0.1392 0.2383, -0.9744 -0.1403 0.0866, -0.9705 -0.142 0.0866, -0.9547 -0.1456 0.0866, -0.9613 -0.1448 0.0866, -0.9649 -0.1443 0.0866, -0.9666 -0.1438 0.248, -0.9705 -0.1419 0.2441, -0.9593 -0.1428 0.2553, -0.9557 -0.1385 0.2589, -0.9572 -0.1409 0.2574, -0.9558 -0.1388 0.2588, -0.9569 -0.1406 0.2576, -0.9589 -0.1426 0.2557, -0.9549 -0.1357 0.2596, -0.9551 -0.1369 0.2595, -0.9548 -0.1346 0.2598, -0.9547 -0.1338 0.2598, -0.9646 -0.1441 0.25, -0.9636 -0.1442 0.251, -0.9618 -0.1439 0.2528, -0.9609 -0.1437 0.2537, -0.9605 -0.1435 0.254, -0.9607 -0.145 0.25, -0.9606 -0.1442 0.2528, -0.9547 -0.1357 0.2597, -0.9547 -0.1368 0.2594, -0.9547 -0.1385 0.2589, -0.9547 -0.1397 0.2582, -0.9547 -0.141 0.2574, -0.9547 -0.1421 0.2563, -0.9547 -0.1431 0.2553, -0.9547 -0.144 0.2539, -0.9547 -0.1446 0.2528, -0.9547 -0.1451 0.2511, -0.9547 -0.1455 0.25, -0.7874 -0.1456 0.248, -0.6299 -0.1456 0.248, -0.4725 -0.1456 0.248, -0.315 -0.1456 0.248, -0.1575 -0.1456 0.248, -0.0 -0.1456 0.248, 0.3149 -0.1456 0.248, 0.9547 -0.1455 0.25, 0.4724 -0.1456 0.248, 0.6299 -0.1456 0.248, 0.7874 -0.1456 0.248, 0.9281 -0.1456 0.248, 0.9547 -0.1456 0.248, 0.9547 -0.1451 0.2511, 0.9547 -0.1446 0.2528, 0.9547 -0.144 0.2539, 0.9547 -0.1431 0.2553, 0.9547 -0.1421 0.2563, 0.9547 -0.141 0.2574, 0.9547 -0.1397 0.2582, 0.9547 -0.1385 0.2589, 0.9547 -0.1368 0.2594, 0.9547 -0.1357 0.2597, 0.9547 -0.1338 0.2598, 0.9547 -0.1456 0.0866, 0.9547 -0.1732 0.0472, 0.9613 -0.1449 0.0866, 0.9691 -0.1716 0.0472, 0.9632 -0.1447 0.0866, 0.9705 -0.1422 0.0866, 0.9833 -0.1667 0.0472, 0.9715 -0.1418 0.0866, 0.9789 -0.1373 0.0866, 0.9962 -0.1588 0.0472, 0.9791 -0.1372 0.0866, 1.0069 -0.1482 0.0472, 0.9854 -0.1309 0.0866, 0.9857 -0.1304 0.0866, 1.0149 -0.1355 0.0472, 0.9901 -0.1234 0.0866, 0.9906 -0.1221 0.0866, 1.0199 -0.1212 0.0472, 0.9931 -0.1151 0.0866, 0.9933 -0.1128 0.0866, 1.0216 -0.1062 0.0472, 0.9941 -0.1062 0.0866, 0.9941 0.1063 0.0866, 1.0216 0.1063 0.0472, 0.9932 0.1129 0.0866, 1.0194 0.1237 0.0472, 0.9927 0.1165 0.0866, 0.9904 0.1221 0.0866, 1.0127 0.1398 0.0472, 0.9888 0.126 0.0866, 0.9855 0.1303 0.0866, 1.002 0.1537 0.0472, 0.9825 0.1342 0.0866, 0.9787 0.1371 0.0866, 0.9882 0.1643 0.0472, 0.9744 0.1404 0.0866, 0.9705 0.1421 0.0866, 0.972 0.171 0.0472, 0.9649 0.1444 0.0866, 0.9613 0.1449 0.0866, 0.9547 0.1733 0.0472, 0.9547 0.1457 0.0866, 0.9547 0.1457 0.1844, 0.9547 0.1457 0.248, 0.9607 0.1453 0.248, 0.9547 0.1457 0.1033, 0.9941 0.1063 0.2205, 0.9938 0.1111 0.2208, 0.9934 0.1129 0.2212, 0.9927 0.1165 0.0866, 0.9922 0.1183 0.2224, 0.9906 0.1222 0.224, 0.9888 0.126 0.0866, 0.9892 0.1252 0.2253, 0.9856 0.1304 0.2289, 0.9825 0.1342 0.0866, 0.9843 0.1323 0.2303, 0.9787 0.1372 0.2359, 0.9763 0.1393 0.2383, 0.9744 0.1404 0.0866, 0.9613 0.1451 0.248, 0.9649 0.1444 0.0866, 0.9665 0.1439 0.248, 0.9704 0.142 0.2441, 0.9941 -0.1062 0.2205, 0.9613 -0.145 0.248, 0.9632 -0.1447 0.0866, 0.9787 -0.137 0.2359, 0.9715 -0.1418 0.0866, 0.9736 -0.1408 0.241, 0.9705 -0.1421 0.244, 0.9665 -0.1438 0.248, 0.9791 -0.1372 0.0866, 0.9856 -0.1303 0.229, 0.9825 -0.1341 0.232, 0.9935 -0.113 0.2211, 0.9931 -0.1151 0.0866, 0.9935 -0.1128 0.2211, 0.9854 -0.1309 0.0866, 0.9881 -0.1271 0.2265, 0.9901 -0.1234 0.0866, 0.9906 -0.1221 0.224, 0.9915 -0.1202 0.2231, 0.9547 -0.1456 0.1844, 0.9547 -0.1456 0.2353, 0.9607 -0.1452 0.248, 0.9572 -0.1408 0.2573, 0.9565 -0.14 0.258, 0.9557 -0.1385 0.2589, 0.9555 -0.1382 0.259, 0.9549 -0.1361 0.2596, 0.9549 -0.1357 0.2597, 0.9592 -0.1428 0.2553, 0.9583 -0.1422 0.2562, 0.9604 -0.1436 0.2542, 0.9607 -0.145 0.25, 0.9654 -0.1441 0.2492, 0.9645 -0.1441 0.25, 0.9627 -0.1442 0.2518, 0.9606 -0.1442 0.2528, 0.9617 -0.1439 0.2528, 0.9605 -0.1436 0.2541, 0.9572 0.141 0.2574, 0.9589 0.1427 0.2557, 0.9592 0.1429 0.2553, 0.9557 0.1386 0.2589, 0.9551 0.137 0.2595, 0.9547 0.1339 0.2598, 0.9569 0.1408 0.2576, 0.9558 0.1389 0.2588, 0.9547 0.1347 0.2598, 0.9549 0.1358 0.2596, 0.9645 0.1442 0.25, 0.9636 0.1443 0.251, 0.9617 0.144 0.2528, 0.9609 0.1438 0.2537, 0.9605 0.1436 0.254, 0.9607 0.1451 0.25, 0.9606 0.1443 0.2528, 0.9547 0.1358 0.2597, 0.9547 0.1369 0.2594, 0.9547 0.1386 0.2589, 0.9547 0.1398 0.2582, 0.9547 0.1411 0.2574, 0.9547 0.1422 0.2563, 0.9547 0.1432 0.2553, 0.9547 0.1441 0.2539, 0.9547 0.1447 0.2528, 0.9547 0.1452 0.2511, 0.9547 0.1456 0.25, 0.7874 0.1457 0.248, 0.6299 0.1457 0.248, 0.4724 0.1457 0.248, 0.3149 0.1457 0.248, 0.1575 0.1457 0.248, -0.0 0.1457 0.248, -0.315 0.1457 0.248, -0.4725 0.1457 0.248, -0.6299 0.1457 0.248, -0.7874 0.1457 0.248, -0.9282 0.1457 0.248, -0.9547 0.1733 0.0472, -0.9691 0.1717 0.0472, -0.9632 0.1448 0.0866, -0.9834 0.1668 0.0472, -0.9716 0.1419 0.0866, -0.9962 0.1589 0.0472, -0.9791 0.1373 0.0866, -1.0069 0.1483 0.0472, -0.9854 0.131 0.0866, -1.015 0.1356 0.0472, -0.9902 0.1235 0.0866, -1.02 0.1213 0.0472, -0.9931 0.1152 0.0866, -1.0217 0.1063 0.0472, -1.0217 -0.1062 0.0472, -1.0194 -0.1236 0.0472, -0.9928 -0.1164 0.0866, -1.0127 -0.1397 0.0472, -0.9888 -0.1259 0.0866, -1.0021 -0.1536 0.0472, -0.9826 -0.1341 0.0866, -0.9882 -0.1642 0.0472, -0.9744 -0.1403 0.0866, -0.9721 -0.1709 0.0472, -0.9649 -0.1443 0.0866, -0.9547 -0.1732 0.0472, -1.2421 0.3288 0.1969, -1.2421 0.3288 0.0472, -1.1634 0.3288 0.1969, -0.9666 0.3288 0.0472, -1.1358 0.3288 0.2244, -0.9666 0.3288 0.2244, -1.2421 -0.3287 0.0472, -1.2421 -0.3287 0.1969, -1.1358 -0.3287 0.2244, -0.9666 -0.3287 0.2244, -1.1634 -0.3287 0.1969, -0.9666 -0.3287 0.0472, -1.1634 -0.374 0.1969, -1.1358 -0.3629 0.2244, -1.0827 -0.4803 0.1969, -1.0827 -0.437 0.1969, -1.0827 -0.4803 0.0551, -1.0827 -0.437 0.0945, -1.0827 -0.4429 0.0551, -1.0827 -0.3897 0.0945, -1.0827 -0.3897 0.0551, -1.252 -0.437 0.0945, -1.252 -0.437 0.1969, -1.252 -0.4803 0.1969, -1.252 -0.3897 0.0551, -1.252 -0.3897 0.0945, -1.252 -0.4429 0.0551, -1.252 -0.4803 0.0551
            ]
        }
        coordIndex [
            0,1,2,-1,2,1,3,-1,2,3,4,-1,4,3,5,-1,4,5,6,-1,6,5,7,-1,6,7,8,-1,9,10,11,-1,11,10,12,-1,13,14,15,-1,6,8,16,-1,16,8,12,-1,16,12,15,-1,15,12,10,-1,15,10,13,-1,17,13,9,-1,9,13,10,-1,18,19,11,-1,11,19,20,-1,11,20,9,-1,9,20,17,-1,19,18,21,-1,21,18,22,-1,23,24,25,-1,25,24,26,-1,27,28,29,-1,27,29,30,-1,30,29,31,-1,30,31,32,-1,32,31,33,-1,32,33,34,-1,34,33,35,-1,34,35,36,-1,36,35,37,-1,36,37,38,-1,39,40,41,-1,28,27,41,-1,41,27,42,-1,41,42,39,-1,40,39,43,-1,43,39,44,-1,43,44,45,-1,46,47,48,-1,49,50,48,-1,48,50,51,-1,48,51,46,-1,46,51,52,-1,46,52,53,-1,53,52,54,-1,53,54,55,-1,56,47,57,-1,57,47,46,-1,57,46,58,-1,58,46,53,-1,58,53,45,-1,45,53,55,-1,45,55,43,-1,59,60,61,-1,48,61,62,-1,63,64,65,-1,65,64,66,-1,65,66,67,-1,67,66,68,-1,67,68,62,-1,62,68,49,-1,62,49,48,-1,69,70,63,-1,63,70,71,-1,63,71,64,-1,72,73,74,-1,72,74,75,-1,69,76,70,-1,70,76,77,-1,70,77,78,-1,78,77,79,-1,78,79,80,-1,80,79,73,-1,80,73,81,-1,81,73,72,-1,74,82,75,-1,75,82,83,-1,75,83,84,-1,59,61,85,-1,61,48,85,-1,85,48,47,-1,85,47,56,-1,86,87,83,-1,83,87,84,-1,88,89,90,-1,90,89,91,-1,90,91,92,-1,87,86,93,-1,93,86,94,-1,93,94,95,-1,95,94,96,-1,95,96,97,-1,97,96,98,-1,97,98,99,-1,99,98,100,-1,99,100,101,-1,101,100,102,-1,101,102,103,-1,103,102,104,-1,103,104,105,-1,105,104,106,-1,105,106,107,-1,107,106,108,-1,108,106,109,-1,108,109,110,-1,111,92,112,-1,112,92,91,-1,112,91,113,-1,113,91,114,-1,113,114,110,-1,110,114,115,-1,110,115,108,-1,29,28,75,-1,78,80,40,-1,40,80,81,-1,84,87,116,-1,116,87,93,-1,116,93,95,-1,35,33,75,-1,75,33,31,-1,75,31,29,-1,55,54,70,-1,70,54,52,-1,52,51,70,-1,70,51,64,-1,70,64,71,-1,28,41,75,-1,75,41,40,-1,75,40,72,-1,72,40,81,-1,117,118,119,-1,119,118,120,-1,116,121,122,-1,122,121,118,-1,122,118,123,-1,123,118,117,-1,122,124,116,-1,116,124,125,-1,116,125,84,-1,84,125,38,-1,84,38,75,-1,75,38,37,-1,75,37,35,-1,78,40,70,-1,70,40,43,-1,70,43,55,-1,97,126,95,-1,95,126,127,-1,95,127,128,-1,128,129,95,-1,95,129,130,-1,95,130,116,-1,66,64,68,-1,68,64,51,-1,68,51,49,-1,49,51,50,-1,97,99,126,-1,126,99,101,-1,126,101,103,-1,107,108,115,-1,114,126,115,-1,115,126,103,-1,115,103,107,-1,107,103,105,-1,126,114,131,-1,131,114,91,-1,131,91,89,-1,130,129,132,-1,132,129,128,-1,132,128,131,-1,131,128,127,-1,131,127,126,-1,125,124,133,-1,133,124,122,-1,133,122,134,-1,134,122,123,-1,134,123,135,-1,135,123,117,-1,135,117,136,-1,136,117,119,-1,136,119,137,-1,119,120,137,-1,137,120,118,-1,137,118,138,-1,138,118,121,-1,138,121,139,-1,139,121,116,-1,139,116,140,-1,140,116,130,-1,140,130,141,-1,141,130,132,-1,141,132,142,-1,142,132,131,-1,89,88,131,-1,131,88,143,-1,131,143,142,-1,88,144,143,-1,143,144,145,-1,145,146,143,-1,143,146,147,-1,143,147,148,-1,149,150,151,-1,151,150,152,-1,151,152,153,-1,153,154,151,-1,151,154,155,-1,151,155,156,-1,148,149,143,-1,143,149,151,-1,143,151,142,-1,142,151,157,-1,142,157,141,-1,141,157,158,-1,141,158,140,-1,140,158,159,-1,140,159,139,-1,139,159,160,-1,139,160,138,-1,138,160,161,-1,138,161,137,-1,137,161,162,-1,137,162,136,-1,136,162,163,-1,136,163,135,-1,135,163,164,-1,135,164,134,-1,134,164,165,-1,134,165,133,-1,133,165,166,-1,133,166,125,-1,125,166,167,-1,168,169,170,-1,170,169,171,-1,170,171,172,-1,172,171,173,-1,173,171,174,-1,173,174,175,-1,175,174,176,-1,176,174,177,-1,176,177,178,-1,178,177,179,-1,178,179,180,-1,180,179,181,-1,181,179,182,-1,181,182,183,-1,183,182,184,-1,184,182,185,-1,184,185,186,-1,186,185,187,-1,187,185,188,-1,187,188,189,-1,189,188,190,-1,190,188,191,-1,190,191,192,-1,192,191,193,-1,192,193,194,-1,194,193,195,-1,195,193,196,-1,195,196,197,-1,197,196,198,-1,198,196,199,-1,198,199,200,-1,200,199,201,-1,201,199,202,-1,201,202,203,-1,203,202,204,-1,204,202,205,-1,204,205,206,-1,206,205,207,-1,207,205,208,-1,207,208,209,-1,210,211,212,-1,209,213,207,-1,207,213,210,-1,214,190,215,-1,215,190,192,-1,215,192,216,-1,216,192,217,-1,216,217,218,-1,218,217,195,-1,218,195,219,-1,219,195,220,-1,219,220,221,-1,221,220,198,-1,221,198,222,-1,222,198,223,-1,222,223,224,-1,224,223,201,-1,224,201,225,-1,225,201,226,-1,226,201,227,-1,226,227,204,-1,210,212,207,-1,207,212,228,-1,207,228,229,-1,229,228,230,-1,229,230,204,-1,204,230,231,-1,204,231,226,-1,190,214,189,-1,189,214,232,-1,233,170,234,-1,176,235,236,-1,236,235,237,-1,236,237,173,-1,173,237,238,-1,173,238,234,-1,234,238,239,-1,234,239,233,-1,240,241,176,-1,176,241,242,-1,176,242,235,-1,243,184,244,-1,243,244,245,-1,240,246,241,-1,241,246,181,-1,241,181,247,-1,247,181,248,-1,247,248,249,-1,249,248,184,-1,249,184,250,-1,250,184,243,-1,244,187,245,-1,245,187,189,-1,245,189,232,-1,168,170,251,-1,251,170,233,-1,251,233,252,-1,252,233,253,-1,252,253,156,-1,162,254,255,-1,162,255,163,-1,163,255,256,-1,163,256,164,-1,164,256,257,-1,164,257,165,-1,165,257,258,-1,165,258,166,-1,166,258,259,-1,166,259,167,-1,160,260,261,-1,254,162,261,-1,261,162,161,-1,261,161,160,-1,260,160,262,-1,262,160,159,-1,262,159,158,-1,263,253,233,-1,239,264,233,-1,233,264,265,-1,233,265,263,-1,263,265,266,-1,263,266,267,-1,267,266,268,-1,267,268,269,-1,156,253,151,-1,151,253,263,-1,151,263,157,-1,157,263,267,-1,157,267,158,-1,158,267,269,-1,158,269,262,-1,255,254,245,-1,247,249,260,-1,260,249,250,-1,270,221,271,-1,271,221,272,-1,221,273,274,-1,216,275,215,-1,215,275,214,-1,258,257,245,-1,245,257,256,-1,245,256,255,-1,247,260,241,-1,241,260,262,-1,241,262,269,-1,254,261,245,-1,245,261,260,-1,245,260,243,-1,243,260,250,-1,270,276,221,-1,221,276,277,-1,221,277,273,-1,216,218,275,-1,275,218,219,-1,275,219,278,-1,278,219,221,-1,278,221,279,-1,279,221,274,-1,214,275,232,-1,232,275,167,-1,232,167,245,-1,245,167,259,-1,245,259,258,-1,269,268,241,-1,241,268,266,-1,241,266,265,-1,242,241,235,-1,235,241,238,-1,235,238,237,-1,265,264,241,-1,241,264,239,-1,241,239,238,-1,225,226,231,-1,222,280,221,-1,221,280,281,-1,221,281,282,-1,282,283,221,-1,221,283,284,-1,221,284,272,-1,230,280,231,-1,231,280,222,-1,231,222,225,-1,225,222,224,-1,280,230,285,-1,285,230,228,-1,285,228,212,-1,284,283,286,-1,286,283,282,-1,286,282,285,-1,285,282,281,-1,285,281,280,-1,275,278,287,-1,287,278,279,-1,287,279,288,-1,288,279,274,-1,288,274,289,-1,289,274,273,-1,289,273,290,-1,290,273,277,-1,290,277,291,-1,277,276,291,-1,291,276,270,-1,291,270,292,-1,292,270,271,-1,292,271,293,-1,293,271,272,-1,293,272,294,-1,294,272,284,-1,294,284,295,-1,295,284,286,-1,295,286,296,-1,296,286,285,-1,212,211,285,-1,285,211,297,-1,285,297,296,-1,211,298,297,-1,297,298,299,-1,299,300,297,-1,297,300,301,-1,297,301,302,-1,303,304,57,-1,57,304,305,-1,57,305,306,-1,306,307,57,-1,57,307,308,-1,57,308,56,-1,302,303,297,-1,297,303,57,-1,297,57,296,-1,296,57,58,-1,296,58,295,-1,295,58,45,-1,295,45,294,-1,294,45,44,-1,294,44,293,-1,293,44,39,-1,293,39,292,-1,292,39,42,-1,292,42,291,-1,291,42,27,-1,291,27,290,-1,290,27,30,-1,290,30,289,-1,289,30,32,-1,289,32,288,-1,288,32,34,-1,288,34,287,-1,287,34,36,-1,287,36,275,-1,275,36,38,-1,60,309,61,-1,61,309,310,-1,61,310,311,-1,311,310,67,-1,67,310,312,-1,67,312,313,-1,313,312,63,-1,63,312,314,-1,63,314,315,-1,315,314,316,-1,315,316,317,-1,317,316,77,-1,77,316,318,-1,77,318,319,-1,319,318,73,-1,73,318,320,-1,73,320,321,-1,321,320,82,-1,82,320,322,-1,82,322,83,-1,83,322,86,-1,86,322,323,-1,86,323,94,-1,94,323,324,-1,94,324,325,-1,325,324,98,-1,98,324,326,-1,98,326,327,-1,327,326,102,-1,102,326,328,-1,102,328,329,-1,329,328,106,-1,106,328,330,-1,106,330,331,-1,331,330,110,-1,110,330,332,-1,110,332,333,-1,333,332,112,-1,112,332,334,-1,112,334,111,-1,335,336,337,-1,337,336,338,-1,337,338,339,-1,339,338,340,-1,336,335,341,-1,341,335,342,-1,343,344,345,-1,345,344,346,-1,345,346,342,-1,342,346,341,-1,345,347,343,-1,343,347,348,-1,349,350,351,-1,351,350,352,-1,351,352,353,-1,353,352,354,-1,353,354,355,-1,356,357,358,-1,359,360,361,-1,361,360,356,-1,361,356,362,-1,362,356,358,-1,
        ]
    }
}
Shape{
    appearance Appearance {
        material  Material 	{
            diffuseColor 0.7529411764705882 0.7529411764705882 0.7529411764705882
            specularColor 0.3764705882352941 0.3764705882352941 0.3764705882352941
            ambientIntensity 0.7529
            transparency 0.0
            shininess 0.5
        }
    }
    geometry IndexedFaceSet {
        ccw TRUE
        solid FALSE
        coord DEF co Coordinate {
            point [
                -1.2185 -0.3937 0.1024, -1.2185 -0.433 0.1024, -1.2717 -0.3937 0.1024, -1.2717 -0.433 0.1024
            ]
        }
        coordIndex [
            0,1,2,-1,2,1,3,-1,
        ]
    }
}
Shape{
    appearance Appearance {
        material  Material 	{
            diffuseColor 0.25098039215686274 0.25098039215686274 0.25098039215686274
            specularColor 0.12549019607843137 0.12549019607843137 0.12549019607843137
            ambientIntensity 0.251
            transparency 0.0
            shininess 0.5
        }
    }
    geometry IndexedFaceSet {
        ccw TRUE
        solid FALSE
        coord DEF co Coordinate {
            point [
                -1.2717 -0.433 0.1969, -1.2717 -0.433 0.2047, -1.2717 -0.3937 0.1969, -1.2717 -0.3937 0.2047
            ]
        }
        coordIndex [
            0,1,2,-1,2,1,3,-1,
        ]
    }
}
Shape{
    appearance Appearance {
        material  Material 	{
            diffuseColor 0.7529411764705882 0.7529411764705882 0.7529411764705882
            specularColor 0.3764705882352941 0.3764705882352941 0.3764705882352941
            ambientIntensity 0.7529
            transparency 0.0
            shininess 0.5
        }
    }
    geometry IndexedFaceSet {
        ccw TRUE
        solid FALSE
        coord DEF co Coordinate {
            point [
                -1.252 0.3079 0.2047, -1.252 0.3079 0.2441, -1.252 -0.3078 0.2047, -1.252 -0.3078 0.2441, -1.1496 0.3938 0.2441, -1.1496 0.3938 0.2047, -1.1496 0.3938 0.185, -1.0433 0.3938 0.185, -1.1496 0.4331 0.185, -1.0433 0.4331 0.185, -1.1496 0.4331 0.2441, -1.378 0.4331 0.2441, -1.378 -0.433 0.2441, -1.1496 -0.3937 0.2441, -1.1496 -0.433 0.2441, -1.378 -0.433 0.2047, -1.378 0.4331 0.2047, -1.2717 0.3938 0.1969, -1.2717 0.3938 0.2047, -1.2717 0.4331 0.1969, -1.2717 0.4331 0.2047, -1.1496 -0.3937 0.2047, -1.2717 -0.3937 0.2047, -1.2717 -0.433 0.2047, -1.1496 -0.433 0.185, -1.1496 -0.3937 0.185, -1.0433 -0.433 0.185, -1.0433 -0.3937 0.185, -1.1004 -0.3937 0.1024, -1.0433 -0.3937 0.1024, -1.1004 -0.433 0.1024, -1.0433 -0.433 0.1024, -1.2185 -0.3937 0.1024, -1.2717 -0.3937 0.1024, -1.2717 -0.3937 0.1969, -1.2185 -0.3937 0.0591, -1.1004 -0.3937 0.0591, -1.1004 -0.3957 0.0438, -1.2185 -0.3957 0.0438, -1.1004 -0.4016 0.0295, -1.2185 -0.4016 0.0295, -1.1004 -0.4109 0.0173, -1.2185 -0.4109 0.0173, -1.1004 -0.4232 0.0079, -1.2185 -0.4232 0.0079, -1.1004 -0.4374 0.002, -1.2185 -0.4374 0.002, -1.1004 -0.4527 0.0, -1.2185 -0.4527 0.0, -1.1004 -0.4921 0.0, -1.2185 -0.4921 0.0, -1.1004 -0.4921 0.0394, -1.2185 -0.4921 0.0394, -1.1004 -0.4527 0.0394, -1.2185 -0.4527 0.0394, -1.2185 -0.4476 0.04, -1.1004 -0.4476 0.04, -1.2185 -0.4429 0.042, -1.1004 -0.4429 0.042, -1.2185 -0.4388 0.0451, -1.1004 -0.4388 0.0451, -1.2185 -0.4357 0.0492, -1.1004 -0.4357 0.0492, -1.2185 -0.4337 0.054, -1.1004 -0.4337 0.054, -1.2185 -0.433 0.0591, -1.1004 -0.433 0.0591, -1.2185 -0.433 0.1024, -1.2717 -0.433 0.1024, -1.2717 -0.433 0.1969
            ]
        }
        coordIndex [
            0,1,2,-1,2,1,3,-1,1,0,4,-1,4,0,5,-1,6,7,8,-1,8,7,9,-1,6,8,5,-1,5,8,10,-1,5,10,4,-1,4,10,1,-1,1,10,11,-1,1,11,3,-1,3,11,12,-1,3,12,13,-1,13,12,14,-1,15,12,16,-1,16,12,11,-1,17,18,19,-1,19,18,20,-1,2,21,22,-1,23,15,22,-1,22,15,16,-1,22,16,18,-1,18,16,20,-1,2,22,0,-1,0,22,18,-1,0,18,5,-1,13,21,3,-1,3,21,2,-1,13,14,21,-1,21,14,24,-1,21,24,25,-1,24,26,25,-1,25,26,27,-1,28,29,30,-1,30,29,31,-1,27,29,25,-1,25,29,28,-1,32,33,25,-1,25,33,34,-1,25,34,21,-1,21,34,22,-1,32,25,35,-1,35,25,28,-1,35,28,36,-1,35,36,37,-1,35,37,38,-1,38,37,39,-1,38,39,40,-1,40,39,41,-1,40,41,42,-1,42,41,43,-1,42,43,44,-1,44,43,45,-1,44,45,46,-1,46,45,47,-1,46,47,48,-1,49,50,47,-1,47,50,48,-1,51,52,49,-1,49,52,50,-1,53,54,51,-1,51,54,52,-1,54,53,55,-1,55,53,56,-1,55,56,57,-1,57,56,58,-1,57,58,59,-1,59,58,60,-1,59,60,61,-1,61,60,62,-1,61,62,63,-1,63,62,64,-1,63,64,65,-1,65,64,66,-1,31,26,30,-1,30,26,24,-1,12,15,23,-1,24,67,30,-1,30,67,65,-1,30,65,66,-1,68,67,69,-1,69,67,24,-1,69,24,23,-1,23,24,14,-1,23,14,12,-1,
        ]
    }
}
Shape{
    appearance Appearance {
        material  Material 	{
            diffuseColor 0.25098039215686274 0.25098039215686274 0.25098039215686274
            specularColor 0.12549019607843137 0.12549019607843137 0.12549019607843137
            ambientIntensity 0.251
            transparency 0.0
            shininess 0.5
        }
    }
    geometry IndexedFaceSet {
        ccw TRUE
        solid FALSE
        coord DEF co Coordinate {
            point [
                -1.2717 -0.374 0.1969, -1.2717 -0.3937 0.1969, -1.2717 -0.3897 0.1575, -1.2717 -0.3937 0.1024, -1.2717 -0.433 0.1969, -1.2717 -0.437 0.1969, -1.2717 -0.433 0.1024, -1.2717 -0.437 0.0945, -1.2717 -0.3897 0.0945, -1.0433 -0.437 0.0945, -1.0827 -0.437 0.0945, -1.0433 -0.437 0.1969, -1.0827 -0.437 0.1969, -1.252 -0.437 0.0945, -1.252 -0.437 0.1969, -1.0433 -0.374 0.1969, -1.0433 -0.3937 0.185, -1.0433 -0.3897 0.1575, -1.0433 -0.3937 0.1024, -1.0433 -0.3897 0.0945, -1.0433 -0.433 0.1024, -1.0433 -0.433 0.185, -1.0827 -0.3897 0.0945, -1.252 -0.3897 0.0945, -1.1457 -0.3897 0.0551, -1.0827 -0.3897 0.0551, -1.252 -0.3897 0.0551, -1.1634 -0.374 0.1969, -1.1358 -0.3629 0.2244, -0.9666 -0.3629 0.2244, -0.9941 -0.374 0.1969, -0.9666 -0.4803 0.2244, -0.9941 -0.4803 0.1969, -0.9666 -0.4803 0.2598, -0.9666 -0.3188 0.2598, -0.9666 -0.3287 0.2244, -0.9666 -0.2992 0.2402, -0.9666 -0.3287 0.0472, -0.9666 -0.2992 0.0472, 0.9665 -0.2992 0.2402, 0.9665 -0.3188 0.2598, -0.9547 0.1339 0.2598, -0.9547 -0.1338 0.2598, 0.9547 0.1339 0.2598, 0.9547 -0.1338 0.2598, -0.9666 0.3189 0.2598, 0.9665 0.3189 0.2598, -0.9666 0.4804 0.2598, 0.9665 0.4804 0.2598, 0.9665 -0.4803 0.2598, -0.9941 0.3741 0.1969, -0.9666 0.363 0.2244, -0.9941 0.4804 0.1969, -0.9666 0.4804 0.2244, -0.9666 0.3288 0.0472, -0.9666 0.2993 0.0472, -0.9666 0.3288 0.2244, -0.9666 0.2993 0.2402, -1.1358 0.3288 0.2244, -1.1358 0.363 0.2244, -1.1634 0.3288 0.1969, -1.1634 0.3741 0.1969, -1.0433 0.3741 0.1969, -1.2717 0.3898 0.1575, -1.2717 0.3741 0.1969, -1.0433 0.3898 0.1575, -1.0433 0.4371 0.0945, -1.0433 0.3898 0.0945, -1.0433 0.3938 0.1024, -1.0433 0.3938 0.185, -1.0433 0.4331 0.185, -1.0433 0.4371 0.1969, -1.0433 0.4331 0.1024
            ]
        }
        coordIndex [
            0,1,2,-1,2,1,3,-1,4,5,6,-1,6,5,7,-1,6,7,3,-1,3,7,8,-1,3,8,2,-1,9,10,11,-1,11,10,12,-1,7,5,13,-1,13,5,14,-1,11,15,16,-1,16,15,17,-1,16,17,18,-1,18,17,19,-1,18,19,20,-1,20,19,9,-1,20,9,21,-1,21,9,11,-1,21,11,16,-1,22,19,17,-1,17,2,23,-1,23,2,8,-1,24,25,22,-1,17,23,22,-1,22,23,26,-1,22,26,24,-1,0,2,27,-1,27,2,17,-1,27,17,28,-1,28,17,15,-1,28,15,29,-1,29,15,30,-1,29,30,31,-1,31,30,32,-1,31,33,29,-1,29,33,34,-1,29,34,35,-1,35,34,36,-1,35,36,37,-1,37,36,38,-1,39,36,40,-1,40,36,34,-1,41,42,43,-1,43,42,44,-1,45,46,47,-1,47,46,48,-1,49,40,33,-1,33,40,34,-1,50,51,52,-1,52,51,53,-1,54,55,56,-1,56,55,57,-1,56,57,51,-1,51,57,45,-1,51,45,53,-1,53,45,47,-1,56,51,58,-1,58,51,59,-1,58,59,60,-1,60,59,61,-1,51,50,62,-1,63,64,65,-1,65,64,61,-1,65,61,62,-1,62,61,59,-1,62,59,51,-1,66,67,68,-1,68,67,65,-1,68,65,69,-1,69,65,62,-1,69,62,70,-1,70,62,71,-1,70,71,72,-1,72,71,66,-1,72,66,68,-1,
        ]
    }
}
Shape{
    appearance Appearance {
        material  Material 	{
            diffuseColor 0.7529411764705882 0.7529411764705882 0.7529411764705882
            specularColor 0.3764705882352941 0.3764705882352941 0.3764705882352941
            ambientIntensity 0.7529
            transparency 0.0
            shininess 0.5
        }
    }
    geometry IndexedFaceSet {
        ccw TRUE
        solid FALSE
        coord DEF co Coordinate {
            point [
                -1.1004 0.3938 0.1024, -1.1004 0.4331 0.1024, -1.0433 0.3938 0.1024, -1.0433 0.4331 0.1024, -1.1004 -0.4921 0.0394, -1.1004 -0.4921 0.0, -1.1004 -0.4527 0.0394, -1.1004 -0.4527 0.0, -1.1004 -0.4476 0.04, -1.1004 -0.4374 0.002, -1.1004 -0.4429 0.042, -1.1004 -0.4232 0.0079, -1.1004 -0.4388 0.0451, -1.1004 -0.4109 0.0173, -1.1004 -0.4357 0.0492, -1.1004 -0.4016 0.0295, -1.1004 -0.4337 0.054, -1.1004 -0.3957 0.0438, -1.1004 -0.433 0.0591, -1.1004 -0.3937 0.0591, -1.1004 -0.433 0.1024, -1.1004 -0.3937 0.1024, -1.1004 0.4331 0.0591, -1.1004 0.3938 0.0591, -1.1004 0.4338 0.054, -1.1004 0.3958 0.0438, -1.1004 0.4358 0.0492, -1.1004 0.4017 0.0295, -1.1004 0.4389 0.0451, -1.1004 0.411 0.0173, -1.1004 0.443 0.042, -1.1004 0.4233 0.0079, -1.1004 0.4477 0.04, -1.1004 0.4375 0.002, -1.1004 0.4528 0.0394, -1.1004 0.4528 0.0, -1.1004 0.4922 0.0394, -1.1004 0.4922 0.0, -1.1496 0.3938 0.2047, -1.2717 0.3938 0.2047, -1.2717 0.3938 0.1969, -1.0433 0.3938 0.185, -1.1496 0.3938 0.185, -1.2717 0.3938 0.1024, -1.2185 0.3938 0.1024, -1.2185 0.3938 0.0591, -1.2717 0.4331 0.1024, -1.2185 0.4331 0.1024, -1.2185 -0.433 0.1024, -1.2185 -0.3937 0.1024, -1.2185 -0.433 0.0591, -1.2185 -0.3937 0.0591, -1.2185 -0.4337 0.054, -1.2185 -0.3957 0.0438, -1.2185 -0.4357 0.0492, -1.2185 -0.4016 0.0295, -1.2185 -0.4388 0.0451, -1.2185 -0.4109 0.0173, -1.2185 -0.4429 0.042, -1.2185 -0.4232 0.0079, -1.2185 -0.4476 0.04, -1.2185 -0.4374 0.002, -1.2185 -0.4527 0.0394, -1.2185 -0.4527 0.0, -1.2185 -0.4921 0.0394, -1.2185 -0.4921 0.0, -1.2185 0.4922 0.0394, -1.2185 0.4922 0.0, -1.2185 0.4528 0.0394, -1.2185 0.4528 0.0, -1.2185 0.4477 0.04, -1.2185 0.4375 0.002, -1.2185 0.443 0.042, -1.2185 0.4233 0.0079, -1.2185 0.4389 0.0451, -1.2185 0.411 0.0173, -1.2185 0.4358 0.0492, -1.2185 0.4017 0.0295, -1.2185 0.4338 0.054, -1.2185 0.3958 0.0438, -1.2185 0.4331 0.0591, -1.378 0.4331 0.2047, -1.378 0.4331 0.2441, -1.2717 0.4331 0.2047, -1.1496 0.4331 0.2441, -1.2717 0.4331 0.1969, -1.1496 0.4331 0.185, -1.0433 0.4331 0.185
            ]
        }
        coordIndex [
            0,1,2,-1,2,1,3,-1,4,5,6,-1,6,5,7,-1,6,7,8,-1,8,7,9,-1,8,9,10,-1,10,9,11,-1,10,11,12,-1,12,11,13,-1,12,13,14,-1,14,13,15,-1,14,15,16,-1,16,15,17,-1,16,17,18,-1,18,17,19,-1,18,19,20,-1,20,19,21,-1,1,0,22,-1,22,0,23,-1,22,23,24,-1,24,23,25,-1,24,25,26,-1,26,25,27,-1,26,27,28,-1,28,27,29,-1,28,29,30,-1,30,29,31,-1,30,31,32,-1,32,31,33,-1,32,33,34,-1,34,33,35,-1,34,35,36,-1,36,35,37,-1,38,39,40,-1,2,41,0,-1,0,41,42,-1,40,43,44,-1,38,40,42,-1,42,40,44,-1,42,44,0,-1,0,44,45,-1,0,45,23,-1,43,46,44,-1,44,46,47,-1,48,49,50,-1,50,49,51,-1,50,51,52,-1,52,51,53,-1,52,53,54,-1,54,53,55,-1,54,55,56,-1,56,55,57,-1,56,57,58,-1,58,57,59,-1,58,59,60,-1,60,59,61,-1,60,61,62,-1,62,61,63,-1,62,63,64,-1,64,63,65,-1,66,67,68,-1,68,67,69,-1,68,69,70,-1,70,69,71,-1,70,71,72,-1,72,71,73,-1,72,73,74,-1,74,73,75,-1,74,75,76,-1,76,75,77,-1,76,77,78,-1,78,77,79,-1,78,79,80,-1,80,79,45,-1,80,45,47,-1,47,45,44,-1,81,82,83,-1,83,82,84,-1,83,84,85,-1,85,84,86,-1,85,86,46,-1,46,86,47,-1,87,3,86,-1,86,3,1,-1,47,86,80,-1,80,86,1,-1,80,1,22,-1,
        ]
    }
}
Shape{
    appearance Appearance {
        material  Material 	{
            diffuseColor 0.25098039215686274 0.25098039215686274 0.25098039215686274
            specularColor 0.12549019607843137 0.12549019607843137 0.12549019607843137
            ambientIntensity 0.251
            transparency 0.0
            shininess 0.5
        }
    }
    geometry IndexedFaceSet {
        ccw TRUE
        solid FALSE
        coord DEF co Coordinate {
            point [
                -1.2717 0.4371 0.1969, -1.2717 0.4331 0.1969, -1.2717 0.4371 0.0945, -1.2717 0.4331 0.1024, -1.2717 0.3898 0.0945, -1.2717 0.3938 0.1024, -1.2717 0.3898 0.1575, -1.2717 0.3938 0.1969, -1.2717 0.3741 0.1969, -1.0433 0.4371 0.1969, -1.0827 0.4371 0.1969, -1.0433 0.4371 0.0945, -1.0827 0.4371 0.0945, -1.252 0.4371 0.0945, -1.252 0.4371 0.1969, -1.252 0.3898 0.0945, -1.252 0.3898 0.0551, -1.252 0.4804 0.0551, -1.252 0.4804 0.1969, 1.3819 -0.1574 0.0276, 1.3819 -0.1574 0.1969, 1.3976 -0.1574 0.0276, 1.3976 -0.1574 0.1969, 1.3976 0.1575 0.0276, 1.3976 0.1575 0.1969, 1.3819 0.1575 0.0276, 1.3819 0.1575 0.1969, -1.3583 0.3429 0.0276, -1.3386 0.3347 0.0079, -1.3583 -0.3428 0.0276, -1.3386 -0.3346 0.0079, -1.3977 -0.1574 0.0276, -1.3977 -0.1574 0.1969, -1.3819 -0.1574 0.0276, -1.3819 -0.1574 0.1969, -1.3819 0.1575 0.0276, -1.3819 0.1575 0.1969, -1.3977 0.1575 0.0276, -1.3977 0.1575 0.1969, -1.3977 0.3429 0.0276, -1.3977 -0.3428 0.0276, -1.3977 0.3544 0.0551, -1.3977 0.3642 0.0551, -1.3977 0.4804 0.1969, -1.3977 0.4804 0.0551, -1.3977 -0.3543 0.0551, -1.3977 -0.4803 0.1969, -1.3977 -0.4429 0.0551, -1.3977 -0.4803 0.0551, -1.1457 0.3544 0.0551, -0.7874 0.3544 0.0551, -0.6299 0.3544 0.0551, -0.4725 0.3544 0.0551, -0.315 0.3544 0.0551, -0.0 0.3544 0.0551, 1.3386 0.3347 0.0079, 0.1575 0.3544 0.0551, 0.3149 0.3544 0.0551, 0.4724 0.3544 0.0551, 0.6299 0.3544 0.0551, 0.7874 0.3544 0.0551, 1.3582 0.3429 0.0276, 1.3976 0.3544 0.0551, 1.3976 0.3429 0.0276, 1.3976 -0.3428 0.0276, 1.3976 -0.3543 0.0551, 1.3976 -0.4429 0.0551, 1.3976 -0.4803 0.1969, 1.3976 -0.4803 0.0551, 1.3976 0.4804 0.1969, 1.3976 0.3642 0.0551, 1.3976 0.4804 0.0551, -1.0827 0.4804 0.0551, -1.0827 0.4804 0.1969, -0.7874 0.4804 0.0551, -0.9941 0.4804 0.1969, -0.6299 0.4804 0.0551, -0.9666 0.4804 0.2244, 0.9665 0.4804 0.2244, 0.4724 0.4804 0.0551, 0.9665 0.4804 0.2598, 0.3149 0.4804 0.0551, 1.0827 0.4804 0.1969, 1.0827 0.4804 0.0551, 0.9941 0.4804 0.1969, 0.7874 0.4804 0.0551, 0.6299 0.4804 0.0551, 0.1575 0.4804 0.0551, -0.0 0.4804 0.0551, -0.9666 0.4804 0.2598, -0.315 0.4804 0.0551, -0.4725 0.4804 0.0551, 1.2519 0.4804 0.0551, 1.2519 0.4804 0.1969, 1.0433 0.4371 0.0945, 1.0827 0.4371 0.0945, 1.0433 0.4371 0.1969, 1.0827 0.4371 0.1969, 1.2716 0.4371 0.0945, 1.2716 0.4371 0.1969, 1.2519 0.4371 0.0945, 1.2519 0.4371 0.1969, 1.0827 0.3898 0.0945, 1.0827 0.3898 0.0551, 1.2519 0.3898 0.0945, 1.2519 0.3898 0.0551, -1.0433 -0.3897 0.0945, -1.0827 -0.3897 0.0945, -1.0433 -0.437 0.0945, -1.0827 -0.437 0.0945, -1.2717 -0.437 0.0945, -1.252 -0.437 0.0945, -1.2717 -0.3897 0.0945, -1.252 -0.3897 0.0945, 1.2716 -0.3897 0.0945, 1.2519 -0.3897 0.0945, 1.2716 -0.437 0.0945, 1.2519 -0.437 0.0945, 1.0433 -0.437 0.0945, 1.0827 -0.437 0.0945, 1.0433 -0.3897 0.0945, 1.0827 -0.3897 0.0945, -1.0433 0.3898 0.0945, -1.0827 0.3898 0.0945, 1.0433 0.3898 0.0945, 1.2716 0.3898 0.0945, 1.2519 -0.4803 0.1969, 1.2519 -0.437 0.1969, 1.2519 -0.4803 0.0551, 1.2519 -0.4429 0.0551, 1.2519 -0.3897 0.0551, 1.0827 -0.4803 0.0551, 1.0827 -0.4803 0.1969, 0.7874 -0.4803 0.0551, 0.9941 -0.4803 0.1969, 0.6299 -0.4803 0.0551, 0.9665 -0.4803 0.2244, -1.0827 -0.4803 0.1969, -1.0827 -0.4803 0.0551, -0.9941 -0.4803 0.1969, -0.7874 -0.4803 0.0551, -0.9666 -0.4803 0.2244, -0.0 -0.4803 0.0551, 0.9665 -0.4803 0.2598, -0.9666 -0.4803 0.2598, -0.6299 -0.4803 0.0551, -0.4725 -0.4803 0.0551, -0.315 -0.4803 0.0551, 0.1575 -0.4803 0.0551, 0.3149 -0.4803 0.0551, 0.4724 -0.4803 0.0551, -1.252 -0.4803 0.0551, -1.252 -0.4803 0.1969, 0.9665 -0.3287 0.0472, 0.9665 -0.2992 0.0472, 0.9665 -0.3287 0.2244, 0.9665 -0.2992 0.2402, 0.9665 -0.3629 0.2244, 0.9665 -0.3188 0.2598, 0.9941 -0.374 0.1969, -1.0827 -0.437 0.1969, -1.0433 -0.437 0.1969, -1.0433 -0.374 0.1969, -0.9941 -0.374 0.1969, -1.0433 0.3741 0.1969, -0.9941 0.3741 0.1969, 1.0433 0.3741 0.1969, 0.9941 0.3741 0.1969, 1.0433 -0.374 0.1969, 1.0433 -0.437 0.1969, 1.0827 -0.437 0.1969, 0.9665 0.363 0.2244, 0.9665 0.3189 0.2598, 0.9665 0.3288 0.2244, 0.9665 0.2993 0.2402, 0.9665 0.3288 0.0472, 0.9665 0.2993 0.0472, 1.1358 0.3288 0.2244, 1.1358 0.363 0.2244, 1.1634 0.3288 0.1969, 1.2421 0.3288 0.1969, 1.2421 0.3288 0.0472, 1.1634 0.3741 0.1969, 1.2716 0.3741 0.1969, 1.2716 0.3898 0.1575, 1.0433 0.3898 0.1575, 1.0433 0.3938 0.185, 1.0433 0.3938 0.1024, 1.0433 0.4331 0.1024, 1.0433 0.4331 0.185
            ]
        }
        coordIndex [
            0,1,2,-1,2,1,3,-1,2,3,4,-1,4,3,5,-1,4,5,6,-1,6,5,7,-1,6,7,8,-1,9,10,11,-1,11,10,12,-1,13,14,2,-1,2,14,0,-1,15,16,13,-1,13,16,17,-1,13,17,14,-1,14,17,18,-1,19,20,21,-1,21,20,22,-1,23,24,25,-1,25,24,26,-1,27,28,29,-1,29,28,30,-1,31,32,33,-1,33,32,34,-1,33,34,35,-1,35,34,36,-1,35,36,37,-1,37,36,38,-1,37,39,35,-1,35,39,27,-1,35,27,33,-1,33,27,29,-1,33,29,31,-1,31,29,40,-1,39,37,41,-1,41,37,38,-1,41,38,42,-1,42,38,43,-1,42,43,44,-1,31,40,32,-1,32,40,45,-1,32,45,46,-1,46,45,47,-1,46,47,48,-1,39,41,27,-1,27,41,49,-1,27,49,28,-1,49,50,28,-1,28,50,51,-1,28,51,52,-1,52,53,28,-1,28,53,54,-1,28,54,55,-1,54,56,55,-1,55,56,57,-1,55,57,58,-1,58,59,55,-1,55,59,60,-1,55,60,61,-1,61,60,62,-1,61,62,63,-1,64,21,65,-1,65,21,22,-1,65,22,66,-1,66,22,67,-1,66,67,68,-1,23,63,24,-1,24,63,62,-1,24,62,69,-1,69,62,70,-1,69,70,71,-1,72,73,74,-1,74,73,75,-1,74,75,76,-1,76,75,77,-1,78,79,80,-1,80,79,81,-1,82,83,84,-1,84,83,85,-1,84,85,78,-1,78,85,86,-1,78,86,79,-1,81,87,80,-1,80,87,88,-1,80,88,89,-1,89,88,90,-1,89,90,77,-1,77,90,91,-1,77,91,76,-1,43,18,44,-1,44,18,17,-1,71,92,69,-1,69,92,93,-1,94,95,96,-1,96,95,97,-1,98,99,100,-1,100,99,101,-1,102,103,95,-1,95,103,83,-1,95,83,97,-1,97,83,82,-1,101,93,100,-1,100,93,92,-1,100,92,104,-1,104,92,105,-1,106,107,108,-1,108,107,109,-1,110,111,112,-1,112,111,113,-1,114,115,116,-1,116,115,117,-1,118,119,120,-1,120,119,121,-1,4,15,2,-1,2,15,13,-1,11,12,122,-1,122,12,123,-1,124,102,94,-1,94,102,95,-1,98,100,125,-1,125,100,104,-1,126,127,128,-1,128,127,117,-1,128,117,129,-1,129,117,115,-1,129,115,130,-1,131,132,133,-1,133,132,134,-1,133,134,135,-1,135,134,136,-1,137,138,139,-1,139,138,140,-1,139,140,141,-1,142,143,144,-1,140,145,141,-1,141,145,146,-1,141,146,144,-1,144,146,147,-1,144,147,142,-1,142,148,143,-1,143,148,149,-1,143,149,136,-1,136,149,150,-1,136,150,135,-1,48,151,46,-1,46,151,152,-1,67,126,68,-1,68,126,128,-1,153,154,155,-1,155,154,156,-1,155,156,157,-1,157,156,158,-1,157,158,136,-1,136,158,143,-1,159,157,134,-1,134,157,136,-1,160,137,161,-1,161,137,139,-1,161,139,162,-1,162,139,163,-1,164,165,9,-1,9,165,75,-1,9,75,10,-1,10,75,73,-1,97,82,96,-1,96,82,84,-1,96,84,166,-1,166,84,167,-1,168,159,169,-1,169,159,134,-1,169,134,170,-1,170,134,132,-1,171,167,78,-1,78,167,84,-1,78,80,171,-1,171,80,172,-1,171,172,173,-1,173,172,174,-1,173,174,175,-1,175,174,176,-1,177,178,173,-1,173,178,171,-1,177,173,179,-1,179,173,175,-1,179,175,180,-1,180,175,181,-1,179,182,177,-1,177,182,178,-1,183,184,182,-1,182,184,185,-1,182,185,178,-1,178,185,166,-1,178,166,171,-1,171,166,167,-1,185,184,104,-1,104,184,125,-1,124,185,102,-1,102,185,104,-1,102,104,103,-1,103,104,105,-1,96,166,186,-1,186,166,185,-1,186,185,187,-1,187,185,124,-1,187,124,188,-1,188,124,94,-1,188,94,189,-1,189,94,96,-1,189,96,186,-1,
        ]
    }
}
Shape{
    appearance Appearance {
        material  Material 	{
            diffuseColor 0.7529411764705882 0.7529411764705882 0.7529411764705882
            specularColor 0.3764705882352941 0.3764705882352941 0.3764705882352941
            ambientIntensity 0.7529
            transparency 0.0
            shininess 0.5
        }
    }
    geometry IndexedFaceSet {
        ccw TRUE
        solid FALSE
        coord DEF co Coordinate {
            point [
                1.0433 0.3938 0.1024, 1.0433 0.4331 0.1024, 1.1004 0.3938 0.1024, 1.1004 0.4331 0.1024, 1.1004 -0.433 0.1024, 1.1004 -0.3937 0.1024, 1.1004 -0.433 0.0591, 1.1004 -0.3937 0.0591, 1.1004 -0.4337 0.054, 1.1004 -0.3957 0.0438, 1.1004 -0.4357 0.0492, 1.1004 -0.4016 0.0295, 1.1004 -0.4388 0.0451, 1.1004 -0.4109 0.0173, 1.1004 -0.4429 0.042, 1.1004 -0.4232 0.0079, 1.1004 -0.4476 0.04, 1.1004 -0.4374 0.002, 1.1004 -0.4527 0.0394, 1.1004 -0.4527 0.0, 1.1004 -0.4921 0.0394, 1.1004 -0.4921 0.0, 1.1004 0.4922 0.0394, 1.1004 0.4922 0.0, 1.1004 0.4528 0.0394, 1.1004 0.4528 0.0, 1.1004 0.4477 0.04, 1.1004 0.4375 0.002, 1.1004 0.443 0.042, 1.1004 0.4233 0.0079, 1.1004 0.4389 0.0451, 1.1004 0.411 0.0173, 1.1004 0.4358 0.0492, 1.1004 0.4017 0.0295, 1.1004 0.4338 0.054, 1.1004 0.3958 0.0438, 1.1004 0.4331 0.0591, 1.1004 0.3938 0.0591, 1.0433 0.4331 0.185, 1.1496 0.4331 0.185, 1.3779 0.4331 0.2441, 1.3779 0.4331 0.2047, 1.2716 0.4331 0.2047, 1.2185 0.4331 0.1024, 1.2185 0.4331 0.0591, 1.2716 0.4331 0.1024, 1.2716 0.4331 0.1969, 1.1496 0.4331 0.2441
            ]
        }
        coordIndex [
            0,1,2,-1,2,1,3,-1,4,5,6,-1,6,5,7,-1,6,7,8,-1,8,7,9,-1,8,9,10,-1,10,9,11,-1,10,11,12,-1,12,11,13,-1,12,13,14,-1,14,13,15,-1,14,15,16,-1,16,15,17,-1,16,17,18,-1,18,17,19,-1,18,19,20,-1,20,19,21,-1,22,23,24,-1,24,23,25,-1,24,25,26,-1,26,25,27,-1,26,27,28,-1,28,27,29,-1,28,29,30,-1,30,29,31,-1,30,31,32,-1,32,31,33,-1,32,33,34,-1,34,33,35,-1,34,35,36,-1,36,35,37,-1,36,37,3,-1,3,37,2,-1,1,38,3,-1,3,38,39,-1,40,41,42,-1,39,43,3,-1,3,43,44,-1,3,44,36,-1,45,43,46,-1,46,43,39,-1,46,39,42,-1,42,39,47,-1,42,47,40,-1,
        ]
    }
}
Shape{
    appearance Appearance {
        material  Material 	{
            diffuseColor 0.25098039215686274 0.25098039215686274 0.25098039215686274
            specularColor 0.12549019607843137 0.12549019607843137 0.12549019607843137
            ambientIntensity 0.251
            transparency 0.0
            shininess 0.5
        }
    }
    geometry IndexedFaceSet {
        ccw TRUE
        solid FALSE
        coord DEF co Coordinate {
            point [
                1.2716 0.3741 0.1969, 1.2716 0.3938 0.1969, 1.2716 0.3898 0.1575, 1.2716 0.3938 0.1024, 1.2716 0.4331 0.1969, 1.2716 0.4371 0.1969, 1.2716 0.4331 0.1024, 1.2716 0.4371 0.0945, 1.2716 0.3898 0.0945, -1.2421 0.3288 0.1969, -1.1634 0.3288 0.1969, -1.1634 0.3741 0.1969, -1.2717 0.3741 0.1969, -1.3819 0.1575 0.1969, -1.2421 -0.3287 0.1969, -1.3819 -0.1574 0.1969, -1.3977 -0.1574 0.1969, -1.2717 0.3938 0.1969, -1.3977 0.4804 0.1969, -1.3977 0.1575 0.1969, -1.252 0.4371 0.1969, -1.252 0.4804 0.1969, -1.2717 0.4371 0.1969, -1.2717 0.4331 0.1969, -1.252 -0.4803 0.1969, -1.252 -0.437 0.1969, -1.3977 -0.4803 0.1969, -1.2717 -0.437 0.1969, -1.2717 -0.374 0.1969, -1.1634 -0.374 0.1969, -1.1634 -0.3287 0.1969, -1.2717 -0.3937 0.1969, -1.2717 -0.433 0.1969, 1.2519 0.4804 0.1969, 1.2519 0.4371 0.1969, 1.3976 0.4804 0.1969, 1.1634 0.3741 0.1969, 1.1634 0.3288 0.1969, 1.2421 0.3288 0.1969, 1.3976 0.1575 0.1969, 1.3819 0.1575 0.1969, 1.3819 -0.1574 0.1969, 1.2421 -0.3287 0.1969, 1.3976 -0.1574 0.1969, 1.3976 -0.4803 0.1969, 1.2519 -0.437 0.1969, 1.2519 -0.4803 0.1969, 1.2716 -0.437 0.1969, 1.2716 -0.433 0.1969, 1.1634 -0.3287 0.1969, 1.1634 -0.374 0.1969, 1.2716 -0.374 0.1969, 1.2716 -0.3937 0.1969, 1.3819 0.1575 0.0276, 1.3819 -0.1574 0.0276, 1.3976 -0.1574 0.0276, 1.3976 -0.3428 0.0276, 1.3582 -0.3428 0.0276, 1.3582 0.3429 0.0276, 1.3976 0.1575 0.0276, 1.3976 0.3429 0.0276, 1.3976 -0.3543 0.0551, 0.7874 -0.3543 0.0551, 1.3386 -0.3346 0.0079, 0.6299 -0.3543 0.0551, 0.4724 -0.3543 0.0551, 0.3149 -0.3543 0.0551, 0.1575 -0.3543 0.0551, -0.0 -0.3543 0.0551, -1.3386 -0.3346 0.0079, -0.315 -0.3543 0.0551, -0.4725 -0.3543 0.0551, -0.6299 -0.3543 0.0551, -0.7874 -0.3543 0.0551, -1.1457 -0.3543 0.0551, -1.3583 -0.3428 0.0276, -1.3977 -0.3543 0.0551, -1.3977 -0.3428 0.0276, 1.3386 0.3347 0.0079
            ]
        }
        coordIndex [
            0,1,2,-1,2,1,3,-1,4,5,6,-1,6,5,7,-1,6,7,3,-1,3,7,8,-1,3,8,2,-1,9,10,11,-1,11,12,9,-1,9,12,13,-1,9,13,14,-1,14,13,15,-1,14,15,16,-1,17,18,12,-1,12,18,19,-1,12,19,13,-1,20,21,22,-1,22,21,18,-1,22,18,23,-1,23,18,17,-1,24,25,26,-1,26,25,27,-1,28,29,30,-1,30,14,28,-1,28,14,16,-1,28,16,31,-1,31,16,26,-1,31,26,32,-1,32,26,27,-1,33,34,35,-1,35,34,5,-1,36,37,0,-1,0,37,38,-1,5,4,35,-1,35,4,1,-1,35,1,39,-1,39,1,0,-1,39,0,40,-1,40,0,38,-1,40,38,41,-1,41,38,42,-1,41,42,43,-1,43,42,44,-1,45,46,47,-1,47,46,44,-1,47,44,48,-1,49,50,42,-1,42,50,51,-1,42,51,44,-1,44,51,52,-1,44,52,48,-1,53,40,54,-1,54,40,41,-1,55,56,54,-1,54,56,57,-1,54,57,53,-1,53,57,58,-1,53,58,59,-1,59,58,60,-1,56,61,57,-1,57,61,62,-1,57,62,63,-1,62,64,63,-1,63,64,65,-1,63,65,66,-1,66,67,63,-1,63,67,68,-1,63,68,69,-1,68,70,69,-1,69,70,71,-1,69,71,72,-1,72,73,69,-1,69,73,74,-1,69,74,75,-1,75,74,76,-1,75,76,77,-1,57,63,58,-1,58,63,78,-1,
        ]
    }
}
Shape{
    appearance Appearance {
        material  Material 	{
            diffuseColor 1.0 1.0 0.0
            specularColor 0.5019607843137255 0.5019607843137255 0.0
            ambientIntensity 0.886
            transparency 0.0
            shininess 0.5
        }
    }
    geometry IndexedFaceSet {
        ccw TRUE
        solid FALSE
        coord DEF co Coordinate {
            point [
                -0.8386 -0.4055 0.0472, -0.8386 -0.4055 0.0551, -0.8937 -0.4055 0.0472, -0.8937 -0.4055 0.0551, -0.8386 -0.406 0.0432, -0.8937 -0.406 0.0432, -0.8386 -0.4076 0.0394, -0.8937 -0.4076 0.0394, -0.8386 -0.4101 0.0361, -0.8937 -0.4101 0.0361, -0.8386 -0.4133 0.0336, -0.8937 -0.4133 0.0336, -0.8386 -0.4171 0.032, -0.8937 -0.4171 0.032, -0.8386 -0.4212 0.0315, -0.8937 -0.4212 0.0315, -0.8386 -0.4921 0.0315, -0.8937 -0.4921 0.0315, -0.8386 -0.4921 0.0, -0.8937 -0.4921 0.0, -0.8386 -0.4212 0.0, -0.8937 -0.4212 0.0, -0.8937 -0.409 0.0016, -0.8386 -0.409 0.0016, -0.8937 -0.3976 0.0063, -0.8386 -0.3976 0.0063, -0.8937 -0.3878 0.0138, -0.8386 -0.3878 0.0138, -0.8937 -0.3803 0.0236, -0.8386 -0.3803 0.0236, -0.8937 -0.3756 0.035, -0.8386 -0.3756 0.035, -0.8937 -0.374 0.0472, -0.8386 -0.374 0.0472, -0.8386 -0.374 0.0551, -0.8937 -0.374 0.0551, -0.8386 0.4213 0.0315, -0.8386 0.4922 0.0315, -0.8937 0.4213 0.0315, -0.8937 0.4922 0.0315, -0.8386 0.4172 0.032, -0.8937 0.4172 0.032, -0.8386 0.4134 0.0336, -0.8937 0.4134 0.0336, -0.8386 0.4102 0.0361, -0.8937 0.4102 0.0361, -0.8386 0.4077 0.0394, -0.8937 0.4077 0.0394, -0.8386 0.4061 0.0432, -0.8937 0.4061 0.0432, -0.8386 0.4056 0.0472, -0.8937 0.4056 0.0472, -0.8386 0.4056 0.0551, -0.8937 0.4056 0.0551, -0.8386 0.3741 0.0472, -0.8386 0.3741 0.0551, -0.8937 0.3741 0.0472, -0.8937 0.3741 0.0551, -0.8937 0.3757 0.035, -0.8386 0.3757 0.035, -0.8937 0.3804 0.0236, -0.8386 0.3804 0.0236, -0.8937 0.3879 0.0138, -0.8386 0.3879 0.0138, -0.8937 0.3977 0.0063, -0.8386 0.3977 0.0063, -0.8937 0.4091 0.0016, -0.8386 0.4091 0.0016, -0.8937 0.4213 0.0, -0.8386 0.4213 0.0, -0.8386 0.4922 0.0, -0.8937 0.4922 0.0, -0.6811 -0.4055 0.0472, -0.6811 -0.4055 0.0551, -0.7362 -0.4055 0.0472, -0.7362 -0.4055 0.0551, -0.6811 -0.406 0.0432, -0.7362 -0.406 0.0432, -0.6811 -0.4076 0.0394, -0.7362 -0.4076 0.0394, -0.6811 -0.4101 0.0361, -0.7362 -0.4101 0.0361, -0.6811 -0.4133 0.0336, -0.7362 -0.4133 0.0336, -0.6811 -0.4171 0.032, -0.7362 -0.4171 0.032, -0.6811 -0.4212 0.0315, -0.7362 -0.4212 0.0315, -0.6811 -0.4921 0.0315, -0.7362 -0.4921 0.0315, -0.6811 -0.4921 0.0, -0.7362 -0.4921 0.0, -0.6811 -0.4212 0.0, -0.7362 -0.4212 0.0, -0.7362 -0.409 0.0016, -0.6811 -0.409 0.0016, -0.7362 -0.3976 0.0063, -0.6811 -0.3976 0.0063, -0.7362 -0.3878 0.0138, -0.6811 -0.3878 0.0138, -0.7362 -0.3803 0.0236, -0.6811 -0.3803 0.0236, -0.7362 -0.3756 0.035, -0.6811 -0.3756 0.035, -0.7362 -0.374 0.0472, -0.6811 -0.374 0.0472, -0.6811 -0.374 0.0551, -0.7362 -0.374 0.0551, -0.6811 0.4213 0.0315, -0.6811 0.4922 0.0315, -0.7362 0.4213 0.0315, -0.7362 0.4922 0.0315, -0.6811 0.4172 0.032, -0.7362 0.4172 0.032, -0.6811 0.4134 0.0336, -0.7362 0.4134 0.0336, -0.6811 0.4102 0.0361, -0.7362 0.4102 0.0361, -0.6811 0.4077 0.0394, -0.7362 0.4077 0.0394, -0.6811 0.4061 0.0432, -0.7362 0.4061 0.0432, -0.6811 0.4056 0.0472, -0.7362 0.4056 0.0472, -0.6811 0.4056 0.0551, -0.7362 0.4056 0.0551, -0.6811 0.3741 0.0472, -0.6811 0.3741 0.0551, -0.7362 0.3741 0.0472, -0.7362 0.3741 0.0551, -0.7362 0.3757 0.035, -0.6811 0.3757 0.035, -0.7362 0.3804 0.0236, -0.6811 0.3804 0.0236, -0.7362 0.3879 0.0138, -0.6811 0.3879 0.0138, -0.7362 0.3977 0.0063, -0.6811 0.3977 0.0063, -0.7362 0.4091 0.0016, -0.6811 0.4091 0.0016, -0.7362 0.4213 0.0, -0.6811 0.4213 0.0, -0.6811 0.4922 0.0, -0.7362 0.4922 0.0, -0.5236 -0.4055 0.0472, -0.5236 -0.4055 0.0551, -0.5788 -0.4055 0.0472, -0.5788 -0.4055 0.0551, -0.5236 -0.406 0.0432, -0.5788 -0.406 0.0432, -0.5236 -0.4076 0.0394, -0.5788 -0.4076 0.0394, -0.5236 -0.4101 0.0361, -0.5788 -0.4101 0.0361, -0.5236 -0.4133 0.0336, -0.5788 -0.4133 0.0336, -0.5236 -0.4171 0.032, -0.5788 -0.4171 0.032, -0.5236 -0.4212 0.0315, -0.5788 -0.4212 0.0315, -0.5236 -0.4921 0.0315, -0.5788 -0.4921 0.0315, -0.5236 -0.4921 0.0, -0.5788 -0.4921 0.0, -0.5236 -0.4212 0.0, -0.5788 -0.4212 0.0, -0.5788 -0.409 0.0016, -0.5236 -0.409 0.0016, -0.5788 -0.3976 0.0063, -0.5236 -0.3976 0.0063, -0.5788 -0.3878 0.0138, -0.5236 -0.3878 0.0138, -0.5788 -0.3803 0.0236, -0.5236 -0.3803 0.0236, -0.5788 -0.3756 0.035, -0.5236 -0.3756 0.035, -0.5788 -0.374 0.0472, -0.5236 -0.374 0.0472, -0.5236 -0.374 0.0551, -0.5788 -0.374 0.0551, -0.5236 0.4213 0.0315, -0.5236 0.4922 0.0315, -0.5788 0.4213 0.0315, -0.5788 0.4922 0.0315, -0.5236 0.4172 0.032, -0.5788 0.4172 0.032, -0.5236 0.4134 0.0336, -0.5788 0.4134 0.0336, -0.5236 0.4102 0.0361, -0.5788 0.4102 0.0361, -0.5236 0.4077 0.0394, -0.5788 0.4077 0.0394, -0.5236 0.4061 0.0432, -0.5788 0.4061 0.0432, -0.5236 0.4056 0.0472, -0.5788 0.4056 0.0472, -0.5236 0.4056 0.0551, -0.5788 0.4056 0.0551, -0.5236 0.3741 0.0472, -0.5236 0.3741 0.0551, -0.5788 0.3741 0.0472, -0.5788 0.3741 0.0551, -0.5788 0.3757 0.035, -0.5236 0.3757 0.035, -0.5788 0.3804 0.0236, -0.5236 0.3804 0.0236, -0.5788 0.3879 0.0138, -0.5236 0.3879 0.0138, -0.5788 0.3977 0.0063, -0.5236 0.3977 0.0063, -0.5788 0.4091 0.0016, -0.5236 0.4091 0.0016, -0.5788 0.4213 0.0, -0.5236 0.4213 0.0, -0.5236 0.4922 0.0, -0.5788 0.4922 0.0, -0.3662 -0.4055 0.0472, -0.3662 -0.4055 0.0551, -0.4213 -0.4055 0.0472, -0.4213 -0.4055 0.0551, -0.3662 -0.406 0.0432, -0.4213 -0.406 0.0432, -0.3662 -0.4076 0.0394, -0.4213 -0.4076 0.0394, -0.3662 -0.4101 0.0361, -0.4213 -0.4101 0.0361, -0.3662 -0.4133 0.0336, -0.4213 -0.4133 0.0336, -0.3662 -0.4171 0.032, -0.4213 -0.4171 0.032, -0.3662 -0.4212 0.0315, -0.4213 -0.4212 0.0315, -0.3662 -0.4921 0.0315, -0.4213 -0.4921 0.0315, -0.3662 -0.4921 0.0, -0.4213 -0.4921 0.0, -0.3662 -0.4212 0.0, -0.4213 -0.4212 0.0, -0.4213 -0.409 0.0016, -0.3662 -0.409 0.0016, -0.4213 -0.3976 0.0063, -0.3662 -0.3976 0.0063, -0.4213 -0.3878 0.0138, -0.3662 -0.3878 0.0138, -0.4213 -0.3803 0.0236, -0.3662 -0.3803 0.0236, -0.4213 -0.3756 0.035, -0.3662 -0.3756 0.035, -0.4213 -0.374 0.0472, -0.3662 -0.374 0.0472, -0.3662 -0.374 0.0551, -0.4213 -0.374 0.0551, -0.3662 0.4213 0.0315, -0.3662 0.4922 0.0315, -0.4213 0.4213 0.0315, -0.4213 0.4922 0.0315, -0.3662 0.4172 0.032, -0.4213 0.4172 0.032, -0.3662 0.4134 0.0336, -0.4213 0.4134 0.0336, -0.3662 0.4102 0.0361, -0.4213 0.4102 0.0361, -0.3662 0.4077 0.0394, -0.4213 0.4077 0.0394, -0.3662 0.4061 0.0432, -0.4213 0.4061 0.0432, -0.3662 0.4056 0.0472, -0.4213 0.4056 0.0472, -0.3662 0.4056 0.0551, -0.4213 0.4056 0.0551, -0.3662 0.3741 0.0472, -0.3662 0.3741 0.0551, -0.4213 0.3741 0.0472, -0.4213 0.3741 0.0551, -0.4213 0.3757 0.035, -0.3662 0.3757 0.035, -0.4213 0.3804 0.0236, -0.3662 0.3804 0.0236, -0.4213 0.3879 0.0138, -0.3662 0.3879 0.0138, -0.4213 0.3977 0.0063, -0.3662 0.3977 0.0063, -0.4213 0.4091 0.0016, -0.3662 0.4091 0.0016, -0.4213 0.4213 0.0, -0.3662 0.4213 0.0, -0.3662 0.4922 0.0, -0.4213 0.4922 0.0, -0.2087 -0.4055 0.0472, -0.2087 -0.4055 0.0551, -0.2638 -0.4055 0.0472, -0.2638 -0.4055 0.0551, -0.2087 -0.406 0.0432, -0.2638 -0.406 0.0432, -0.2087 -0.4076 0.0394, -0.2638 -0.4076 0.0394, -0.2087 -0.4101 0.0361, -0.2638 -0.4101 0.0361, -0.2087 -0.4133 0.0336, -0.2638 -0.4133 0.0336, -0.2087 -0.4171 0.032, -0.2638 -0.4171 0.032, -0.2087 -0.4212 0.0315, -0.2638 -0.4212 0.0315, -0.2087 -0.4921 0.0315, -0.2638 -0.4921 0.0315, -0.2087 -0.4921 0.0, -0.2638 -0.4921 0.0, -0.2087 -0.4212 0.0, -0.2638 -0.4212 0.0, -0.2638 -0.409 0.0016, -0.2087 -0.409 0.0016, -0.2638 -0.3976 0.0063, -0.2087 -0.3976 0.0063, -0.2638 -0.3878 0.0138, -0.2087 -0.3878 0.0138, -0.2638 -0.3803 0.0236, -0.2087 -0.3803 0.0236, -0.2638 -0.3756 0.035, -0.2087 -0.3756 0.035, -0.2638 -0.374 0.0472, -0.2087 -0.374 0.0472, -0.2087 -0.374 0.0551, -0.2638 -0.374 0.0551, -0.2087 0.4213 0.0315, -0.2087 0.4922 0.0315, -0.2638 0.4213 0.0315, -0.2638 0.4922 0.0315, -0.2087 0.4172 0.032, -0.2638 0.4172 0.032, -0.2087 0.4134 0.0336, -0.2638 0.4134 0.0336, -0.2087 0.4102 0.0361, -0.2638 0.4102 0.0361, -0.2087 0.4077 0.0394, -0.2638 0.4077 0.0394, -0.2087 0.4061 0.0432, -0.2638 0.4061 0.0432, -0.2087 0.4056 0.0472, -0.2638 0.4056 0.0472, -0.2087 0.4056 0.0551, -0.2638 0.4056 0.0551, -0.2087 0.3741 0.0472, -0.2087 0.3741 0.0551, -0.2638 0.3741 0.0472, -0.2638 0.3741 0.0551, -0.2638 0.3757 0.035, -0.2087 0.3757 0.035, -0.2638 0.3804 0.0236, -0.2087 0.3804 0.0236, -0.2638 0.3879 0.0138, -0.2087 0.3879 0.0138, -0.2638 0.3977 0.0063, -0.2087 0.3977 0.0063, -0.2638 0.4091 0.0016, -0.2087 0.4091 0.0016, -0.2638 0.4213 0.0, -0.2087 0.4213 0.0, -0.2087 0.4922 0.0, -0.2638 0.4922 0.0, -0.0512 -0.4055 0.0472, -0.0512 -0.4055 0.0551, -0.1063 -0.4055 0.0472, -0.1063 -0.4055 0.0551, -0.0512 -0.406 0.0432, -0.1063 -0.406 0.0432, -0.0512 -0.4076 0.0394, -0.1063 -0.4076 0.0394, -0.0512 -0.4101 0.0361, -0.1063 -0.4101 0.0361, -0.0512 -0.4133 0.0336, -0.1063 -0.4133 0.0336, -0.0512 -0.4171 0.032, -0.1063 -0.4171 0.032, -0.0512 -0.4212 0.0315, -0.1063 -0.4212 0.0315, -0.0512 -0.4921 0.0315, -0.1063 -0.4921 0.0315, -0.0512 -0.4921 0.0, -0.1063 -0.4921 0.0, -0.0512 -0.4212 0.0, -0.1063 -0.4212 0.0, -0.1063 -0.409 0.0016, -0.0512 -0.409 0.0016, -0.1063 -0.3976 0.0063, -0.0512 -0.3976 0.0063, -0.1063 -0.3878 0.0138, -0.0512 -0.3878 0.0138, -0.1063 -0.3803 0.0236, -0.0512 -0.3803 0.0236, -0.1063 -0.3756 0.035, -0.0512 -0.3756 0.035, -0.1063 -0.374 0.0472, -0.0512 -0.374 0.0472, -0.0512 -0.374 0.0551, -0.1063 -0.374 0.0551, -0.0512 0.4213 0.0315, -0.0512 0.4922 0.0315, -0.1063 0.4213 0.0315, -0.1063 0.4922 0.0315, -0.0512 0.4172 0.032, -0.1063 0.4172 0.032, -0.0512 0.4134 0.0336, -0.1063 0.4134 0.0336, -0.0512 0.4102 0.0361, -0.1063 0.4102 0.0361, -0.0512 0.4077 0.0394, -0.1063 0.4077 0.0394, -0.0512 0.4061 0.0432, -0.1063 0.4061 0.0432, -0.0512 0.4056 0.0472, -0.1063 0.4056 0.0472, -0.0512 0.4056 0.0551, -0.1063 0.4056 0.0551, -0.0512 0.3741 0.0472, -0.0512 0.3741 0.0551, -0.1063 0.3741 0.0472, -0.1063 0.3741 0.0551, -0.1063 0.3757 0.035, -0.0512 0.3757 0.035, -0.1063 0.3804 0.0236, -0.0512 0.3804 0.0236, -0.1063 0.3879 0.0138, -0.0512 0.3879 0.0138, -0.1063 0.3977 0.0063, -0.0512 0.3977 0.0063, -0.1063 0.4091 0.0016, -0.0512 0.4091 0.0016, -0.1063 0.4213 0.0, -0.0512 0.4213 0.0, -0.0512 0.4922 0.0, -0.1063 0.4922 0.0, 0.1063 -0.4055 0.0472, 0.1063 -0.4055 0.0551, 0.0512 -0.4055 0.0472, 0.0512 -0.4055 0.0551, 0.1063 -0.406 0.0432, 0.0512 -0.406 0.0432, 0.1063 -0.4076 0.0394, 0.0512 -0.4076 0.0394, 0.1063 -0.4101 0.0361, 0.0512 -0.4101 0.0361, 0.1063 -0.4133 0.0336, 0.0512 -0.4133 0.0336, 0.1063 -0.4171 0.032, 0.0512 -0.4171 0.032, 0.1063 -0.4212 0.0315, 0.0512 -0.4212 0.0315, 0.1063 -0.4921 0.0315, 0.0512 -0.4921 0.0315, 0.1063 -0.4921 0.0, 0.0512 -0.4921 0.0, 0.1063 -0.4212 0.0, 0.0512 -0.4212 0.0, 0.0512 -0.409 0.0016, 0.1063 -0.409 0.0016, 0.0512 -0.3976 0.0063, 0.1063 -0.3976 0.0063, 0.0512 -0.3878 0.0138, 0.1063 -0.3878 0.0138, 0.0512 -0.3803 0.0236, 0.1063 -0.3803 0.0236, 0.0512 -0.3756 0.035, 0.1063 -0.3756 0.035, 0.0512 -0.374 0.0472, 0.1063 -0.374 0.0472, 0.1063 -0.374 0.0551, 0.0512 -0.374 0.0551, 0.1063 0.4213 0.0315, 0.1063 0.4922 0.0315, 0.0512 0.4213 0.0315, 0.0512 0.4922 0.0315, 0.1063 0.4172 0.032, 0.0512 0.4172 0.032, 0.1063 0.4134 0.0336, 0.0512 0.4134 0.0336, 0.1063 0.4102 0.0361, 0.0512 0.4102 0.0361, 0.1063 0.4077 0.0394, 0.0512 0.4077 0.0394, 0.1063 0.4061 0.0432, 0.0512 0.4061 0.0432, 0.1063 0.4056 0.0472, 0.0512 0.4056 0.0472, 0.1063 0.4056 0.0551, 0.0512 0.4056 0.0551, 0.1063 0.3741 0.0472, 0.1063 0.3741 0.0551, 0.0512 0.3741 0.0472, 0.0512 0.3741 0.0551, 0.0512 0.3757 0.035, 0.1063 0.3757 0.035, 0.0512 0.3804 0.0236, 0.1063 0.3804 0.0236, 0.0512 0.3879 0.0138, 0.1063 0.3879 0.0138, 0.0512 0.3977 0.0063, 0.1063 0.3977 0.0063, 0.0512 0.4091 0.0016, 0.1063 0.4091 0.0016, 0.0512 0.4213 0.0, 0.1063 0.4213 0.0, 0.1063 0.4922 0.0, 0.0512 0.4922 0.0, 0.2638 -0.4055 0.0472, 0.2638 -0.4055 0.0551, 0.2086 -0.4055 0.0472, 0.2086 -0.4055 0.0551, 0.2638 -0.406 0.0432, 0.2086 -0.406 0.0432, 0.2638 -0.4076 0.0394, 0.2086 -0.4076 0.0394, 0.2638 -0.4101 0.0361, 0.2086 -0.4101 0.0361, 0.2638 -0.4133 0.0336, 0.2086 -0.4133 0.0336, 0.2638 -0.4171 0.032, 0.2086 -0.4171 0.032, 0.2638 -0.4212 0.0315, 0.2086 -0.4212 0.0315, 0.2638 -0.4921 0.0315, 0.2086 -0.4921 0.0315, 0.2638 -0.4921 0.0, 0.2086 -0.4921 0.0, 0.2638 -0.4212 0.0, 0.2086 -0.4212 0.0, 0.2086 -0.409 0.0016, 0.2638 -0.409 0.0016, 0.2086 -0.3976 0.0063, 0.2638 -0.3976 0.0063, 0.2086 -0.3878 0.0138, 0.2638 -0.3878 0.0138, 0.2086 -0.3803 0.0236, 0.2638 -0.3803 0.0236, 0.2086 -0.3756 0.035, 0.2638 -0.3756 0.035, 0.2086 -0.374 0.0472, 0.2638 -0.374 0.0472, 0.2638 -0.374 0.0551, 0.2086 -0.374 0.0551, 0.2638 0.4213 0.0315, 0.2638 0.4922 0.0315, 0.2086 0.4213 0.0315, 0.2086 0.4922 0.0315, 0.2638 0.4172 0.032, 0.2086 0.4172 0.032, 0.2638 0.4134 0.0336, 0.2086 0.4134 0.0336, 0.2638 0.4102 0.0361, 0.2086 0.4102 0.0361, 0.2638 0.4077 0.0394, 0.2086 0.4077 0.0394, 0.2638 0.4061 0.0432, 0.2086 0.4061 0.0432, 0.2638 0.4056 0.0472, 0.2086 0.4056 0.0472, 0.2638 0.4056 0.0551, 0.2086 0.4056 0.0551, 0.2638 0.3741 0.0472, 0.2638 0.3741 0.0551, 0.2086 0.3741 0.0472, 0.2086 0.3741 0.0551, 0.2086 0.3757 0.035, 0.2638 0.3757 0.035, 0.2086 0.3804 0.0236, 0.2638 0.3804 0.0236, 0.2086 0.3879 0.0138, 0.2638 0.3879 0.0138, 0.2086 0.3977 0.0063, 0.2638 0.3977 0.0063, 0.2086 0.4091 0.0016, 0.2638 0.4091 0.0016, 0.2086 0.4213 0.0, 0.2638 0.4213 0.0, 0.2638 0.4922 0.0, 0.2086 0.4922 0.0, 0.4212 -0.4055 0.0472, 0.4212 -0.4055 0.0551, 0.3661 -0.4055 0.0472, 0.3661 -0.4055 0.0551, 0.4212 -0.406 0.0432, 0.3661 -0.406 0.0432, 0.4212 -0.4076 0.0394, 0.3661 -0.4076 0.0394, 0.4212 -0.4101 0.0361, 0.3661 -0.4101 0.0361, 0.4212 -0.4133 0.0336, 0.3661 -0.4133 0.0336, 0.4212 -0.4171 0.032, 0.3661 -0.4171 0.032, 0.4212 -0.4212 0.0315, 0.3661 -0.4212 0.0315, 0.4212 -0.4921 0.0315, 0.3661 -0.4921 0.0315, 0.4212 -0.4921 0.0, 0.3661 -0.4921 0.0, 0.4212 -0.4212 0.0, 0.3661 -0.4212 0.0, 0.3661 -0.409 0.0016, 0.4212 -0.409 0.0016, 0.3661 -0.3976 0.0063, 0.4212 -0.3976 0.0063, 0.3661 -0.3878 0.0138, 0.4212 -0.3878 0.0138, 0.3661 -0.3803 0.0236, 0.4212 -0.3803 0.0236, 0.3661 -0.3756 0.035, 0.4212 -0.3756 0.035, 0.3661 -0.374 0.0472, 0.4212 -0.374 0.0472, 0.4212 -0.374 0.0551, 0.3661 -0.374 0.0551, 0.4212 0.4213 0.0315, 0.4212 0.4922 0.0315, 0.3661 0.4213 0.0315, 0.3661 0.4922 0.0315, 0.4212 0.4172 0.032, 0.3661 0.4172 0.032, 0.4212 0.4134 0.0336, 0.3661 0.4134 0.0336, 0.4212 0.4102 0.0361, 0.3661 0.4102 0.0361, 0.4212 0.4077 0.0394, 0.3661 0.4077 0.0394, 0.4212 0.4061 0.0432, 0.3661 0.4061 0.0432, 0.4212 0.4056 0.0472, 0.3661 0.4056 0.0472, 0.4212 0.4056 0.0551, 0.3661 0.4056 0.0551, 0.4212 0.3741 0.0472, 0.4212 0.3741 0.0551, 0.3661 0.3741 0.0472, 0.3661 0.3741 0.0551, 0.3661 0.3757 0.035, 0.4212 0.3757 0.035, 0.3661 0.3804 0.0236, 0.4212 0.3804 0.0236, 0.3661 0.3879 0.0138, 0.4212 0.3879 0.0138, 0.3661 0.3977 0.0063, 0.4212 0.3977 0.0063, 0.3661 0.4091 0.0016, 0.4212 0.4091 0.0016, 0.3661 0.4213 0.0, 0.4212 0.4213 0.0, 0.4212 0.4922 0.0, 0.3661 0.4922 0.0, 0.5787 -0.4055 0.0472, 0.5787 -0.4055 0.0551, 0.5236 -0.4055 0.0472, 0.5236 -0.4055 0.0551, 0.5787 -0.406 0.0432, 0.5236 -0.406 0.0432, 0.5787 -0.4076 0.0394, 0.5236 -0.4076 0.0394, 0.5787 -0.4101 0.0361, 0.5236 -0.4101 0.0361, 0.5787 -0.4133 0.0336, 0.5236 -0.4133 0.0336, 0.5787 -0.4171 0.032, 0.5236 -0.4171 0.032, 0.5787 -0.4212 0.0315, 0.5236 -0.4212 0.0315, 0.5787 -0.4921 0.0315, 0.5236 -0.4921 0.0315, 0.5787 -0.4921 0.0, 0.5236 -0.4921 0.0, 0.5787 -0.4212 0.0, 0.5236 -0.4212 0.0, 0.5236 -0.409 0.0016, 0.5787 -0.409 0.0016, 0.5236 -0.3976 0.0063, 0.5787 -0.3976 0.0063, 0.5236 -0.3878 0.0138, 0.5787 -0.3878 0.0138, 0.5236 -0.3803 0.0236, 0.5787 -0.3803 0.0236, 0.5236 -0.3756 0.035, 0.5787 -0.3756 0.035, 0.5236 -0.374 0.0472, 0.5787 -0.374 0.0472, 0.5787 -0.374 0.0551, 0.5236 -0.374 0.0551, 0.5787 0.4213 0.0315, 0.5787 0.4922 0.0315, 0.5236 0.4213 0.0315, 0.5236 0.4922 0.0315, 0.5787 0.4172 0.032, 0.5236 0.4172 0.032, 0.5787 0.4134 0.0336, 0.5236 0.4134 0.0336, 0.5787 0.4102 0.0361, 0.5236 0.4102 0.0361, 0.5787 0.4077 0.0394, 0.5236 0.4077 0.0394, 0.5787 0.4061 0.0432, 0.5236 0.4061 0.0432, 0.5787 0.4056 0.0472, 0.5236 0.4056 0.0472, 0.5787 0.4056 0.0551, 0.5236 0.4056 0.0551, 0.5787 0.3741 0.0472, 0.5787 0.3741 0.0551, 0.5236 0.3741 0.0472, 0.5236 0.3741 0.0551, 0.5236 0.3757 0.035, 0.5787 0.3757 0.035, 0.5236 0.3804 0.0236, 0.5787 0.3804 0.0236, 0.5236 0.3879 0.0138, 0.5787 0.3879 0.0138, 0.5236 0.3977 0.0063, 0.5787 0.3977 0.0063, 0.5236 0.4091 0.0016, 0.5787 0.4091 0.0016, 0.5236 0.4213 0.0, 0.5787 0.4213 0.0, 0.5787 0.4922 0.0, 0.5236 0.4922 0.0, 0.7362 -0.4055 0.0472, 0.7362 -0.4055 0.0551, 0.6811 -0.4055 0.0472, 0.6811 -0.4055 0.0551, 0.7362 -0.406 0.0432, 0.6811 -0.406 0.0432, 0.7362 -0.4076 0.0394, 0.6811 -0.4076 0.0394, 0.7362 -0.4101 0.0361, 0.6811 -0.4101 0.0361, 0.7362 -0.4133 0.0336, 0.6811 -0.4133 0.0336, 0.7362 -0.4171 0.032, 0.6811 -0.4171 0.032, 0.7362 -0.4212 0.0315, 0.6811 -0.4212 0.0315, 0.7362 -0.4921 0.0315, 0.6811 -0.4921 0.0315, 0.7362 -0.4921 0.0, 0.6811 -0.4921 0.0, 0.7362 -0.4212 0.0, 0.6811 -0.4212 0.0, 0.6811 -0.409 0.0016, 0.7362 -0.409 0.0016, 0.6811 -0.3976 0.0063, 0.7362 -0.3976 0.0063, 0.6811 -0.3878 0.0138, 0.7362 -0.3878 0.0138, 0.6811 -0.3803 0.0236, 0.7362 -0.3803 0.0236, 0.6811 -0.3756 0.035, 0.7362 -0.3756 0.035, 0.6811 -0.374 0.0472, 0.7362 -0.374 0.0472, 0.7362 -0.374 0.0551, 0.6811 -0.374 0.0551, 0.7362 0.4213 0.0315, 0.7362 0.4922 0.0315, 0.6811 0.4213 0.0315, 0.6811 0.4922 0.0315, 0.7362 0.4172 0.032, 0.6811 0.4172 0.032, 0.7362 0.4134 0.0336, 0.6811 0.4134 0.0336, 0.7362 0.4102 0.0361, 0.6811 0.4102 0.0361, 0.7362 0.4077 0.0394, 0.6811 0.4077 0.0394, 0.7362 0.4061 0.0432, 0.6811 0.4061 0.0432, 0.7362 0.4056 0.0472, 0.6811 0.4056 0.0472, 0.7362 0.4056 0.0551, 0.6811 0.4056 0.0551, 0.7362 0.3741 0.0472, 0.7362 0.3741 0.0551, 0.6811 0.3741 0.0472, 0.6811 0.3741 0.0551, 0.6811 0.3757 0.035, 0.7362 0.3757 0.035, 0.6811 0.3804 0.0236, 0.7362 0.3804 0.0236, 0.6811 0.3879 0.0138, 0.7362 0.3879 0.0138, 0.6811 0.3977 0.0063, 0.7362 0.3977 0.0063, 0.6811 0.4091 0.0016, 0.7362 0.4091 0.0016, 0.6811 0.4213 0.0, 0.7362 0.4213 0.0, 0.7362 0.4922 0.0, 0.6811 0.4922 0.0, 0.8937 -0.4055 0.0472, 0.8937 -0.4055 0.0551, 0.8386 -0.4055 0.0472, 0.8386 -0.4055 0.0551, 0.8937 -0.406 0.0432, 0.8386 -0.406 0.0432, 0.8937 -0.4076 0.0394, 0.8386 -0.4076 0.0394, 0.8937 -0.4101 0.0361, 0.8386 -0.4101 0.0361, 0.8937 -0.4133 0.0336, 0.8386 -0.4133 0.0336, 0.8937 -0.4171 0.032, 0.8386 -0.4171 0.032, 0.8937 -0.4212 0.0315, 0.8386 -0.4212 0.0315, 0.8937 -0.4921 0.0315, 0.8386 -0.4921 0.0315, 0.8937 -0.4921 0.0, 0.8386 -0.4921 0.0, 0.8937 -0.4212 0.0, 0.8386 -0.4212 0.0, 0.8386 -0.409 0.0016, 0.8937 -0.409 0.0016, 0.8386 -0.3976 0.0063, 0.8937 -0.3976 0.0063, 0.8386 -0.3878 0.0138, 0.8937 -0.3878 0.0138, 0.8386 -0.3803 0.0236, 0.8937 -0.3803 0.0236, 0.8386 -0.3756 0.035, 0.8937 -0.3756 0.035, 0.8386 -0.374 0.0472, 0.8937 -0.374 0.0472, 0.8937 -0.374 0.0551, 0.8386 -0.374 0.0551, 0.8937 0.4213 0.0315, 0.8937 0.4922 0.0315, 0.8386 0.4213 0.0315, 0.8386 0.4922 0.0315, 0.8937 0.4172 0.032, 0.8386 0.4172 0.032, 0.8937 0.4134 0.0336, 0.8386 0.4134 0.0336, 0.8937 0.4102 0.0361, 0.8386 0.4102 0.0361, 0.8937 0.4077 0.0394, 0.8386 0.4077 0.0394, 0.8937 0.4061 0.0432, 0.8386 0.4061 0.0432, 0.8937 0.4056 0.0472, 0.8386 0.4056 0.0472, 0.8937 0.4056 0.0551, 0.8386 0.4056 0.0551, 0.8937 0.3741 0.0472, 0.8937 0.3741 0.0551, 0.8386 0.3741 0.0472, 0.8386 0.3741 0.0551, 0.8386 0.3757 0.035, 0.8937 0.3757 0.035, 0.8386 0.3804 0.0236, 0.8937 0.3804 0.0236, 0.8386 0.3879 0.0138, 0.8937 0.3879 0.0138, 0.8386 0.3977 0.0063, 0.8937 0.3977 0.0063, 0.8386 0.4091 0.0016, 0.8937 0.4091 0.0016, 0.8386 0.4213 0.0, 0.8937 0.4213 0.0, 0.8937 0.4922 0.0, 0.8386 0.4922 0.0, -0.8307 0.1754 0.0511, -0.8307 0.2409 0.0472, -0.9016 0.1754 0.0511, -0.9016 0.2409 0.0472, -0.8307 0.17 0.0519, -0.9016 0.17 0.0519, -0.8307 0.1733 0.0472, -0.9016 0.1733 0.0472, -0.8307 0.2855 0.2145, -0.8307 0.2993 0.2282, -0.9016 0.2855 0.2145, -0.9016 0.2993 0.2282, -0.9016 0.2785 0.2055, -0.8307 0.2785 0.2055, -0.9016 0.2738 0.195, -0.8307 0.2738 0.195, -0.9016 0.2718 0.1836, -0.8307 0.2718 0.1836, -0.9016 0.2726 0.1722, -0.8307 0.2726 0.1722, -0.9016 0.2761 0.1612, -0.8307 0.2761 0.1612, -0.8307 0.2817 0.1491, -0.9016 0.2817 0.1491, -0.8307 0.2831 0.1451, -0.9016 0.2831 0.1451, -0.8307 0.2835 0.1409, -0.9016 0.2835 0.1409, -0.8307 0.2835 0.0865, -0.9016 0.2835 0.0865, -0.8307 0.2823 0.0768, -0.9016 0.2823 0.0768, -0.8307 0.2788 0.0677, -0.9016 0.2788 0.0677, -0.8307 0.2731 0.0598, -0.9016 0.2731 0.0598, -0.8307 0.2656 0.0535, -0.9016 0.2656 0.0535, -0.8307 0.2568 0.0492, -0.9016 0.2568 0.0492, -0.8307 0.2473 0.0472, -0.9016 0.2473 0.0472, -0.8307 0.2993 0.0472, -0.9016 0.2993 0.0472, -0.8307 0.1457 0.1955, -0.9016 0.1457 0.1955, -0.8307 0.1478 0.1924, -0.9016 0.1478 0.1924, -0.8307 0.1492 0.1889, -0.9016 0.1492 0.1889, -0.8307 0.1497 0.1853, -0.9016 0.1497 0.1853, -0.8307 0.1493 0.1816, -0.9016 0.1493 0.1816, -0.8307 0.148 0.1781, -0.9016 0.148 0.1781, -0.8307 0.1457 0.1734, -0.9016 0.1457 0.1734, -0.8307 0.1692 0.1676, -0.8307 0.1457 0.1201, -0.9016 0.1692 0.1676, -0.9016 0.1457 0.1201, -0.8307 0.1851 0.1752, -0.9016 0.1851 0.1752, -0.8307 0.1851 0.2028, -0.9016 0.1851 0.2028, -0.8307 0.1521 0.2199, -0.9016 0.1521 0.2199, -0.9016 0.1457 0.2226, -0.8307 0.1457 0.2226, -0.8307 -0.1699 0.0519, -0.9016 -0.1699 0.0519, -0.8307 -0.1753 0.0511, -0.9016 -0.1753 0.0511, -0.8307 -0.2408 0.0472, -0.9016 -0.2408 0.0472, -0.8307 -0.1732 0.0472, -0.9016 -0.1732 0.0472, -0.8307 -0.276 0.1612, -0.9016 -0.276 0.1612, -0.9016 -0.2725 0.1722, -0.8307 -0.2725 0.1722, -0.9016 -0.2717 0.1836, -0.8307 -0.2717 0.1836, -0.9016 -0.2737 0.195, -0.8307 -0.2737 0.195, -0.9016 -0.2784 0.2055, -0.8307 -0.2784 0.2055, -0.9016 -0.2854 0.2145, -0.8307 -0.2854 0.2145, -0.8307 -0.2992 0.2282, -0.9016 -0.2992 0.2282, -0.8307 -0.2472 0.0472, -0.9016 -0.2472 0.0472, -0.8307 -0.2567 0.0492, -0.9016 -0.2567 0.0492, -0.8307 -0.2655 0.0535, -0.9016 -0.2655 0.0535, -0.8307 -0.273 0.0598, -0.9016 -0.273 0.0598, -0.8307 -0.2787 0.0677, -0.9016 -0.2787 0.0677, -0.8307 -0.2822 0.0768, -0.9016 -0.2822 0.0768, -0.8307 -0.2834 0.0865, -0.9016 -0.2834 0.0865, -0.8307 -0.2834 0.1409, -0.9016 -0.2834 0.1409, -0.8307 -0.283 0.1451, -0.9016 -0.283 0.1451, -0.8307 -0.2816 0.1491, -0.9016 -0.2816 0.1491, -0.8307 -0.2992 0.0472, -0.9016 -0.2992 0.0472, -0.8307 -0.185 0.1752, -0.8307 -0.185 0.2028, -0.9016 -0.185 0.1752, -0.9016 -0.185 0.2028, -0.8307 -0.1691 0.1676, -0.9016 -0.1691 0.1676, -0.8307 -0.1456 0.1201, -0.9016 -0.1456 0.1201, -0.8307 -0.1479 0.1781, -0.8307 -0.1456 0.1734, -0.9016 -0.1479 0.1781, -0.9016 -0.1456 0.1734, -0.8307 -0.1492 0.1816, -0.9016 -0.1492 0.1816, -0.8307 -0.1496 0.1853, -0.9016 -0.1496 0.1853, -0.8307 -0.1491 0.1889, -0.9016 -0.1491 0.1889, -0.8307 -0.1477 0.1924, -0.9016 -0.1477 0.1924, -0.8307 -0.1456 0.1955, -0.9016 -0.1456 0.1955, -0.9016 -0.1456 0.2226, -0.9016 -0.152 0.2199, -0.8307 -0.1456 0.2226, -0.8307 -0.152 0.2199, -0.6732 0.1754 0.0511, -0.6732 0.2409 0.0472, -0.7441 0.1754 0.0511, -0.7441 0.2409 0.0472, -0.6732 0.17 0.0519, -0.7441 0.17 0.0519, -0.6732 0.1733 0.0472, -0.7441 0.1733 0.0472, -0.6732 0.2855 0.2145, -0.6732 0.2993 0.2282, -0.7441 0.2855 0.2145, -0.7441 0.2993 0.2282, -0.7441 0.2785 0.2055, -0.6732 0.2785 0.2055, -0.7441 0.2738 0.195, -0.6732 0.2738 0.195, -0.7441 0.2718 0.1836, -0.6732 0.2718 0.1836, -0.7441 0.2726 0.1722, -0.6732 0.2726 0.1722, -0.7441 0.2761 0.1612, -0.6732 0.2761 0.1612, -0.6732 0.2817 0.1491, -0.7441 0.2817 0.1491, -0.6732 0.2831 0.1451, -0.7441 0.2831 0.1451, -0.6732 0.2835 0.1409, -0.7441 0.2835 0.1409, -0.6732 0.2835 0.0865, -0.7441 0.2835 0.0865, -0.6732 0.2823 0.0768, -0.7441 0.2823 0.0768, -0.6732 0.2788 0.0677, -0.7441 0.2788 0.0677, -0.6732 0.2731 0.0598, -0.7441 0.2731 0.0598, -0.6732 0.2656 0.0535, -0.7441 0.2656 0.0535, -0.6732 0.2568 0.0492, -0.7441 0.2568 0.0492, -0.6732 0.2473 0.0472, -0.7441 0.2473 0.0472, -0.6732 0.2993 0.0472, -0.7441 0.2993 0.0472, -0.6732 0.1457 0.1955, -0.7441 0.1457 0.1955, -0.6732 0.1478 0.1924, -0.7441 0.1478 0.1924, -0.6732 0.1492 0.1889, -0.7441 0.1492 0.1889, -0.6732 0.1497 0.1853, -0.7441 0.1497 0.1853, -0.6732 0.1493 0.1816, -0.7441 0.1493 0.1816, -0.6732 0.148 0.1781, -0.7441 0.148 0.1781, -0.6732 0.1457 0.1734, -0.7441 0.1457 0.1734, -0.6732 0.1692 0.1676, -0.6732 0.1457 0.1201, -0.7441 0.1692 0.1676, -0.7441 0.1457 0.1201, -0.6732 0.1851 0.1752, -0.7441 0.1851 0.1752, -0.6732 0.1851 0.2028, -0.7441 0.1851 0.2028, -0.6732 0.1521 0.2199, -0.7441 0.1521 0.2199, -0.7441 0.1457 0.2226, -0.6732 0.1457 0.2226, -0.6732 -0.1699 0.0519, -0.7441 -0.1699 0.0519, -0.6732 -0.1753 0.0511, -0.7441 -0.1753 0.0511, -0.6732 -0.2408 0.0472, -0.7441 -0.2408 0.0472, -0.6732 -0.1732 0.0472, -0.7441 -0.1732 0.0472, -0.6732 -0.276 0.1612, -0.7441 -0.276 0.1612, -0.7441 -0.2725 0.1722, -0.6732 -0.2725 0.1722, -0.7441 -0.2717 0.1836, -0.6732 -0.2717 0.1836, -0.7441 -0.2737 0.195, -0.6732 -0.2737 0.195, -0.7441 -0.2784 0.2055, -0.6732 -0.2784 0.2055, -0.7441 -0.2854 0.2145, -0.6732 -0.2854 0.2145, -0.6732 -0.2992 0.2282, -0.7441 -0.2992 0.2282, -0.6732 -0.2472 0.0472, -0.7441 -0.2472 0.0472, -0.6732 -0.2567 0.0492, -0.7441 -0.2567 0.0492, -0.6732 -0.2655 0.0535, -0.7441 -0.2655 0.0535, -0.6732 -0.273 0.0598, -0.7441 -0.273 0.0598, -0.6732 -0.2787 0.0677, -0.7441 -0.2787 0.0677, -0.6732 -0.2822 0.0768, -0.7441 -0.2822 0.0768, -0.6732 -0.2834 0.0865, -0.7441 -0.2834 0.0865, -0.6732 -0.2834 0.1409, -0.7441 -0.2834 0.1409, -0.6732 -0.283 0.1451, -0.7441 -0.283 0.1451, -0.6732 -0.2816 0.1491, -0.7441 -0.2816 0.1491, -0.6732 -0.2992 0.0472, -0.7441 -0.2992 0.0472, -0.6732 -0.185 0.1752, -0.6732 -0.185 0.2028, -0.7441 -0.185 0.1752, -0.7441 -0.185 0.2028, -0.6732 -0.1691 0.1676, -0.7441 -0.1691 0.1676, -0.6732 -0.1456 0.1201, -0.7441 -0.1456 0.1201, -0.6732 -0.1479 0.1781, -0.6732 -0.1456 0.1734, -0.7441 -0.1479 0.1781, -0.7441 -0.1456 0.1734, -0.6732 -0.1492 0.1816, -0.7441 -0.1492 0.1816, -0.6732 -0.1496 0.1853, -0.7441 -0.1496 0.1853, -0.6732 -0.1491 0.1889, -0.7441 -0.1491 0.1889, -0.6732 -0.1477 0.1924, -0.7441 -0.1477 0.1924, -0.6732 -0.1456 0.1955, -0.7441 -0.1456 0.1955, -0.7441 -0.1456 0.2226, -0.7441 -0.152 0.2199, -0.6732 -0.1456 0.2226, -0.6732 -0.152 0.2199, -0.5158 0.1754 0.0511, -0.5158 0.2409 0.0472, -0.5866 0.1754 0.0511, -0.5866 0.2409 0.0472, -0.5158 0.17 0.0519, -0.5866 0.17 0.0519, -0.5158 0.1733 0.0472, -0.5866 0.1733 0.0472, -0.5158 0.2855 0.2145, -0.5158 0.2993 0.2282, -0.5866 0.2855 0.2145, -0.5866 0.2993 0.2282, -0.5866 0.2785 0.2055, -0.5158 0.2785 0.2055, -0.5866 0.2738 0.195, -0.5158 0.2738 0.195, -0.5866 0.2718 0.1836, -0.5158 0.2718 0.1836, -0.5866 0.2726 0.1722, -0.5158 0.2726 0.1722, -0.5866 0.2761 0.1612, -0.5158 0.2761 0.1612, -0.5158 0.2817 0.1491, -0.5866 0.2817 0.1491, -0.5158 0.2831 0.1451, -0.5866 0.2831 0.1451, -0.5158 0.2835 0.1409, -0.5866 0.2835 0.1409, -0.5158 0.2835 0.0865, -0.5866 0.2835 0.0865, -0.5158 0.2823 0.0768, -0.5866 0.2823 0.0768, -0.5158 0.2788 0.0677, -0.5866 0.2788 0.0677, -0.5158 0.2731 0.0598, -0.5866 0.2731 0.0598, -0.5158 0.2656 0.0535, -0.5866 0.2656 0.0535, -0.5158 0.2568 0.0492, -0.5866 0.2568 0.0492, -0.5158 0.2473 0.0472, -0.5866 0.2473 0.0472, -0.5158 0.2993 0.0472, -0.5866 0.2993 0.0472, -0.5158 0.1457 0.1955, -0.5866 0.1457 0.1955, -0.5158 0.1478 0.1924, -0.5866 0.1478 0.1924, -0.5158 0.1492 0.1889, -0.5866 0.1492 0.1889, -0.5158 0.1497 0.1853, -0.5866 0.1497 0.1853, -0.5158 0.1493 0.1816, -0.5866 0.1493 0.1816, -0.5158 0.148 0.1781, -0.5866 0.148 0.1781, -0.5158 0.1457 0.1734, -0.5866 0.1457 0.1734, -0.5158 0.1692 0.1676, -0.5158 0.1457 0.1201, -0.5866 0.1692 0.1676, -0.5866 0.1457 0.1201, -0.5158 0.1851 0.1752, -0.5866 0.1851 0.1752, -0.5158 0.1851 0.2028, -0.5866 0.1851 0.2028, -0.5158 0.1521 0.2199, -0.5866 0.1521 0.2199, -0.5866 0.1457 0.2226, -0.5158 0.1457 0.2226, -0.5158 -0.1699 0.0519, -0.5866 -0.1699 0.0519, -0.5158 -0.1753 0.0511, -0.5866 -0.1753 0.0511, -0.5158 -0.2408 0.0472, -0.5866 -0.2408 0.0472, -0.5158 -0.1732 0.0472, -0.5866 -0.1732 0.0472, -0.5158 -0.276 0.1612, -0.5866 -0.276 0.1612, -0.5866 -0.2725 0.1722, -0.5158 -0.2725 0.1722, -0.5866 -0.2717 0.1836, -0.5158 -0.2717 0.1836, -0.5866 -0.2737 0.195, -0.5158 -0.2737 0.195, -0.5866 -0.2784 0.2055, -0.5158 -0.2784 0.2055, -0.5866 -0.2854 0.2145, -0.5158 -0.2854 0.2145, -0.5158 -0.2992 0.2282, -0.5866 -0.2992 0.2282, -0.5158 -0.2472 0.0472, -0.5866 -0.2472 0.0472, -0.5158 -0.2567 0.0492, -0.5866 -0.2567 0.0492, -0.5158 -0.2655 0.0535, -0.5866 -0.2655 0.0535, -0.5158 -0.273 0.0598, -0.5866 -0.273 0.0598, -0.5158 -0.2787 0.0677, -0.5866 -0.2787 0.0677, -0.5158 -0.2822 0.0768, -0.5866 -0.2822 0.0768, -0.5158 -0.2834 0.0865, -0.5866 -0.2834 0.0865, -0.5158 -0.2834 0.1409, -0.5866 -0.2834 0.1409, -0.5158 -0.283 0.1451, -0.5866 -0.283 0.1451, -0.5158 -0.2816 0.1491, -0.5866 -0.2816 0.1491, -0.5158 -0.2992 0.0472, -0.5866 -0.2992 0.0472, -0.5158 -0.185 0.1752, -0.5158 -0.185 0.2028, -0.5866 -0.185 0.1752, -0.5866 -0.185 0.2028, -0.5158 -0.1691 0.1676, -0.5866 -0.1691 0.1676, -0.5158 -0.1456 0.1201, -0.5866 -0.1456 0.1201, -0.5158 -0.1479 0.1781, -0.5158 -0.1456 0.1734, -0.5866 -0.1479 0.1781, -0.5866 -0.1456 0.1734, -0.5158 -0.1492 0.1816, -0.5866 -0.1492 0.1816, -0.5158 -0.1496 0.1853, -0.5866 -0.1496 0.1853, -0.5158 -0.1491 0.1889, -0.5866 -0.1491 0.1889, -0.5158 -0.1477 0.1924, -0.5866 -0.1477 0.1924, -0.5158 -0.1456 0.1955, -0.5866 -0.1456 0.1955, -0.5866 -0.1456 0.2226, -0.5866 -0.152 0.2199, -0.5158 -0.1456 0.2226, -0.5158 -0.152 0.2199, -0.3583 0.1754 0.0511, -0.3583 0.2409 0.0472, -0.4292 0.1754 0.0511, -0.4292 0.2409 0.0472, -0.3583 0.17 0.0519, -0.4292 0.17 0.0519, -0.3583 0.1733 0.0472, -0.4292 0.1733 0.0472, -0.3583 0.2855 0.2145, -0.3583 0.2993 0.2282, -0.4292 0.2855 0.2145, -0.4292 0.2993 0.2282, -0.4292 0.2785 0.2055, -0.3583 0.2785 0.2055, -0.4292 0.2738 0.195, -0.3583 0.2738 0.195, -0.4292 0.2718 0.1836, -0.3583 0.2718 0.1836, -0.4292 0.2726 0.1722, -0.3583 0.2726 0.1722, -0.4292 0.2761 0.1612, -0.3583 0.2761 0.1612, -0.3583 0.2817 0.1491, -0.4292 0.2817 0.1491, -0.3583 0.2831 0.1451, -0.4292 0.2831 0.1451, -0.3583 0.2835 0.1409, -0.4292 0.2835 0.1409, -0.3583 0.2835 0.0865, -0.4292 0.2835 0.0865, -0.3583 0.2823 0.0768, -0.4292 0.2823 0.0768, -0.3583 0.2788 0.0677, -0.4292 0.2788 0.0677, -0.3583 0.2731 0.0598, -0.4292 0.2731 0.0598, -0.3583 0.2656 0.0535, -0.4292 0.2656 0.0535, -0.3583 0.2568 0.0492, -0.4292 0.2568 0.0492, -0.3583 0.2473 0.0472, -0.4292 0.2473 0.0472, -0.3583 0.2993 0.0472, -0.4292 0.2993 0.0472, -0.3583 0.1457 0.1955, -0.4292 0.1457 0.1955, -0.3583 0.1478 0.1924, -0.4292 0.1478 0.1924, -0.3583 0.1492 0.1889, -0.4292 0.1492 0.1889, -0.3583 0.1497 0.1853, -0.4292 0.1497 0.1853, -0.3583 0.1493 0.1816, -0.4292 0.1493 0.1816, -0.3583 0.148 0.1781, -0.4292 0.148 0.1781, -0.3583 0.1457 0.1734, -0.4292 0.1457 0.1734, -0.3583 0.1692 0.1676, -0.3583 0.1457 0.1201, -0.4292 0.1692 0.1676, -0.4292 0.1457 0.1201, -0.3583 0.1851 0.1752, -0.4292 0.1851 0.1752, -0.3583 0.1851 0.2028, -0.4292 0.1851 0.2028, -0.3583 0.1521 0.2199, -0.4292 0.1521 0.2199, -0.4292 0.1457 0.2226, -0.3583 0.1457 0.2226, -0.3583 -0.1699 0.0519, -0.4292 -0.1699 0.0519, -0.3583 -0.1753 0.0511, -0.4292 -0.1753 0.0511, -0.3583 -0.2408 0.0472, -0.4292 -0.2408 0.0472, -0.3583 -0.1732 0.0472, -0.4292 -0.1732 0.0472, -0.3583 -0.276 0.1612, -0.4292 -0.276 0.1612, -0.4292 -0.2725 0.1722, -0.3583 -0.2725 0.1722, -0.4292 -0.2717 0.1836, -0.3583 -0.2717 0.1836, -0.4292 -0.2737 0.195, -0.3583 -0.2737 0.195, -0.4292 -0.2784 0.2055, -0.3583 -0.2784 0.2055, -0.4292 -0.2854 0.2145, -0.3583 -0.2854 0.2145, -0.3583 -0.2992 0.2282, -0.4292 -0.2992 0.2282, -0.3583 -0.2472 0.0472, -0.4292 -0.2472 0.0472, -0.3583 -0.2567 0.0492, -0.4292 -0.2567 0.0492, -0.3583 -0.2655 0.0535, -0.4292 -0.2655 0.0535, -0.3583 -0.273 0.0598, -0.4292 -0.273 0.0598, -0.3583 -0.2787 0.0677, -0.4292 -0.2787 0.0677, -0.3583 -0.2822 0.0768, -0.4292 -0.2822 0.0768, -0.3583 -0.2834 0.0865, -0.4292 -0.2834 0.0865, -0.3583 -0.2834 0.1409, -0.4292 -0.2834 0.1409, -0.3583 -0.283 0.1451, -0.4292 -0.283 0.1451, -0.3583 -0.2816 0.1491, -0.4292 -0.2816 0.1491, -0.3583 -0.2992 0.0472, -0.4292 -0.2992 0.0472, -0.3583 -0.185 0.1752, -0.3583 -0.185 0.2028, -0.4292 -0.185 0.1752, -0.4292 -0.185 0.2028, -0.3583 -0.1691 0.1676, -0.4292 -0.1691 0.1676, -0.3583 -0.1456 0.1201, -0.4292 -0.1456 0.1201, -0.3583 -0.1479 0.1781, -0.3583 -0.1456 0.1734, -0.4292 -0.1479 0.1781, -0.4292 -0.1456 0.1734, -0.3583 -0.1492 0.1816, -0.4292 -0.1492 0.1816, -0.3583 -0.1496 0.1853, -0.4292 -0.1496 0.1853, -0.3583 -0.1491 0.1889, -0.4292 -0.1491 0.1889, -0.3583 -0.1477 0.1924, -0.4292 -0.1477 0.1924, -0.3583 -0.1456 0.1955, -0.4292 -0.1456 0.1955, -0.4292 -0.1456 0.2226, -0.4292 -0.152 0.2199, -0.3583 -0.1456 0.2226, -0.3583 -0.152 0.2199, -0.2008 0.1754 0.0511, -0.2008 0.2409 0.0472, -0.2717 0.1754 0.0511, -0.2717 0.2409 0.0472, -0.2008 0.17 0.0519, -0.2717 0.17 0.0519, -0.2008 0.1733 0.0472, -0.2717 0.1733 0.0472, -0.2008 0.2855 0.2145, -0.2008 0.2993 0.2282, -0.2717 0.2855 0.2145, -0.2717 0.2993 0.2282, -0.2717 0.2785 0.2055, -0.2008 0.2785 0.2055, -0.2717 0.2738 0.195, -0.2008 0.2738 0.195, -0.2717 0.2718 0.1836, -0.2008 0.2718 0.1836, -0.2717 0.2726 0.1722, -0.2008 0.2726 0.1722, -0.2717 0.2761 0.1612, -0.2008 0.2761 0.1612, -0.2008 0.2817 0.1491, -0.2717 0.2817 0.1491, -0.2008 0.2831 0.1451, -0.2717 0.2831 0.1451, -0.2008 0.2835 0.1409, -0.2717 0.2835 0.1409, -0.2008 0.2835 0.0865, -0.2717 0.2835 0.0865, -0.2008 0.2823 0.0768, -0.2717 0.2823 0.0768, -0.2008 0.2788 0.0677, -0.2717 0.2788 0.0677, -0.2008 0.2731 0.0598, -0.2717 0.2731 0.0598, -0.2008 0.2656 0.0535, -0.2717 0.2656 0.0535, -0.2008 0.2568 0.0492, -0.2717 0.2568 0.0492, -0.2008 0.2473 0.0472, -0.2717 0.2473 0.0472, -0.2008 0.2993 0.0472, -0.2717 0.2993 0.0472, -0.2008 0.1457 0.1955, -0.2717 0.1457 0.1955, -0.2008 0.1478 0.1924, -0.2717 0.1478 0.1924, -0.2008 0.1492 0.1889, -0.2717 0.1492 0.1889, -0.2008 0.1497 0.1853, -0.2717 0.1497 0.1853, -0.2008 0.1493 0.1816, -0.2717 0.1493 0.1816, -0.2008 0.148 0.1781, -0.2717 0.148 0.1781, -0.2008 0.1457 0.1734, -0.2717 0.1457 0.1734, -0.2008 0.1692 0.1676, -0.2008 0.1457 0.1201, -0.2717 0.1692 0.1676, -0.2717 0.1457 0.1201, -0.2008 0.1851 0.1752, -0.2717 0.1851 0.1752, -0.2008 0.1851 0.2028, -0.2717 0.1851 0.2028, -0.2008 0.1521 0.2199, -0.2717 0.1521 0.2199, -0.2717 0.1457 0.2226, -0.2008 0.1457 0.2226, -0.2008 -0.1699 0.0519, -0.2717 -0.1699 0.0519, -0.2008 -0.1753 0.0511, -0.2717 -0.1753 0.0511, -0.2008 -0.2408 0.0472, -0.2717 -0.2408 0.0472, -0.2008 -0.1732 0.0472, -0.2717 -0.1732 0.0472, -0.2008 -0.276 0.1612, -0.2717 -0.276 0.1612, -0.2717 -0.2725 0.1722, -0.2008 -0.2725 0.1722, -0.2717 -0.2717 0.1836, -0.2008 -0.2717 0.1836, -0.2717 -0.2737 0.195, -0.2008 -0.2737 0.195, -0.2717 -0.2784 0.2055, -0.2008 -0.2784 0.2055, -0.2717 -0.2854 0.2145, -0.2008 -0.2854 0.2145, -0.2008 -0.2992 0.2282, -0.2717 -0.2992 0.2282, -0.2008 -0.2472 0.0472, -0.2717 -0.2472 0.0472, -0.2008 -0.2567 0.0492, -0.2717 -0.2567 0.0492, -0.2008 -0.2655 0.0535, -0.2717 -0.2655 0.0535, -0.2008 -0.273 0.0598, -0.2717 -0.273 0.0598, -0.2008 -0.2787 0.0677, -0.2717 -0.2787 0.0677, -0.2008 -0.2822 0.0768, -0.2717 -0.2822 0.0768, -0.2008 -0.2834 0.0865, -0.2717 -0.2834 0.0865, -0.2008 -0.2834 0.1409, -0.2717 -0.2834 0.1409, -0.2008 -0.283 0.1451, -0.2717 -0.283 0.1451, -0.2008 -0.2816 0.1491, -0.2717 -0.2816 0.1491, -0.2008 -0.2992 0.0472, -0.2717 -0.2992 0.0472, -0.2008 -0.185 0.1752, -0.2008 -0.185 0.2028, -0.2717 -0.185 0.1752, -0.2717 -0.185 0.2028, -0.2008 -0.1691 0.1676, -0.2717 -0.1691 0.1676, -0.2008 -0.1456 0.1201, -0.2717 -0.1456 0.1201, -0.2008 -0.1479 0.1781, -0.2008 -0.1456 0.1734, -0.2717 -0.1479 0.1781, -0.2717 -0.1456 0.1734, -0.2008 -0.1492 0.1816, -0.2717 -0.1492 0.1816, -0.2008 -0.1496 0.1853, -0.2717 -0.1496 0.1853, -0.2008 -0.1491 0.1889, -0.2717 -0.1491 0.1889, -0.2008 -0.1477 0.1924, -0.2717 -0.1477 0.1924, -0.2008 -0.1456 0.1955, -0.2717 -0.1456 0.1955, -0.2717 -0.1456 0.2226, -0.2717 -0.152 0.2199, -0.2008 -0.1456 0.2226, -0.2008 -0.152 0.2199, -0.0433 0.1754 0.0511, -0.0433 0.2409 0.0472, -0.1142 0.1754 0.0511, -0.1142 0.2409 0.0472, -0.0433 0.17 0.0519, -0.1142 0.17 0.0519, -0.0433 0.1733 0.0472, -0.1142 0.1733 0.0472, -0.0433 0.2855 0.2145, -0.0433 0.2993 0.2282, -0.1142 0.2855 0.2145, -0.1142 0.2993 0.2282, -0.1142 0.2785 0.2055, -0.0433 0.2785 0.2055, -0.1142 0.2738 0.195, -0.0433 0.2738 0.195, -0.1142 0.2718 0.1836, -0.0433 0.2718 0.1836, -0.1142 0.2726 0.1722, -0.0433 0.2726 0.1722, -0.1142 0.2761 0.1612, -0.0433 0.2761 0.1612, -0.0433 0.2817 0.1491, -0.1142 0.2817 0.1491, -0.0433 0.2831 0.1451, -0.1142 0.2831 0.1451, -0.0433 0.2835 0.1409, -0.1142 0.2835 0.1409, -0.0433 0.2835 0.0865, -0.1142 0.2835 0.0865, -0.0433 0.2823 0.0768, -0.1142 0.2823 0.0768, -0.0433 0.2788 0.0677, -0.1142 0.2788 0.0677, -0.0433 0.2731 0.0598, -0.1142 0.2731 0.0598, -0.0433 0.2656 0.0535, -0.1142 0.2656 0.0535, -0.0433 0.2568 0.0492, -0.1142 0.2568 0.0492, -0.0433 0.2473 0.0472, -0.1142 0.2473 0.0472, -0.0433 0.2993 0.0472, -0.1142 0.2993 0.0472, -0.0433 0.1457 0.1955, -0.1142 0.1457 0.1955, -0.0433 0.1478 0.1924, -0.1142 0.1478 0.1924, -0.0433 0.1492 0.1889, -0.1142 0.1492 0.1889, -0.0433 0.1497 0.1853, -0.1142 0.1497 0.1853, -0.0433 0.1493 0.1816, -0.1142 0.1493 0.1816, -0.0433 0.148 0.1781, -0.1142 0.148 0.1781, -0.0433 0.1457 0.1734, -0.1142 0.1457 0.1734, -0.0433 0.1692 0.1676, -0.0433 0.1457 0.1201, -0.1142 0.1692 0.1676, -0.1142 0.1457 0.1201, -0.0433 0.1851 0.1752, -0.1142 0.1851 0.1752, -0.0433 0.1851 0.2028, -0.1142 0.1851 0.2028, -0.0433 0.1521 0.2199, -0.1142 0.1521 0.2199, -0.1142 0.1457 0.2226, -0.0433 0.1457 0.2226, -0.0433 -0.1699 0.0519, -0.1142 -0.1699 0.0519, -0.0433 -0.1753 0.0511, -0.1142 -0.1753 0.0511, -0.0433 -0.2408 0.0472, -0.1142 -0.2408 0.0472, -0.0433 -0.1732 0.0472, -0.1142 -0.1732 0.0472, -0.0433 -0.276 0.1612, -0.1142 -0.276 0.1612, -0.1142 -0.2725 0.1722, -0.0433 -0.2725 0.1722, -0.1142 -0.2717 0.1836, -0.0433 -0.2717 0.1836, -0.1142 -0.2737 0.195, -0.0433 -0.2737 0.195, -0.1142 -0.2784 0.2055, -0.0433 -0.2784 0.2055, -0.1142 -0.2854 0.2145, -0.0433 -0.2854 0.2145, -0.0433 -0.2992 0.2282, -0.1142 -0.2992 0.2282, -0.0433 -0.2472 0.0472, -0.1142 -0.2472 0.0472, -0.0433 -0.2567 0.0492, -0.1142 -0.2567 0.0492, -0.0433 -0.2655 0.0535, -0.1142 -0.2655 0.0535, -0.0433 -0.273 0.0598, -0.1142 -0.273 0.0598, -0.0433 -0.2787 0.0677, -0.1142 -0.2787 0.0677, -0.0433 -0.2822 0.0768, -0.1142 -0.2822 0.0768, -0.0433 -0.2834 0.0865, -0.1142 -0.2834 0.0865, -0.0433 -0.2834 0.1409, -0.1142 -0.2834 0.1409, -0.0433 -0.283 0.1451, -0.1142 -0.283 0.1451, -0.0433 -0.2816 0.1491, -0.1142 -0.2816 0.1491, -0.0433 -0.2992 0.0472, -0.1142 -0.2992 0.0472, -0.0433 -0.185 0.1752, -0.0433 -0.185 0.2028, -0.1142 -0.185 0.1752, -0.1142 -0.185 0.2028, -0.0433 -0.1691 0.1676, -0.1142 -0.1691 0.1676, -0.0433 -0.1456 0.1201, -0.1142 -0.1456 0.1201, -0.0433 -0.1479 0.1781, -0.0433 -0.1456 0.1734, -0.1142 -0.1479 0.1781, -0.1142 -0.1456 0.1734, -0.0433 -0.1492 0.1816, -0.1142 -0.1492 0.1816, -0.0433 -0.1496 0.1853, -0.1142 -0.1496 0.1853, -0.0433 -0.1491 0.1889, -0.1142 -0.1491 0.1889, -0.0433 -0.1477 0.1924, -0.1142 -0.1477 0.1924, -0.0433 -0.1456 0.1955, -0.1142 -0.1456 0.1955, -0.1142 -0.1456 0.2226, -0.1142 -0.152 0.2199, -0.0433 -0.1456 0.2226, -0.0433 -0.152 0.2199, 0.1142 0.1754 0.0511, 0.1142 0.2409 0.0472, 0.0433 0.1754 0.0511, 0.0433 0.2409 0.0472, 0.1142 0.17 0.0519, 0.0433 0.17 0.0519, 0.1142 0.1733 0.0472, 0.0433 0.1733 0.0472, 0.1142 0.2855 0.2145, 0.1142 0.2993 0.2282, 0.0433 0.2855 0.2145, 0.0433 0.2993 0.2282, 0.0433 0.2785 0.2055, 0.1142 0.2785 0.2055, 0.0433 0.2738 0.195, 0.1142 0.2738 0.195, 0.0433 0.2718 0.1836, 0.1142 0.2718 0.1836, 0.0433 0.2726 0.1722, 0.1142 0.2726 0.1722, 0.0433 0.2761 0.1612, 0.1142 0.2761 0.1612, 0.1142 0.2817 0.1491, 0.0433 0.2817 0.1491, 0.1142 0.2831 0.1451, 0.0433 0.2831 0.1451, 0.1142 0.2835 0.1409, 0.0433 0.2835 0.1409, 0.1142 0.2835 0.0865, 0.0433 0.2835 0.0865, 0.1142 0.2823 0.0768, 0.0433 0.2823 0.0768, 0.1142 0.2788 0.0677, 0.0433 0.2788 0.0677, 0.1142 0.2731 0.0598, 0.0433 0.2731 0.0598, 0.1142 0.2656 0.0535, 0.0433 0.2656 0.0535, 0.1142 0.2568 0.0492, 0.0433 0.2568 0.0492, 0.1142 0.2473 0.0472, 0.0433 0.2473 0.0472, 0.1142 0.2993 0.0472, 0.0433 0.2993 0.0472, 0.1142 0.1457 0.1955, 0.0433 0.1457 0.1955, 0.1142 0.1478 0.1924, 0.0433 0.1478 0.1924, 0.1142 0.1492 0.1889, 0.0433 0.1492 0.1889, 0.1142 0.1497 0.1853, 0.0433 0.1497 0.1853, 0.1142 0.1493 0.1816, 0.0433 0.1493 0.1816, 0.1142 0.148 0.1781, 0.0433 0.148 0.1781, 0.1142 0.1457 0.1734, 0.0433 0.1457 0.1734, 0.1142 0.1692 0.1676, 0.1142 0.1457 0.1201, 0.0433 0.1692 0.1676, 0.0433 0.1457 0.1201, 0.1142 0.1851 0.1752, 0.0433 0.1851 0.1752, 0.1142 0.1851 0.2028, 0.0433 0.1851 0.2028, 0.1142 0.1521 0.2199, 0.0433 0.1521 0.2199, 0.0433 0.1457 0.2226, 0.1142 0.1457 0.2226, 0.1142 -0.1699 0.0519, 0.0433 -0.1699 0.0519, 0.1142 -0.1753 0.0511, 0.0433 -0.1753 0.0511, 0.1142 -0.2408 0.0472, 0.0433 -0.2408 0.0472, 0.1142 -0.1732 0.0472, 0.0433 -0.1732 0.0472, 0.1142 -0.276 0.1612, 0.0433 -0.276 0.1612, 0.0433 -0.2725 0.1722, 0.1142 -0.2725 0.1722, 0.0433 -0.2717 0.1836, 0.1142 -0.2717 0.1836, 0.0433 -0.2737 0.195, 0.1142 -0.2737 0.195, 0.0433 -0.2784 0.2055, 0.1142 -0.2784 0.2055, 0.0433 -0.2854 0.2145, 0.1142 -0.2854 0.2145, 0.1142 -0.2992 0.2282, 0.0433 -0.2992 0.2282, 0.1142 -0.2472 0.0472, 0.0433 -0.2472 0.0472, 0.1142 -0.2567 0.0492, 0.0433 -0.2567 0.0492, 0.1142 -0.2655 0.0535, 0.0433 -0.2655 0.0535, 0.1142 -0.273 0.0598, 0.0433 -0.273 0.0598, 0.1142 -0.2787 0.0677, 0.0433 -0.2787 0.0677, 0.1142 -0.2822 0.0768, 0.0433 -0.2822 0.0768, 0.1142 -0.2834 0.0865, 0.0433 -0.2834 0.0865, 0.1142 -0.2834 0.1409, 0.0433 -0.2834 0.1409, 0.1142 -0.283 0.1451, 0.0433 -0.283 0.1451, 0.1142 -0.2816 0.1491, 0.0433 -0.2816 0.1491, 0.1142 -0.2992 0.0472, 0.0433 -0.2992 0.0472, 0.1142 -0.185 0.1752, 0.1142 -0.185 0.2028, 0.0433 -0.185 0.1752, 0.0433 -0.185 0.2028, 0.1142 -0.1691 0.1676, 0.0433 -0.1691 0.1676, 0.1142 -0.1456 0.1201, 0.0433 -0.1456 0.1201, 0.1142 -0.1479 0.1781, 0.1142 -0.1456 0.1734, 0.0433 -0.1479 0.1781, 0.0433 -0.1456 0.1734, 0.1142 -0.1492 0.1816, 0.0433 -0.1492 0.1816, 0.1142 -0.1496 0.1853, 0.0433 -0.1496 0.1853, 0.1142 -0.1491 0.1889, 0.0433 -0.1491 0.1889, 0.1142 -0.1477 0.1924, 0.0433 -0.1477 0.1924, 0.1142 -0.1456 0.1955, 0.0433 -0.1456 0.1955, 0.0433 -0.1456 0.2226, 0.0433 -0.152 0.2199, 0.1142 -0.1456 0.2226, 0.1142 -0.152 0.2199, 0.2716 0.1754 0.0511, 0.2716 0.2409 0.0472, 0.2008 0.1754 0.0511, 0.2008 0.2409 0.0472, 0.2716 0.17 0.0519, 0.2008 0.17 0.0519, 0.2716 0.1733 0.0472, 0.2008 0.1733 0.0472, 0.2716 0.2855 0.2145, 0.2716 0.2993 0.2282, 0.2008 0.2855 0.2145, 0.2008 0.2993 0.2282, 0.2008 0.2785 0.2055, 0.2716 0.2785 0.2055, 0.2008 0.2738 0.195, 0.2716 0.2738 0.195, 0.2008 0.2718 0.1836, 0.2716 0.2718 0.1836, 0.2008 0.2726 0.1722, 0.2716 0.2726 0.1722, 0.2008 0.2761 0.1612, 0.2716 0.2761 0.1612, 0.2716 0.2817 0.1491, 0.2008 0.2817 0.1491, 0.2716 0.2831 0.1451, 0.2008 0.2831 0.1451, 0.2716 0.2835 0.1409, 0.2008 0.2835 0.1409, 0.2716 0.2835 0.0865, 0.2008 0.2835 0.0865, 0.2716 0.2823 0.0768, 0.2008 0.2823 0.0768, 0.2716 0.2788 0.0677, 0.2008 0.2788 0.0677, 0.2716 0.2731 0.0598, 0.2008 0.2731 0.0598, 0.2716 0.2656 0.0535, 0.2008 0.2656 0.0535, 0.2716 0.2568 0.0492, 0.2008 0.2568 0.0492, 0.2716 0.2473 0.0472, 0.2008 0.2473 0.0472, 0.2716 0.2993 0.0472, 0.2008 0.2993 0.0472, 0.2716 0.1457 0.1955, 0.2008 0.1457 0.1955, 0.2716 0.1478 0.1924, 0.2008 0.1478 0.1924, 0.2716 0.1492 0.1889, 0.2008 0.1492 0.1889, 0.2716 0.1497 0.1853, 0.2008 0.1497 0.1853, 0.2716 0.1493 0.1816, 0.2008 0.1493 0.1816, 0.2716 0.148 0.1781, 0.2008 0.148 0.1781, 0.2716 0.1457 0.1734, 0.2008 0.1457 0.1734, 0.2716 0.1692 0.1676, 0.2716 0.1457 0.1201, 0.2008 0.1692 0.1676, 0.2008 0.1457 0.1201, 0.2716 0.1851 0.1752, 0.2008 0.1851 0.1752, 0.2716 0.1851 0.2028, 0.2008 0.1851 0.2028, 0.2716 0.1521 0.2199, 0.2008 0.1521 0.2199, 0.2008 0.1457 0.2226, 0.2716 0.1457 0.2226, 0.2716 -0.1699 0.0519, 0.2008 -0.1699 0.0519, 0.2716 -0.1753 0.0511, 0.2008 -0.1753 0.0511, 0.2716 -0.2408 0.0472, 0.2008 -0.2408 0.0472, 0.2716 -0.1732 0.0472, 0.2008 -0.1732 0.0472, 0.2716 -0.276 0.1612, 0.2008 -0.276 0.1612, 0.2008 -0.2725 0.1722, 0.2716 -0.2725 0.1722, 0.2008 -0.2717 0.1836, 0.2716 -0.2717 0.1836, 0.2008 -0.2737 0.195, 0.2716 -0.2737 0.195, 0.2008 -0.2784 0.2055, 0.2716 -0.2784 0.2055, 0.2008 -0.2854 0.2145, 0.2716 -0.2854 0.2145, 0.2716 -0.2992 0.2282, 0.2008 -0.2992 0.2282, 0.2716 -0.2472 0.0472, 0.2008 -0.2472 0.0472, 0.2716 -0.2567 0.0492, 0.2008 -0.2567 0.0492, 0.2716 -0.2655 0.0535, 0.2008 -0.2655 0.0535, 0.2716 -0.273 0.0598, 0.2008 -0.273 0.0598, 0.2716 -0.2787 0.0677, 0.2008 -0.2787 0.0677, 0.2716 -0.2822 0.0768, 0.2008 -0.2822 0.0768, 0.2716 -0.2834 0.0865, 0.2008 -0.2834 0.0865, 0.2716 -0.2834 0.1409, 0.2008 -0.2834 0.1409, 0.2716 -0.283 0.1451, 0.2008 -0.283 0.1451, 0.2716 -0.2816 0.1491, 0.2008 -0.2816 0.1491, 0.2716 -0.2992 0.0472, 0.2008 -0.2992 0.0472, 0.2716 -0.185 0.1752, 0.2716 -0.185 0.2028, 0.2008 -0.185 0.1752, 0.2008 -0.185 0.2028, 0.2716 -0.1691 0.1676, 0.2008 -0.1691 0.1676, 0.2716 -0.1456 0.1201, 0.2008 -0.1456 0.1201, 0.2716 -0.1479 0.1781, 0.2716 -0.1456 0.1734, 0.2008 -0.1479 0.1781, 0.2008 -0.1456 0.1734, 0.2716 -0.1492 0.1816, 0.2008 -0.1492 0.1816, 0.2716 -0.1496 0.1853, 0.2008 -0.1496 0.1853, 0.2716 -0.1491 0.1889, 0.2008 -0.1491 0.1889, 0.2716 -0.1477 0.1924, 0.2008 -0.1477 0.1924, 0.2716 -0.1456 0.1955, 0.2008 -0.1456 0.1955, 0.2008 -0.1456 0.2226, 0.2008 -0.152 0.2199, 0.2716 -0.1456 0.2226, 0.2716 -0.152 0.2199, 0.4291 0.1754 0.0511, 0.4291 0.2409 0.0472, 0.3582 0.1754 0.0511, 0.3582 0.2409 0.0472, 0.4291 0.17 0.0519, 0.3582 0.17 0.0519, 0.4291 0.1733 0.0472, 0.3582 0.1733 0.0472, 0.4291 0.2855 0.2145, 0.4291 0.2993 0.2282, 0.3582 0.2855 0.2145, 0.3582 0.2993 0.2282, 0.3582 0.2785 0.2055, 0.4291 0.2785 0.2055, 0.3582 0.2738 0.195, 0.4291 0.2738 0.195, 0.3582 0.2718 0.1836, 0.4291 0.2718 0.1836, 0.3582 0.2726 0.1722, 0.4291 0.2726 0.1722, 0.3582 0.2761 0.1612, 0.4291 0.2761 0.1612, 0.4291 0.2817 0.1491, 0.3582 0.2817 0.1491, 0.4291 0.2831 0.1451, 0.3582 0.2831 0.1451, 0.4291 0.2835 0.1409, 0.3582 0.2835 0.1409, 0.4291 0.2835 0.0865, 0.3582 0.2835 0.0865, 0.4291 0.2823 0.0768, 0.3582 0.2823 0.0768, 0.4291 0.2788 0.0677, 0.3582 0.2788 0.0677, 0.4291 0.2731 0.0598, 0.3582 0.2731 0.0598, 0.4291 0.2656 0.0535, 0.3582 0.2656 0.0535, 0.4291 0.2568 0.0492, 0.3582 0.2568 0.0492, 0.4291 0.2473 0.0472, 0.3582 0.2473 0.0472, 0.4291 0.2993 0.0472, 0.3582 0.2993 0.0472, 0.4291 0.1457 0.1955, 0.3582 0.1457 0.1955, 0.4291 0.1478 0.1924, 0.3582 0.1478 0.1924, 0.4291 0.1492 0.1889, 0.3582 0.1492 0.1889, 0.4291 0.1497 0.1853, 0.3582 0.1497 0.1853, 0.4291 0.1493 0.1816, 0.3582 0.1493 0.1816, 0.4291 0.148 0.1781, 0.3582 0.148 0.1781, 0.4291 0.1457 0.1734, 0.3582 0.1457 0.1734, 0.4291 0.1692 0.1676, 0.4291 0.1457 0.1201, 0.3582 0.1692 0.1676, 0.3582 0.1457 0.1201, 0.4291 0.1851 0.1752, 0.3582 0.1851 0.1752, 0.4291 0.1851 0.2028, 0.3582 0.1851 0.2028, 0.4291 0.1521 0.2199, 0.3582 0.1521 0.2199, 0.3582 0.1457 0.2226, 0.4291 0.1457 0.2226, 0.4291 -0.1699 0.0519, 0.3582 -0.1699 0.0519, 0.4291 -0.1753 0.0511, 0.3582 -0.1753 0.0511, 0.4291 -0.2408 0.0472, 0.3582 -0.2408 0.0472, 0.4291 -0.1732 0.0472, 0.3582 -0.1732 0.0472, 0.4291 -0.276 0.1612, 0.3582 -0.276 0.1612, 0.3582 -0.2725 0.1722, 0.4291 -0.2725 0.1722, 0.3582 -0.2717 0.1836, 0.4291 -0.2717 0.1836, 0.3582 -0.2737 0.195, 0.4291 -0.2737 0.195, 0.3582 -0.2784 0.2055, 0.4291 -0.2784 0.2055, 0.3582 -0.2854 0.2145, 0.4291 -0.2854 0.2145, 0.4291 -0.2992 0.2282, 0.3582 -0.2992 0.2282, 0.4291 -0.2472 0.0472, 0.3582 -0.2472 0.0472, 0.4291 -0.2567 0.0492, 0.3582 -0.2567 0.0492, 0.4291 -0.2655 0.0535, 0.3582 -0.2655 0.0535, 0.4291 -0.273 0.0598, 0.3582 -0.273 0.0598, 0.4291 -0.2787 0.0677, 0.3582 -0.2787 0.0677, 0.4291 -0.2822 0.0768, 0.3582 -0.2822 0.0768, 0.4291 -0.2834 0.0865, 0.3582 -0.2834 0.0865, 0.4291 -0.2834 0.1409, 0.3582 -0.2834 0.1409, 0.4291 -0.283 0.1451, 0.3582 -0.283 0.1451, 0.4291 -0.2816 0.1491, 0.3582 -0.2816 0.1491, 0.4291 -0.2992 0.0472, 0.3582 -0.2992 0.0472, 0.4291 -0.185 0.1752, 0.4291 -0.185 0.2028, 0.3582 -0.185 0.1752, 0.3582 -0.185 0.2028, 0.4291 -0.1691 0.1676, 0.3582 -0.1691 0.1676, 0.4291 -0.1456 0.1201, 0.3582 -0.1456 0.1201, 0.4291 -0.1479 0.1781, 0.4291 -0.1456 0.1734, 0.3582 -0.1479 0.1781, 0.3582 -0.1456 0.1734, 0.4291 -0.1492 0.1816, 0.3582 -0.1492 0.1816, 0.4291 -0.1496 0.1853, 0.3582 -0.1496 0.1853, 0.4291 -0.1491 0.1889, 0.3582 -0.1491 0.1889, 0.4291 -0.1477 0.1924, 0.3582 -0.1477 0.1924, 0.4291 -0.1456 0.1955, 0.3582 -0.1456 0.1955, 0.3582 -0.1456 0.2226, 0.3582 -0.152 0.2199, 0.4291 -0.1456 0.2226, 0.4291 -0.152 0.2199, 0.5866 0.1754 0.0511, 0.5866 0.2409 0.0472, 0.5157 0.1754 0.0511, 0.5157 0.2409 0.0472, 0.5866 0.17 0.0519, 0.5157 0.17 0.0519, 0.5866 0.1733 0.0472, 0.5157 0.1733 0.0472, 0.5866 0.2855 0.2145, 0.5866 0.2993 0.2282, 0.5157 0.2855 0.2145, 0.5157 0.2993 0.2282, 0.5157 0.2785 0.2055, 0.5866 0.2785 0.2055, 0.5157 0.2738 0.195, 0.5866 0.2738 0.195, 0.5157 0.2718 0.1836, 0.5866 0.2718 0.1836, 0.5157 0.2726 0.1722, 0.5866 0.2726 0.1722, 0.5157 0.2761 0.1612, 0.5866 0.2761 0.1612, 0.5866 0.2817 0.1491, 0.5157 0.2817 0.1491, 0.5866 0.2831 0.1451, 0.5157 0.2831 0.1451, 0.5866 0.2835 0.1409, 0.5157 0.2835 0.1409, 0.5866 0.2835 0.0865, 0.5157 0.2835 0.0865, 0.5866 0.2823 0.0768, 0.5157 0.2823 0.0768, 0.5866 0.2788 0.0677, 0.5157 0.2788 0.0677, 0.5866 0.2731 0.0598, 0.5157 0.2731 0.0598, 0.5866 0.2656 0.0535, 0.5157 0.2656 0.0535, 0.5866 0.2568 0.0492, 0.5157 0.2568 0.0492, 0.5866 0.2473 0.0472, 0.5157 0.2473 0.0472, 0.5866 0.2993 0.0472, 0.5157 0.2993 0.0472, 0.5866 0.1457 0.1955, 0.5157 0.1457 0.1955, 0.5866 0.1478 0.1924, 0.5157 0.1478 0.1924, 0.5866 0.1492 0.1889, 0.5157 0.1492 0.1889, 0.5866 0.1497 0.1853, 0.5157 0.1497 0.1853, 0.5866 0.1493 0.1816, 0.5157 0.1493 0.1816, 0.5866 0.148 0.1781, 0.5157 0.148 0.1781, 0.5866 0.1457 0.1734, 0.5157 0.1457 0.1734, 0.5866 0.1692 0.1676, 0.5866 0.1457 0.1201, 0.5157 0.1692 0.1676, 0.5157 0.1457 0.1201, 0.5866 0.1851 0.1752, 0.5157 0.1851 0.1752, 0.5866 0.1851 0.2028, 0.5157 0.1851 0.2028, 0.5866 0.1521 0.2199, 0.5157 0.1521 0.2199, 0.5157 0.1457 0.2226, 0.5866 0.1457 0.2226, 0.5866 -0.1699 0.0519, 0.5157 -0.1699 0.0519, 0.5866 -0.1753 0.0511, 0.5157 -0.1753 0.0511, 0.5866 -0.2408 0.0472, 0.5157 -0.2408 0.0472, 0.5866 -0.1732 0.0472, 0.5157 -0.1732 0.0472, 0.5866 -0.276 0.1612, 0.5157 -0.276 0.1612, 0.5157 -0.2725 0.1722, 0.5866 -0.2725 0.1722, 0.5157 -0.2717 0.1836, 0.5866 -0.2717 0.1836, 0.5157 -0.2737 0.195, 0.5866 -0.2737 0.195, 0.5157 -0.2784 0.2055, 0.5866 -0.2784 0.2055, 0.5157 -0.2854 0.2145, 0.5866 -0.2854 0.2145, 0.5866 -0.2992 0.2282, 0.5157 -0.2992 0.2282, 0.5866 -0.2472 0.0472, 0.5157 -0.2472 0.0472, 0.5866 -0.2567 0.0492, 0.5157 -0.2567 0.0492, 0.5866 -0.2655 0.0535, 0.5157 -0.2655 0.0535, 0.5866 -0.273 0.0598, 0.5157 -0.273 0.0598, 0.5866 -0.2787 0.0677, 0.5157 -0.2787 0.0677, 0.5866 -0.2822 0.0768, 0.5157 -0.2822 0.0768, 0.5866 -0.2834 0.0865, 0.5157 -0.2834 0.0865, 0.5866 -0.2834 0.1409, 0.5157 -0.2834 0.1409, 0.5866 -0.283 0.1451, 0.5157 -0.283 0.1451, 0.5866 -0.2816 0.1491, 0.5157 -0.2816 0.1491, 0.5866 -0.2992 0.0472, 0.5157 -0.2992 0.0472, 0.5866 -0.185 0.1752, 0.5866 -0.185 0.2028, 0.5157 -0.185 0.1752, 0.5157 -0.185 0.2028, 0.5866 -0.1691 0.1676, 0.5157 -0.1691 0.1676, 0.5866 -0.1456 0.1201, 0.5157 -0.1456 0.1201, 0.5866 -0.1479 0.1781, 0.5866 -0.1456 0.1734, 0.5157 -0.1479 0.1781, 0.5157 -0.1456 0.1734, 0.5866 -0.1492 0.1816, 0.5157 -0.1492 0.1816, 0.5866 -0.1496 0.1853, 0.5157 -0.1496 0.1853, 0.5866 -0.1491 0.1889, 0.5157 -0.1491 0.1889, 0.5866 -0.1477 0.1924, 0.5157 -0.1477 0.1924, 0.5866 -0.1456 0.1955, 0.5157 -0.1456 0.1955, 0.5157 -0.1456 0.2226, 0.5157 -0.152 0.2199, 0.5866 -0.1456 0.2226, 0.5866 -0.152 0.2199, 0.7441 0.1754 0.0511, 0.7441 0.2409 0.0472, 0.6732 0.1754 0.0511, 0.6732 0.2409 0.0472, 0.7441 0.17 0.0519, 0.6732 0.17 0.0519, 0.7441 0.1733 0.0472, 0.6732 0.1733 0.0472, 0.7441 0.2855 0.2145, 0.7441 0.2993 0.2282, 0.6732 0.2855 0.2145, 0.6732 0.2993 0.2282, 0.6732 0.2785 0.2055, 0.7441 0.2785 0.2055, 0.6732 0.2738 0.195, 0.7441 0.2738 0.195, 0.6732 0.2718 0.1836, 0.7441 0.2718 0.1836, 0.6732 0.2726 0.1722, 0.7441 0.2726 0.1722, 0.6732 0.2761 0.1612, 0.7441 0.2761 0.1612, 0.7441 0.2817 0.1491, 0.6732 0.2817 0.1491, 0.7441 0.2831 0.1451, 0.6732 0.2831 0.1451, 0.7441 0.2835 0.1409, 0.6732 0.2835 0.1409, 0.7441 0.2835 0.0865, 0.6732 0.2835 0.0865, 0.7441 0.2823 0.0768, 0.6732 0.2823 0.0768, 0.7441 0.2788 0.0677, 0.6732 0.2788 0.0677, 0.7441 0.2731 0.0598, 0.6732 0.2731 0.0598, 0.7441 0.2656 0.0535, 0.6732 0.2656 0.0535, 0.7441 0.2568 0.0492, 0.6732 0.2568 0.0492, 0.7441 0.2473 0.0472, 0.6732 0.2473 0.0472, 0.7441 0.2993 0.0472, 0.6732 0.2993 0.0472, 0.7441 0.1457 0.1955, 0.6732 0.1457 0.1955, 0.7441 0.1478 0.1924, 0.6732 0.1478 0.1924, 0.7441 0.1492 0.1889, 0.6732 0.1492 0.1889, 0.7441 0.1497 0.1853, 0.6732 0.1497 0.1853, 0.7441 0.1493 0.1816, 0.6732 0.1493 0.1816, 0.7441 0.148 0.1781, 0.6732 0.148 0.1781, 0.7441 0.1457 0.1734, 0.6732 0.1457 0.1734, 0.7441 0.1692 0.1676, 0.7441 0.1457 0.1201, 0.6732 0.1692 0.1676, 0.6732 0.1457 0.1201, 0.7441 0.1851 0.1752, 0.6732 0.1851 0.1752, 0.7441 0.1851 0.2028, 0.6732 0.1851 0.2028, 0.7441 0.1521 0.2199, 0.6732 0.1521 0.2199, 0.6732 0.1457 0.2226, 0.7441 0.1457 0.2226, 0.7441 -0.1699 0.0519, 0.6732 -0.1699 0.0519, 0.7441 -0.1753 0.0511, 0.6732 -0.1753 0.0511, 0.7441 -0.2408 0.0472, 0.6732 -0.2408 0.0472, 0.7441 -0.1732 0.0472, 0.6732 -0.1732 0.0472, 0.7441 -0.276 0.1612, 0.6732 -0.276 0.1612, 0.6732 -0.2725 0.1722, 0.7441 -0.2725 0.1722, 0.6732 -0.2717 0.1836, 0.7441 -0.2717 0.1836, 0.6732 -0.2737 0.195, 0.7441 -0.2737 0.195, 0.6732 -0.2784 0.2055, 0.7441 -0.2784 0.2055, 0.6732 -0.2854 0.2145, 0.7441 -0.2854 0.2145, 0.7441 -0.2992 0.2282, 0.6732 -0.2992 0.2282, 0.7441 -0.2472 0.0472, 0.6732 -0.2472 0.0472, 0.7441 -0.2567 0.0492, 0.6732 -0.2567 0.0492, 0.7441 -0.2655 0.0535, 0.6732 -0.2655 0.0535, 0.7441 -0.273 0.0598, 0.6732 -0.273 0.0598, 0.7441 -0.2787 0.0677, 0.6732 -0.2787 0.0677, 0.7441 -0.2822 0.0768, 0.6732 -0.2822 0.0768, 0.7441 -0.2834 0.0865, 0.6732 -0.2834 0.0865, 0.7441 -0.2834 0.1409, 0.6732 -0.2834 0.1409, 0.7441 -0.283 0.1451, 0.6732 -0.283 0.1451, 0.7441 -0.2816 0.1491, 0.6732 -0.2816 0.1491, 0.7441 -0.2992 0.0472, 0.6732 -0.2992 0.0472, 0.7441 -0.185 0.1752, 0.7441 -0.185 0.2028, 0.6732 -0.185 0.1752, 0.6732 -0.185 0.2028, 0.7441 -0.1691 0.1676, 0.6732 -0.1691 0.1676, 0.7441 -0.1456 0.1201, 0.6732 -0.1456 0.1201, 0.7441 -0.1479 0.1781, 0.7441 -0.1456 0.1734, 0.6732 -0.1479 0.1781, 0.6732 -0.1456 0.1734, 0.7441 -0.1492 0.1816, 0.6732 -0.1492 0.1816, 0.7441 -0.1496 0.1853, 0.6732 -0.1496 0.1853, 0.7441 -0.1491 0.1889, 0.6732 -0.1491 0.1889, 0.7441 -0.1477 0.1924, 0.6732 -0.1477 0.1924, 0.7441 -0.1456 0.1955, 0.6732 -0.1456 0.1955, 0.6732 -0.1456 0.2226, 0.6732 -0.152 0.2199, 0.7441 -0.1456 0.2226, 0.7441 -0.152 0.2199, 0.9016 0.1754 0.0511, 0.9016 0.2409 0.0472, 0.8307 0.1754 0.0511, 0.8307 0.2409 0.0472, 0.9016 0.17 0.0519, 0.8307 0.17 0.0519, 0.9016 0.1733 0.0472, 0.8307 0.1733 0.0472, 0.9016 0.2855 0.2145, 0.9016 0.2993 0.2282, 0.8307 0.2855 0.2145, 0.8307 0.2993 0.2282, 0.8307 0.2785 0.2055, 0.9016 0.2785 0.2055, 0.8307 0.2738 0.195, 0.9016 0.2738 0.195, 0.8307 0.2718 0.1836, 0.9016 0.2718 0.1836, 0.8307 0.2726 0.1722, 0.9016 0.2726 0.1722, 0.8307 0.2761 0.1612, 0.9016 0.2761 0.1612, 0.9016 0.2817 0.1491, 0.8307 0.2817 0.1491, 0.9016 0.2831 0.1451, 0.8307 0.2831 0.1451, 0.9016 0.2835 0.1409, 0.8307 0.2835 0.1409, 0.9016 0.2835 0.0865, 0.8307 0.2835 0.0865, 0.9016 0.2823 0.0768, 0.8307 0.2823 0.0768, 0.9016 0.2788 0.0677, 0.8307 0.2788 0.0677, 0.9016 0.2731 0.0598, 0.8307 0.2731 0.0598, 0.9016 0.2656 0.0535, 0.8307 0.2656 0.0535, 0.9016 0.2568 0.0492, 0.8307 0.2568 0.0492, 0.9016 0.2473 0.0472, 0.8307 0.2473 0.0472, 0.9016 0.2993 0.0472, 0.8307 0.2993 0.0472, 0.9016 0.1457 0.1955, 0.8307 0.1457 0.1955, 0.9016 0.1478 0.1924, 0.8307 0.1478 0.1924, 0.9016 0.1492 0.1889, 0.8307 0.1492 0.1889, 0.9016 0.1497 0.1853, 0.8307 0.1497 0.1853, 0.9016 0.1493 0.1816, 0.8307 0.1493 0.1816, 0.9016 0.148 0.1781, 0.8307 0.148 0.1781, 0.9016 0.1457 0.1734, 0.8307 0.1457 0.1734, 0.9016 0.1692 0.1676, 0.9016 0.1457 0.1201, 0.8307 0.1692 0.1676, 0.8307 0.1457 0.1201, 0.9016 0.1851 0.1752, 0.8307 0.1851 0.1752, 0.9016 0.1851 0.2028, 0.8307 0.1851 0.2028, 0.9016 0.1521 0.2199, 0.8307 0.1521 0.2199, 0.8307 0.1457 0.2226, 0.9016 0.1457 0.2226, 0.9016 -0.1699 0.0519, 0.8307 -0.1699 0.0519, 0.9016 -0.1753 0.0511, 0.8307 -0.1753 0.0511, 0.9016 -0.2408 0.0472, 0.8307 -0.2408 0.0472, 0.9016 -0.1732 0.0472, 0.8307 -0.1732 0.0472, 0.9016 -0.276 0.1612, 0.8307 -0.276 0.1612, 0.8307 -0.2725 0.1722, 0.9016 -0.2725 0.1722, 0.8307 -0.2717 0.1836, 0.9016 -0.2717 0.1836, 0.8307 -0.2737 0.195, 0.9016 -0.2737 0.195, 0.8307 -0.2784 0.2055, 0.9016 -0.2784 0.2055, 0.8307 -0.2854 0.2145, 0.9016 -0.2854 0.2145, 0.9016 -0.2992 0.2282, 0.8307 -0.2992 0.2282, 0.9016 -0.2472 0.0472, 0.8307 -0.2472 0.0472, 0.9016 -0.2567 0.0492, 0.8307 -0.2567 0.0492, 0.9016 -0.2655 0.0535, 0.8307 -0.2655 0.0535, 0.9016 -0.273 0.0598, 0.8307 -0.273 0.0598, 0.9016 -0.2787 0.0677, 0.8307 -0.2787 0.0677, 0.9016 -0.2822 0.0768, 0.8307 -0.2822 0.0768, 0.9016 -0.2834 0.0865, 0.8307 -0.2834 0.0865, 0.9016 -0.2834 0.1409, 0.8307 -0.2834 0.1409, 0.9016 -0.283 0.1451, 0.8307 -0.283 0.1451, 0.9016 -0.2816 0.1491, 0.8307 -0.2816 0.1491, 0.9016 -0.2992 0.0472, 0.8307 -0.2992 0.0472, 0.9016 -0.185 0.1752, 0.9016 -0.185 0.2028, 0.8307 -0.185 0.1752, 0.8307 -0.185 0.2028, 0.9016 -0.1691 0.1676, 0.8307 -0.1691 0.1676, 0.9016 -0.1456 0.1201, 0.8307 -0.1456 0.1201, 0.9016 -0.1479 0.1781, 0.9016 -0.1456 0.1734, 0.8307 -0.1479 0.1781, 0.8307 -0.1456 0.1734, 0.9016 -0.1492 0.1816, 0.8307 -0.1492 0.1816, 0.9016 -0.1496 0.1853, 0.8307 -0.1496 0.1853, 0.9016 -0.1491 0.1889, 0.8307 -0.1491 0.1889, 0.9016 -0.1477 0.1924, 0.8307 -0.1477 0.1924, 0.9016 -0.1456 0.1955, 0.8307 -0.1456 0.1955, 0.8307 -0.1456 0.2226, 0.8307 -0.152 0.2199, 0.9016 -0.1456 0.2226, 0.9016 -0.152 0.2199
            ]
        }
        coordIndex [
            0,1,2,-1,2,1,3,-1,0,2,4,-1,4,2,5,-1,4,5,6,-1,6,5,7,-1,6,7,8,-1,8,7,9,-1,8,9,10,-1,10,9,11,-1,10,11,12,-1,12,11,13,-1,12,13,14,-1,14,13,15,-1,16,14,17,-1,17,14,15,-1,18,16,19,-1,19,16,17,-1,20,18,21,-1,21,18,19,-1,20,21,22,-1,20,22,23,-1,23,22,24,-1,23,24,25,-1,25,24,26,-1,25,26,27,-1,27,26,28,-1,27,28,29,-1,29,28,30,-1,29,30,31,-1,31,30,32,-1,31,32,33,-1,34,33,35,-1,35,33,32,-1,16,18,14,-1,14,18,20,-1,14,20,12,-1,12,20,23,-1,12,23,10,-1,10,23,25,-1,10,25,8,-1,8,25,27,-1,8,27,6,-1,6,27,29,-1,6,29,4,-1,4,29,31,-1,4,31,0,-1,0,31,33,-1,0,33,1,-1,1,33,34,-1,3,35,2,-1,2,35,32,-1,2,32,5,-1,5,32,30,-1,5,30,7,-1,7,30,28,-1,7,28,9,-1,9,28,26,-1,9,26,11,-1,11,26,24,-1,11,24,13,-1,13,24,22,-1,13,22,15,-1,15,22,21,-1,15,21,17,-1,17,21,19,-1,36,37,38,-1,38,37,39,-1,36,38,40,-1,40,38,41,-1,40,41,42,-1,42,41,43,-1,42,43,44,-1,44,43,45,-1,44,45,46,-1,46,45,47,-1,46,47,48,-1,48,47,49,-1,48,49,50,-1,50,49,51,-1,52,50,53,-1,53,50,51,-1,54,55,56,-1,56,55,57,-1,54,56,58,-1,54,58,59,-1,59,58,60,-1,59,60,61,-1,61,60,62,-1,61,62,63,-1,63,62,64,-1,63,64,65,-1,65,64,66,-1,65,66,67,-1,67,66,68,-1,67,68,69,-1,70,69,71,-1,71,69,68,-1,37,70,39,-1,39,70,71,-1,52,55,50,-1,50,55,54,-1,50,54,48,-1,48,54,59,-1,48,59,46,-1,46,59,61,-1,46,61,44,-1,44,61,63,-1,44,63,42,-1,42,63,65,-1,42,65,40,-1,40,65,67,-1,40,67,36,-1,36,67,69,-1,36,69,37,-1,37,69,70,-1,39,71,38,-1,38,71,68,-1,38,68,41,-1,41,68,66,-1,41,66,43,-1,43,66,64,-1,43,64,45,-1,45,64,62,-1,45,62,47,-1,47,62,60,-1,47,60,49,-1,49,60,58,-1,49,58,51,-1,51,58,56,-1,51,56,53,-1,53,56,57,-1,72,73,74,-1,74,73,75,-1,72,74,76,-1,76,74,77,-1,76,77,78,-1,78,77,79,-1,78,79,80,-1,80,79,81,-1,80,81,82,-1,82,81,83,-1,82,83,84,-1,84,83,85,-1,84,85,86,-1,86,85,87,-1,88,86,89,-1,89,86,87,-1,90,88,91,-1,91,88,89,-1,92,90,93,-1,93,90,91,-1,92,93,94,-1,92,94,95,-1,95,94,96,-1,95,96,97,-1,97,96,98,-1,97,98,99,-1,99,98,100,-1,99,100,101,-1,101,100,102,-1,101,102,103,-1,103,102,104,-1,103,104,105,-1,106,105,107,-1,107,105,104,-1,88,90,86,-1,86,90,92,-1,86,92,84,-1,84,92,95,-1,84,95,82,-1,82,95,97,-1,82,97,80,-1,80,97,99,-1,80,99,78,-1,78,99,101,-1,78,101,76,-1,76,101,103,-1,76,103,72,-1,72,103,105,-1,72,105,73,-1,73,105,106,-1,75,107,74,-1,74,107,104,-1,74,104,77,-1,77,104,102,-1,77,102,79,-1,79,102,100,-1,79,100,81,-1,81,100,98,-1,81,98,83,-1,83,98,96,-1,83,96,85,-1,85,96,94,-1,85,94,87,-1,87,94,93,-1,87,93,89,-1,89,93,91,-1,108,109,110,-1,110,109,111,-1,108,110,112,-1,112,110,113,-1,112,113,114,-1,114,113,115,-1,114,115,116,-1,116,115,117,-1,116,117,118,-1,118,117,119,-1,118,119,120,-1,120,119,121,-1,120,121,122,-1,122,121,123,-1,124,122,125,-1,125,122,123,-1,126,127,128,-1,128,127,129,-1,126,128,130,-1,126,130,131,-1,131,130,132,-1,131,132,133,-1,133,132,134,-1,133,134,135,-1,135,134,136,-1,135,136,137,-1,137,136,138,-1,137,138,139,-1,139,138,140,-1,139,140,141,-1,142,141,143,-1,143,141,140,-1,109,142,111,-1,111,142,143,-1,124,127,122,-1,122,127,126,-1,122,126,120,-1,120,126,131,-1,120,131,118,-1,118,131,133,-1,118,133,116,-1,116,133,135,-1,116,135,114,-1,114,135,137,-1,114,137,112,-1,112,137,139,-1,112,139,108,-1,108,139,141,-1,108,141,109,-1,109,141,142,-1,111,143,110,-1,110,143,140,-1,110,140,113,-1,113,140,138,-1,113,138,115,-1,115,138,136,-1,115,136,117,-1,117,136,134,-1,117,134,119,-1,119,134,132,-1,119,132,121,-1,121,132,130,-1,121,130,123,-1,123,130,128,-1,123,128,125,-1,125,128,129,-1,144,145,146,-1,146,145,147,-1,144,146,148,-1,148,146,149,-1,148,149,150,-1,150,149,151,-1,150,151,152,-1,152,151,153,-1,152,153,154,-1,154,153,155,-1,154,155,156,-1,156,155,157,-1,156,157,158,-1,158,157,159,-1,160,158,161,-1,161,158,159,-1,162,160,163,-1,163,160,161,-1,164,162,165,-1,165,162,163,-1,164,165,166,-1,164,166,167,-1,167,166,168,-1,167,168,169,-1,169,168,170,-1,169,170,171,-1,171,170,172,-1,171,172,173,-1,173,172,174,-1,173,174,175,-1,175,174,176,-1,175,176,177,-1,178,177,179,-1,179,177,176,-1,160,162,158,-1,158,162,164,-1,158,164,156,-1,156,164,167,-1,156,167,154,-1,154,167,169,-1,154,169,152,-1,152,169,171,-1,152,171,150,-1,150,171,173,-1,150,173,148,-1,148,173,175,-1,148,175,144,-1,144,175,177,-1,144,177,145,-1,145,177,178,-1,147,179,146,-1,146,179,176,-1,146,176,149,-1,149,176,174,-1,149,174,151,-1,151,174,172,-1,151,172,153,-1,153,172,170,-1,153,170,155,-1,155,170,168,-1,155,168,157,-1,157,168,166,-1,157,166,159,-1,159,166,165,-1,159,165,161,-1,161,165,163,-1,180,181,182,-1,182,181,183,-1,180,182,184,-1,184,182,185,-1,184,185,186,-1,186,185,187,-1,186,187,188,-1,188,187,189,-1,188,189,190,-1,190,189,191,-1,190,191,192,-1,192,191,193,-1,192,193,194,-1,194,193,195,-1,196,194,197,-1,197,194,195,-1,198,199,200,-1,200,199,201,-1,198,200,202,-1,198,202,203,-1,203,202,204,-1,203,204,205,-1,205,204,206,-1,205,206,207,-1,207,206,208,-1,207,208,209,-1,209,208,210,-1,209,210,211,-1,211,210,212,-1,211,212,213,-1,214,213,215,-1,215,213,212,-1,181,214,183,-1,183,214,215,-1,196,199,194,-1,194,199,198,-1,194,198,192,-1,192,198,203,-1,192,203,190,-1,190,203,205,-1,190,205,188,-1,188,205,207,-1,188,207,186,-1,186,207,209,-1,186,209,184,-1,184,209,211,-1,184,211,180,-1,180,211,213,-1,180,213,181,-1,181,213,214,-1,183,215,182,-1,182,215,212,-1,182,212,185,-1,185,212,210,-1,185,210,187,-1,187,210,208,-1,187,208,189,-1,189,208,206,-1,189,206,191,-1,191,206,204,-1,191,204,193,-1,193,204,202,-1,193,202,195,-1,195,202,200,-1,195,200,197,-1,197,200,201,-1,216,217,218,-1,218,217,219,-1,216,218,220,-1,220,218,221,-1,220,221,222,-1,222,221,223,-1,222,223,224,-1,224,223,225,-1,224,225,226,-1,226,225,227,-1,226,227,228,-1,228,227,229,-1,228,229,230,-1,230,229,231,-1,232,230,233,-1,233,230,231,-1,234,232,235,-1,235,232,233,-1,236,234,237,-1,237,234,235,-1,236,237,238,-1,236,238,239,-1,239,238,240,-1,239,240,241,-1,241,240,242,-1,241,242,243,-1,243,242,244,-1,243,244,245,-1,245,244,246,-1,245,246,247,-1,247,246,248,-1,247,248,249,-1,250,249,251,-1,251,249,248,-1,232,234,230,-1,230,234,236,-1,230,236,228,-1,228,236,239,-1,228,239,226,-1,226,239,241,-1,226,241,224,-1,224,241,243,-1,224,243,222,-1,222,243,245,-1,222,245,220,-1,220,245,247,-1,220,247,216,-1,216,247,249,-1,216,249,217,-1,217,249,250,-1,219,251,218,-1,218,251,248,-1,218,248,221,-1,221,248,246,-1,221,246,223,-1,223,246,244,-1,223,244,225,-1,225,244,242,-1,225,242,227,-1,227,242,240,-1,227,240,229,-1,229,240,238,-1,229,238,231,-1,231,238,237,-1,231,237,233,-1,233,237,235,-1,252,253,254,-1,254,253,255,-1,252,254,256,-1,256,254,257,-1,256,257,258,-1,258,257,259,-1,258,259,260,-1,260,259,261,-1,260,261,262,-1,262,261,263,-1,262,263,264,-1,264,263,265,-1,264,265,266,-1,266,265,267,-1,268,266,269,-1,269,266,267,-1,270,271,272,-1,272,271,273,-1,270,272,274,-1,270,274,275,-1,275,274,276,-1,275,276,277,-1,277,276,278,-1,277,278,279,-1,279,278,280,-1,279,280,281,-1,281,280,282,-1,281,282,283,-1,283,282,284,-1,283,284,285,-1,286,285,287,-1,287,285,284,-1,253,286,255,-1,255,286,287,-1,268,271,266,-1,266,271,270,-1,266,270,264,-1,264,270,275,-1,264,275,262,-1,262,275,277,-1,262,277,260,-1,260,277,279,-1,260,279,258,-1,258,279,281,-1,258,281,256,-1,256,281,283,-1,256,283,252,-1,252,283,285,-1,252,285,253,-1,253,285,286,-1,255,287,254,-1,254,287,284,-1,254,284,257,-1,257,284,282,-1,257,282,259,-1,259,282,280,-1,259,280,261,-1,261,280,278,-1,261,278,263,-1,263,278,276,-1,263,276,265,-1,265,276,274,-1,265,274,267,-1,267,274,272,-1,267,272,269,-1,269,272,273,-1,288,289,290,-1,290,289,291,-1,288,290,292,-1,292,290,293,-1,292,293,294,-1,294,293,295,-1,294,295,296,-1,296,295,297,-1,296,297,298,-1,298,297,299,-1,298,299,300,-1,300,299,301,-1,300,301,302,-1,302,301,303,-1,304,302,305,-1,305,302,303,-1,306,304,307,-1,307,304,305,-1,308,306,309,-1,309,306,307,-1,308,309,310,-1,308,310,311,-1,311,310,312,-1,311,312,313,-1,313,312,314,-1,313,314,315,-1,315,314,316,-1,315,316,317,-1,317,316,318,-1,317,318,319,-1,319,318,320,-1,319,320,321,-1,322,321,323,-1,323,321,320,-1,304,306,302,-1,302,306,308,-1,302,308,300,-1,300,308,311,-1,300,311,298,-1,298,311,313,-1,298,313,296,-1,296,313,315,-1,296,315,294,-1,294,315,317,-1,294,317,292,-1,292,317,319,-1,292,319,288,-1,288,319,321,-1,288,321,289,-1,289,321,322,-1,291,323,290,-1,290,323,320,-1,290,320,293,-1,293,320,318,-1,293,318,295,-1,295,318,316,-1,295,316,297,-1,297,316,314,-1,297,314,299,-1,299,314,312,-1,299,312,301,-1,301,312,310,-1,301,310,303,-1,303,310,309,-1,303,309,305,-1,305,309,307,-1,324,325,326,-1,326,325,327,-1,324,326,328,-1,328,326,329,-1,328,329,330,-1,330,329,331,-1,330,331,332,-1,332,331,333,-1,332,333,334,-1,334,333,335,-1,334,335,336,-1,336,335,337,-1,336,337,338,-1,338,337,339,-1,340,338,341,-1,341,338,339,-1,342,343,344,-1,344,343,345,-1,342,344,346,-1,342,346,347,-1,347,346,348,-1,347,348,349,-1,349,348,350,-1,349,350,351,-1,351,350,352,-1,351,352,353,-1,353,352,354,-1,353,354,355,-1,355,354,356,-1,355,356,357,-1,358,357,359,-1,359,357,356,-1,325,358,327,-1,327,358,359,-1,340,343,338,-1,338,343,342,-1,338,342,336,-1,336,342,347,-1,336,347,334,-1,334,347,349,-1,334,349,332,-1,332,349,351,-1,332,351,330,-1,330,351,353,-1,330,353,328,-1,328,353,355,-1,328,355,324,-1,324,355,357,-1,324,357,325,-1,325,357,358,-1,327,359,326,-1,326,359,356,-1,326,356,329,-1,329,356,354,-1,329,354,331,-1,331,354,352,-1,331,352,333,-1,333,352,350,-1,333,350,335,-1,335,350,348,-1,335,348,337,-1,337,348,346,-1,337,346,339,-1,339,346,344,-1,339,344,341,-1,341,344,345,-1,360,361,362,-1,362,361,363,-1,360,362,364,-1,364,362,365,-1,364,365,366,-1,366,365,367,-1,366,367,368,-1,368,367,369,-1,368,369,370,-1,370,369,371,-1,370,371,372,-1,372,371,373,-1,372,373,374,-1,374,373,375,-1,376,374,377,-1,377,374,375,-1,378,376,379,-1,379,376,377,-1,380,378,381,-1,381,378,379,-1,380,381,382,-1,380,382,383,-1,383,382,384,-1,383,384,385,-1,385,384,386,-1,385,386,387,-1,387,386,388,-1,387,388,389,-1,389,388,390,-1,389,390,391,-1,391,390,392,-1,391,392,393,-1,394,393,395,-1,395,393,392,-1,376,378,374,-1,374,378,380,-1,374,380,372,-1,372,380,383,-1,372,383,370,-1,370,383,385,-1,370,385,368,-1,368,385,387,-1,368,387,366,-1,366,387,389,-1,366,389,364,-1,364,389,391,-1,364,391,360,-1,360,391,393,-1,360,393,361,-1,361,393,394,-1,363,395,362,-1,362,395,392,-1,362,392,365,-1,365,392,390,-1,365,390,367,-1,367,390,388,-1,367,388,369,-1,369,388,386,-1,369,386,371,-1,371,386,384,-1,371,384,373,-1,373,384,382,-1,373,382,375,-1,375,382,381,-1,375,381,377,-1,377,381,379,-1,396,397,398,-1,398,397,399,-1,396,398,400,-1,400,398,401,-1,400,401,402,-1,402,401,403,-1,402,403,404,-1,404,403,405,-1,404,405,406,-1,406,405,407,-1,406,407,408,-1,408,407,409,-1,408,409,410,-1,410,409,411,-1,412,410,413,-1,413,410,411,-1,414,415,416,-1,416,415,417,-1,414,416,418,-1,414,418,419,-1,419,418,420,-1,419,420,421,-1,421,420,422,-1,421,422,423,-1,423,422,424,-1,423,424,425,-1,425,424,426,-1,425,426,427,-1,427,426,428,-1,427,428,429,-1,430,429,431,-1,431,429,428,-1,397,430,399,-1,399,430,431,-1,412,415,410,-1,410,415,414,-1,410,414,408,-1,408,414,419,-1,408,419,406,-1,406,419,421,-1,406,421,404,-1,404,421,423,-1,404,423,402,-1,402,423,425,-1,402,425,400,-1,400,425,427,-1,400,427,396,-1,396,427,429,-1,396,429,397,-1,397,429,430,-1,399,431,398,-1,398,431,428,-1,398,428,401,-1,401,428,426,-1,401,426,403,-1,403,426,424,-1,403,424,405,-1,405,424,422,-1,405,422,407,-1,407,422,420,-1,407,420,409,-1,409,420,418,-1,409,418,411,-1,411,418,416,-1,411,416,413,-1,413,416,417,-1,432,433,434,-1,434,433,435,-1,432,434,436,-1,436,434,437,-1,436,437,438,-1,438,437,439,-1,438,439,440,-1,440,439,441,-1,440,441,442,-1,442,441,443,-1,442,443,444,-1,444,443,445,-1,444,445,446,-1,446,445,447,-1,448,446,449,-1,449,446,447,-1,450,448,451,-1,451,448,449,-1,452,450,453,-1,453,450,451,-1,452,453,454,-1,452,454,455,-1,455,454,456,-1,455,456,457,-1,457,456,458,-1,457,458,459,-1,459,458,460,-1,459,460,461,-1,461,460,462,-1,461,462,463,-1,463,462,464,-1,463,464,465,-1,466,465,467,-1,467,465,464,-1,448,450,446,-1,446,450,452,-1,446,452,444,-1,444,452,455,-1,444,455,442,-1,442,455,457,-1,442,457,440,-1,440,457,459,-1,440,459,438,-1,438,459,461,-1,438,461,436,-1,436,461,463,-1,436,463,432,-1,432,463,465,-1,432,465,433,-1,433,465,466,-1,435,467,434,-1,434,467,464,-1,434,464,437,-1,437,464,462,-1,437,462,439,-1,439,462,460,-1,439,460,441,-1,441,460,458,-1,441,458,443,-1,443,458,456,-1,443,456,445,-1,445,456,454,-1,445,454,447,-1,447,454,453,-1,447,453,449,-1,449,453,451,-1,468,469,470,-1,470,469,471,-1,468,470,472,-1,472,470,473,-1,472,473,474,-1,474,473,475,-1,474,475,476,-1,476,475,477,-1,476,477,478,-1,478,477,479,-1,478,479,480,-1,480,479,481,-1,480,481,482,-1,482,481,483,-1,484,482,485,-1,485,482,483,-1,486,487,488,-1,488,487,489,-1,486,488,490,-1,486,490,491,-1,491,490,492,-1,491,492,493,-1,493,492,494,-1,493,494,495,-1,495,494,496,-1,495,496,497,-1,497,496,498,-1,497,498,499,-1,499,498,500,-1,499,500,501,-1,502,501,503,-1,503,501,500,-1,469,502,471,-1,471,502,503,-1,484,487,482,-1,482,487,486,-1,482,486,480,-1,480,486,491,-1,480,491,478,-1,478,491,493,-1,478,493,476,-1,476,493,495,-1,476,495,474,-1,474,495,497,-1,474,497,472,-1,472,497,499,-1,472,499,468,-1,468,499,501,-1,468,501,469,-1,469,501,502,-1,471,503,470,-1,470,503,500,-1,470,500,473,-1,473,500,498,-1,473,498,475,-1,475,498,496,-1,475,496,477,-1,477,496,494,-1,477,494,479,-1,479,494,492,-1,479,492,481,-1,481,492,490,-1,481,490,483,-1,483,490,488,-1,483,488,485,-1,485,488,489,-1,504,505,506,-1,506,505,507,-1,504,506,508,-1,508,506,509,-1,508,509,510,-1,510,509,511,-1,510,511,512,-1,512,511,513,-1,512,513,514,-1,514,513,515,-1,514,515,516,-1,516,515,517,-1,516,517,518,-1,518,517,519,-1,520,518,521,-1,521,518,519,-1,522,520,523,-1,523,520,521,-1,524,522,525,-1,525,522,523,-1,524,525,526,-1,524,526,527,-1,527,526,528,-1,527,528,529,-1,529,528,530,-1,529,530,531,-1,531,530,532,-1,531,532,533,-1,533,532,534,-1,533,534,535,-1,535,534,536,-1,535,536,537,-1,538,537,539,-1,539,537,536,-1,520,522,518,-1,518,522,524,-1,518,524,516,-1,516,524,527,-1,516,527,514,-1,514,527,529,-1,514,529,512,-1,512,529,531,-1,512,531,510,-1,510,531,533,-1,510,533,508,-1,508,533,535,-1,508,535,504,-1,504,535,537,-1,504,537,505,-1,505,537,538,-1,507,539,506,-1,506,539,536,-1,506,536,509,-1,509,536,534,-1,509,534,511,-1,511,534,532,-1,511,532,513,-1,513,532,530,-1,513,530,515,-1,515,530,528,-1,515,528,517,-1,517,528,526,-1,517,526,519,-1,519,526,525,-1,519,525,521,-1,521,525,523,-1,540,541,542,-1,542,541,543,-1,540,542,544,-1,544,542,545,-1,544,545,546,-1,546,545,547,-1,546,547,548,-1,548,547,549,-1,548,549,550,-1,550,549,551,-1,550,551,552,-1,552,551,553,-1,552,553,554,-1,554,553,555,-1,556,554,557,-1,557,554,555,-1,558,559,560,-1,560,559,561,-1,558,560,562,-1,558,562,563,-1,563,562,564,-1,563,564,565,-1,565,564,566,-1,565,566,567,-1,567,566,568,-1,567,568,569,-1,569,568,570,-1,569,570,571,-1,571,570,572,-1,571,572,573,-1,574,573,575,-1,575,573,572,-1,541,574,543,-1,543,574,575,-1,556,559,554,-1,554,559,558,-1,554,558,552,-1,552,558,563,-1,552,563,550,-1,550,563,565,-1,550,565,548,-1,548,565,567,-1,548,567,546,-1,546,567,569,-1,546,569,544,-1,544,569,571,-1,544,571,540,-1,540,571,573,-1,540,573,541,-1,541,573,574,-1,543,575,542,-1,542,575,572,-1,542,572,545,-1,545,572,570,-1,545,570,547,-1,547,570,568,-1,547,568,549,-1,549,568,566,-1,549,566,551,-1,551,566,564,-1,551,564,553,-1,553,564,562,-1,553,562,555,-1,555,562,560,-1,555,560,557,-1,557,560,561,-1,576,577,578,-1,578,577,579,-1,576,578,580,-1,580,578,581,-1,580,581,582,-1,582,581,583,-1,582,583,584,-1,584,583,585,-1,584,585,586,-1,586,585,587,-1,586,587,588,-1,588,587,589,-1,588,589,590,-1,590,589,591,-1,592,590,593,-1,593,590,591,-1,594,592,595,-1,595,592,593,-1,596,594,597,-1,597,594,595,-1,596,597,598,-1,596,598,599,-1,599,598,600,-1,599,600,601,-1,601,600,602,-1,601,602,603,-1,603,602,604,-1,603,604,605,-1,605,604,606,-1,605,606,607,-1,607,606,608,-1,607,608,609,-1,610,609,611,-1,611,609,608,-1,592,594,590,-1,590,594,596,-1,590,596,588,-1,588,596,599,-1,588,599,586,-1,586,599,601,-1,586,601,584,-1,584,601,603,-1,584,603,582,-1,582,603,605,-1,582,605,580,-1,580,605,607,-1,580,607,576,-1,576,607,609,-1,576,609,577,-1,577,609,610,-1,579,611,578,-1,578,611,608,-1,578,608,581,-1,581,608,606,-1,581,606,583,-1,583,606,604,-1,583,604,585,-1,585,604,602,-1,585,602,587,-1,587,602,600,-1,587,600,589,-1,589,600,598,-1,589,598,591,-1,591,598,597,-1,591,597,593,-1,593,597,595,-1,612,613,614,-1,614,613,615,-1,612,614,616,-1,616,614,617,-1,616,617,618,-1,618,617,619,-1,618,619,620,-1,620,619,621,-1,620,621,622,-1,622,621,623,-1,622,623,624,-1,624,623,625,-1,624,625,626,-1,626,625,627,-1,628,626,629,-1,629,626,627,-1,630,631,632,-1,632,631,633,-1,630,632,634,-1,630,634,635,-1,635,634,636,-1,635,636,637,-1,637,636,638,-1,637,638,639,-1,639,638,640,-1,639,640,641,-1,641,640,642,-1,641,642,643,-1,643,642,644,-1,643,644,645,-1,646,645,647,-1,647,645,644,-1,613,646,615,-1,615,646,647,-1,628,631,626,-1,626,631,630,-1,626,630,624,-1,624,630,635,-1,624,635,622,-1,622,635,637,-1,622,637,620,-1,620,637,639,-1,620,639,618,-1,618,639,641,-1,618,641,616,-1,616,641,643,-1,616,643,612,-1,612,643,645,-1,612,645,613,-1,613,645,646,-1,615,647,614,-1,614,647,644,-1,614,644,617,-1,617,644,642,-1,617,642,619,-1,619,642,640,-1,619,640,621,-1,621,640,638,-1,621,638,623,-1,623,638,636,-1,623,636,625,-1,625,636,634,-1,625,634,627,-1,627,634,632,-1,627,632,629,-1,629,632,633,-1,648,649,650,-1,650,649,651,-1,648,650,652,-1,652,650,653,-1,652,653,654,-1,654,653,655,-1,654,655,656,-1,656,655,657,-1,656,657,658,-1,658,657,659,-1,658,659,660,-1,660,659,661,-1,660,661,662,-1,662,661,663,-1,664,662,665,-1,665,662,663,-1,666,664,667,-1,667,664,665,-1,668,666,669,-1,669,666,667,-1,668,669,670,-1,668,670,671,-1,671,670,672,-1,671,672,673,-1,673,672,674,-1,673,674,675,-1,675,674,676,-1,675,676,677,-1,677,676,678,-1,677,678,679,-1,679,678,680,-1,679,680,681,-1,682,681,683,-1,683,681,680,-1,664,666,662,-1,662,666,668,-1,662,668,660,-1,660,668,671,-1,660,671,658,-1,658,671,673,-1,658,673,656,-1,656,673,675,-1,656,675,654,-1,654,675,677,-1,654,677,652,-1,652,677,679,-1,652,679,648,-1,648,679,681,-1,648,681,649,-1,649,681,682,-1,651,683,650,-1,650,683,680,-1,650,680,653,-1,653,680,678,-1,653,678,655,-1,655,678,676,-1,655,676,657,-1,657,676,674,-1,657,674,659,-1,659,674,672,-1,659,672,661,-1,661,672,670,-1,661,670,663,-1,663,670,669,-1,663,669,665,-1,665,669,667,-1,684,685,686,-1,686,685,687,-1,684,686,688,-1,688,686,689,-1,688,689,690,-1,690,689,691,-1,690,691,692,-1,692,691,693,-1,692,693,694,-1,694,693,695,-1,694,695,696,-1,696,695,697,-1,696,697,698,-1,698,697,699,-1,700,698,701,-1,701,698,699,-1,702,703,704,-1,704,703,705,-1,702,704,706,-1,702,706,707,-1,707,706,708,-1,707,708,709,-1,709,708,710,-1,709,710,711,-1,711,710,712,-1,711,712,713,-1,713,712,714,-1,713,714,715,-1,715,714,716,-1,715,716,717,-1,718,717,719,-1,719,717,716,-1,685,718,687,-1,687,718,719,-1,700,703,698,-1,698,703,702,-1,698,702,696,-1,696,702,707,-1,696,707,694,-1,694,707,709,-1,694,709,692,-1,692,709,711,-1,692,711,690,-1,690,711,713,-1,690,713,688,-1,688,713,715,-1,688,715,684,-1,684,715,717,-1,684,717,685,-1,685,717,718,-1,687,719,686,-1,686,719,716,-1,686,716,689,-1,689,716,714,-1,689,714,691,-1,691,714,712,-1,691,712,693,-1,693,712,710,-1,693,710,695,-1,695,710,708,-1,695,708,697,-1,697,708,706,-1,697,706,699,-1,699,706,704,-1,699,704,701,-1,701,704,705,-1,720,721,722,-1,722,721,723,-1,720,722,724,-1,724,722,725,-1,724,725,726,-1,726,725,727,-1,726,727,728,-1,728,727,729,-1,728,729,730,-1,730,729,731,-1,730,731,732,-1,732,731,733,-1,732,733,734,-1,734,733,735,-1,736,734,737,-1,737,734,735,-1,738,736,739,-1,739,736,737,-1,740,738,741,-1,741,738,739,-1,740,741,742,-1,740,742,743,-1,743,742,744,-1,743,744,745,-1,745,744,746,-1,745,746,747,-1,747,746,748,-1,747,748,749,-1,749,748,750,-1,749,750,751,-1,751,750,752,-1,751,752,753,-1,754,753,755,-1,755,753,752,-1,736,738,734,-1,734,738,740,-1,734,740,732,-1,732,740,743,-1,732,743,730,-1,730,743,745,-1,730,745,728,-1,728,745,747,-1,728,747,726,-1,726,747,749,-1,726,749,724,-1,724,749,751,-1,724,751,720,-1,720,751,753,-1,720,753,721,-1,721,753,754,-1,723,755,722,-1,722,755,752,-1,722,752,725,-1,725,752,750,-1,725,750,727,-1,727,750,748,-1,727,748,729,-1,729,748,746,-1,729,746,731,-1,731,746,744,-1,731,744,733,-1,733,744,742,-1,733,742,735,-1,735,742,741,-1,735,741,737,-1,737,741,739,-1,756,757,758,-1,758,757,759,-1,756,758,760,-1,760,758,761,-1,760,761,762,-1,762,761,763,-1,762,763,764,-1,764,763,765,-1,764,765,766,-1,766,765,767,-1,766,767,768,-1,768,767,769,-1,768,769,770,-1,770,769,771,-1,772,770,773,-1,773,770,771,-1,774,775,776,-1,776,775,777,-1,774,776,778,-1,774,778,779,-1,779,778,780,-1,779,780,781,-1,781,780,782,-1,781,782,783,-1,783,782,784,-1,783,784,785,-1,785,784,786,-1,785,786,787,-1,787,786,788,-1,787,788,789,-1,790,789,791,-1,791,789,788,-1,757,790,759,-1,759,790,791,-1,772,775,770,-1,770,775,774,-1,770,774,768,-1,768,774,779,-1,768,779,766,-1,766,779,781,-1,766,781,764,-1,764,781,783,-1,764,783,762,-1,762,783,785,-1,762,785,760,-1,760,785,787,-1,760,787,756,-1,756,787,789,-1,756,789,757,-1,757,789,790,-1,759,791,758,-1,758,791,788,-1,758,788,761,-1,761,788,786,-1,761,786,763,-1,763,786,784,-1,763,784,765,-1,765,784,782,-1,765,782,767,-1,767,782,780,-1,767,780,769,-1,769,780,778,-1,769,778,771,-1,771,778,776,-1,771,776,773,-1,773,776,777,-1,792,793,794,-1,794,793,795,-1,792,794,796,-1,796,794,797,-1,796,797,798,-1,798,797,799,-1,798,799,800,-1,800,799,801,-1,800,801,802,-1,802,801,803,-1,802,803,804,-1,804,803,805,-1,804,805,806,-1,806,805,807,-1,808,806,809,-1,809,806,807,-1,810,808,811,-1,811,808,809,-1,812,810,813,-1,813,810,811,-1,812,813,814,-1,812,814,815,-1,815,814,816,-1,815,816,817,-1,817,816,818,-1,817,818,819,-1,819,818,820,-1,819,820,821,-1,821,820,822,-1,821,822,823,-1,823,822,824,-1,823,824,825,-1,826,825,827,-1,827,825,824,-1,808,810,806,-1,806,810,812,-1,806,812,804,-1,804,812,815,-1,804,815,802,-1,802,815,817,-1,802,817,800,-1,800,817,819,-1,800,819,798,-1,798,819,821,-1,798,821,796,-1,796,821,823,-1,796,823,792,-1,792,823,825,-1,792,825,793,-1,793,825,826,-1,795,827,794,-1,794,827,824,-1,794,824,797,-1,797,824,822,-1,797,822,799,-1,799,822,820,-1,799,820,801,-1,801,820,818,-1,801,818,803,-1,803,818,816,-1,803,816,805,-1,805,816,814,-1,805,814,807,-1,807,814,813,-1,807,813,809,-1,809,813,811,-1,828,829,830,-1,830,829,831,-1,828,830,832,-1,832,830,833,-1,832,833,834,-1,834,833,835,-1,834,835,836,-1,836,835,837,-1,836,837,838,-1,838,837,839,-1,838,839,840,-1,840,839,841,-1,840,841,842,-1,842,841,843,-1,844,842,845,-1,845,842,843,-1,846,847,848,-1,848,847,849,-1,846,848,850,-1,846,850,851,-1,851,850,852,-1,851,852,853,-1,853,852,854,-1,853,854,855,-1,855,854,856,-1,855,856,857,-1,857,856,858,-1,857,858,859,-1,859,858,860,-1,859,860,861,-1,862,861,863,-1,863,861,860,-1,829,862,831,-1,831,862,863,-1,844,847,842,-1,842,847,846,-1,842,846,840,-1,840,846,851,-1,840,851,838,-1,838,851,853,-1,838,853,836,-1,836,853,855,-1,836,855,834,-1,834,855,857,-1,834,857,832,-1,832,857,859,-1,832,859,828,-1,828,859,861,-1,828,861,829,-1,829,861,862,-1,831,863,830,-1,830,863,860,-1,830,860,833,-1,833,860,858,-1,833,858,835,-1,835,858,856,-1,835,856,837,-1,837,856,854,-1,837,854,839,-1,839,854,852,-1,839,852,841,-1,841,852,850,-1,841,850,843,-1,843,850,848,-1,843,848,845,-1,845,848,849,-1,864,865,866,-1,866,865,867,-1,864,866,868,-1,868,866,869,-1,868,870,864,-1,864,870,865,-1,867,871,866,-1,866,871,869,-1,872,873,874,-1,874,873,875,-1,872,874,876,-1,872,876,877,-1,877,876,878,-1,877,878,879,-1,879,878,880,-1,879,880,881,-1,881,880,882,-1,881,882,883,-1,883,882,884,-1,883,884,885,-1,886,885,887,-1,887,885,884,-1,886,887,888,-1,888,887,889,-1,888,889,890,-1,890,889,891,-1,892,890,893,-1,893,890,891,-1,892,893,894,-1,894,893,895,-1,894,895,896,-1,896,895,897,-1,896,897,898,-1,898,897,899,-1,898,899,900,-1,900,899,901,-1,900,901,902,-1,902,901,903,-1,902,903,904,-1,904,903,905,-1,902,904,906,-1,902,906,900,-1,886,873,872,-1,894,896,906,-1,906,896,898,-1,906,898,900,-1,886,888,873,-1,873,888,890,-1,873,890,906,-1,906,890,892,-1,906,892,894,-1,879,881,877,-1,877,881,883,-1,877,883,872,-1,872,883,885,-1,872,885,886,-1,905,903,907,-1,907,903,901,-1,901,899,907,-1,907,899,897,-1,907,897,895,-1,895,893,907,-1,907,893,891,-1,907,891,875,-1,891,889,875,-1,875,889,887,-1,875,887,874,-1,874,887,884,-1,884,882,880,-1,880,878,884,-1,884,878,876,-1,884,876,874,-1,908,909,910,-1,910,909,911,-1,910,911,912,-1,912,911,913,-1,912,913,914,-1,914,913,915,-1,914,915,916,-1,916,915,917,-1,916,917,918,-1,918,917,919,-1,920,918,921,-1,921,918,919,-1,922,923,924,-1,924,923,925,-1,926,922,927,-1,927,922,924,-1,928,926,929,-1,929,926,927,-1,930,928,931,-1,931,928,929,-1,931,932,930,-1,930,932,933,-1,922,912,914,-1,930,933,908,-1,930,908,928,-1,922,926,912,-1,912,926,928,-1,912,928,910,-1,910,928,908,-1,920,923,918,-1,918,923,922,-1,918,922,916,-1,916,922,914,-1,917,915,924,-1,924,915,913,-1,924,913,927,-1,927,913,929,-1,929,913,911,-1,929,911,931,-1,931,911,909,-1,931,909,932,-1,925,921,924,-1,924,921,919,-1,924,919,917,-1,934,935,936,-1,936,935,937,-1,938,936,939,-1,939,936,937,-1,938,940,936,-1,936,940,934,-1,935,941,937,-1,937,941,939,-1,942,943,944,-1,942,944,945,-1,945,944,946,-1,945,946,947,-1,947,946,948,-1,947,948,949,-1,949,948,950,-1,949,950,951,-1,951,950,952,-1,951,952,953,-1,954,953,955,-1,955,953,952,-1,956,957,958,-1,958,957,959,-1,958,959,960,-1,960,959,961,-1,960,961,962,-1,962,961,963,-1,962,963,964,-1,964,963,965,-1,964,965,966,-1,966,965,967,-1,966,967,968,-1,968,967,969,-1,970,968,971,-1,971,968,969,-1,970,971,972,-1,972,971,973,-1,972,973,974,-1,974,973,975,-1,942,974,943,-1,943,974,975,-1,956,958,976,-1,976,958,960,-1,960,962,976,-1,976,962,964,-1,976,964,966,-1,966,968,976,-1,976,968,970,-1,976,970,954,-1,970,972,954,-1,954,972,974,-1,954,974,953,-1,953,974,942,-1,953,942,945,-1,945,947,953,-1,953,947,949,-1,953,949,951,-1,963,977,965,-1,965,977,967,-1,963,961,977,-1,977,961,959,-1,977,959,957,-1,943,975,952,-1,952,975,955,-1,975,973,955,-1,955,973,971,-1,955,971,977,-1,977,971,969,-1,977,969,967,-1,952,950,948,-1,948,946,952,-1,952,946,944,-1,952,944,943,-1,978,979,980,-1,980,979,981,-1,982,978,983,-1,983,978,980,-1,984,982,985,-1,985,982,983,-1,986,987,988,-1,988,987,989,-1,986,988,990,-1,990,988,991,-1,990,991,992,-1,992,991,993,-1,992,993,994,-1,994,993,995,-1,994,995,996,-1,996,995,997,-1,996,997,998,-1,998,997,999,-1,1000,1001,1002,-1,1002,1001,1003,-1,979,1003,981,-1,981,1003,1001,-1,990,992,982,-1,982,992,994,-1,982,994,978,-1,978,994,979,-1,979,994,996,-1,979,996,1003,-1,1003,996,998,-1,1003,998,1002,-1,984,987,982,-1,982,987,986,-1,982,986,990,-1,983,995,993,-1,1001,1000,999,-1,1001,999,981,-1,983,980,995,-1,995,980,981,-1,995,981,997,-1,997,981,999,-1,989,985,988,-1,988,985,983,-1,988,983,991,-1,991,983,993,-1,1004,1005,1006,-1,1006,1005,1007,-1,1004,1006,1008,-1,1008,1006,1009,-1,1008,1010,1004,-1,1004,1010,1005,-1,1007,1011,1006,-1,1006,1011,1009,-1,1012,1013,1014,-1,1014,1013,1015,-1,1012,1014,1016,-1,1012,1016,1017,-1,1017,1016,1018,-1,1017,1018,1019,-1,1019,1018,1020,-1,1019,1020,1021,-1,1021,1020,1022,-1,1021,1022,1023,-1,1023,1022,1024,-1,1023,1024,1025,-1,1026,1025,1027,-1,1027,1025,1024,-1,1026,1027,1028,-1,1028,1027,1029,-1,1028,1029,1030,-1,1030,1029,1031,-1,1032,1030,1033,-1,1033,1030,1031,-1,1032,1033,1034,-1,1034,1033,1035,-1,1034,1035,1036,-1,1036,1035,1037,-1,1036,1037,1038,-1,1038,1037,1039,-1,1038,1039,1040,-1,1040,1039,1041,-1,1040,1041,1042,-1,1042,1041,1043,-1,1042,1043,1044,-1,1044,1043,1045,-1,1042,1044,1046,-1,1042,1046,1040,-1,1026,1013,1012,-1,1034,1036,1046,-1,1046,1036,1038,-1,1046,1038,1040,-1,1026,1028,1013,-1,1013,1028,1030,-1,1013,1030,1046,-1,1046,1030,1032,-1,1046,1032,1034,-1,1019,1021,1017,-1,1017,1021,1023,-1,1017,1023,1012,-1,1012,1023,1025,-1,1012,1025,1026,-1,1045,1043,1047,-1,1047,1043,1041,-1,1041,1039,1047,-1,1047,1039,1037,-1,1047,1037,1035,-1,1035,1033,1047,-1,1047,1033,1031,-1,1047,1031,1015,-1,1031,1029,1015,-1,1015,1029,1027,-1,1015,1027,1014,-1,1014,1027,1024,-1,1024,1022,1020,-1,1020,1018,1024,-1,1024,1018,1016,-1,1024,1016,1014,-1,1048,1049,1050,-1,1050,1049,1051,-1,1050,1051,1052,-1,1052,1051,1053,-1,1052,1053,1054,-1,1054,1053,1055,-1,1054,1055,1056,-1,1056,1055,1057,-1,1056,1057,1058,-1,1058,1057,1059,-1,1060,1058,1061,-1,1061,1058,1059,-1,1062,1063,1064,-1,1064,1063,1065,-1,1066,1062,1067,-1,1067,1062,1064,-1,1068,1066,1069,-1,1069,1066,1067,-1,1070,1068,1071,-1,1071,1068,1069,-1,1071,1072,1070,-1,1070,1072,1073,-1,1062,1052,1054,-1,1070,1073,1048,-1,1070,1048,1068,-1,1062,1066,1052,-1,1052,1066,1068,-1,1052,1068,1050,-1,1050,1068,1048,-1,1060,1063,1058,-1,1058,1063,1062,-1,1058,1062,1056,-1,1056,1062,1054,-1,1057,1055,1064,-1,1064,1055,1053,-1,1064,1053,1067,-1,1067,1053,1069,-1,1069,1053,1051,-1,1069,1051,1071,-1,1071,1051,1049,-1,1071,1049,1072,-1,1065,1061,1064,-1,1064,1061,1059,-1,1064,1059,1057,-1,1074,1075,1076,-1,1076,1075,1077,-1,1078,1076,1079,-1,1079,1076,1077,-1,1078,1080,1076,-1,1076,1080,1074,-1,1075,1081,1077,-1,1077,1081,1079,-1,1082,1083,1084,-1,1082,1084,1085,-1,1085,1084,1086,-1,1085,1086,1087,-1,1087,1086,1088,-1,1087,1088,1089,-1,1089,1088,1090,-1,1089,1090,1091,-1,1091,1090,1092,-1,1091,1092,1093,-1,1094,1093,1095,-1,1095,1093,1092,-1,1096,1097,1098,-1,1098,1097,1099,-1,1098,1099,1100,-1,1100,1099,1101,-1,1100,1101,1102,-1,1102,1101,1103,-1,1102,1103,1104,-1,1104,1103,1105,-1,1104,1105,1106,-1,1106,1105,1107,-1,1106,1107,1108,-1,1108,1107,1109,-1,1110,1108,1111,-1,1111,1108,1109,-1,1110,1111,1112,-1,1112,1111,1113,-1,1112,1113,1114,-1,1114,1113,1115,-1,1082,1114,1083,-1,1083,1114,1115,-1,1096,1098,1116,-1,1116,1098,1100,-1,1100,1102,1116,-1,1116,1102,1104,-1,1116,1104,1106,-1,1106,1108,1116,-1,1116,1108,1110,-1,1116,1110,1094,-1,1110,1112,1094,-1,1094,1112,1114,-1,1094,1114,1093,-1,1093,1114,1082,-1,1093,1082,1085,-1,1085,1087,1093,-1,1093,1087,1089,-1,1093,1089,1091,-1,1103,1117,1105,-1,1105,1117,1107,-1,1103,1101,1117,-1,1117,1101,1099,-1,1117,1099,1097,-1,1083,1115,1092,-1,1092,1115,1095,-1,1115,1113,1095,-1,1095,1113,1111,-1,1095,1111,1117,-1,1117,1111,1109,-1,1117,1109,1107,-1,1092,1090,1088,-1,1088,1086,1092,-1,1092,1086,1084,-1,1092,1084,1083,-1,1118,1119,1120,-1,1120,1119,1121,-1,1122,1118,1123,-1,1123,1118,1120,-1,1124,1122,1125,-1,1125,1122,1123,-1,1126,1127,1128,-1,1128,1127,1129,-1,1126,1128,1130,-1,1130,1128,1131,-1,1130,1131,1132,-1,1132,1131,1133,-1,1132,1133,1134,-1,1134,1133,1135,-1,1134,1135,1136,-1,1136,1135,1137,-1,1136,1137,1138,-1,1138,1137,1139,-1,1140,1141,1142,-1,1142,1141,1143,-1,1119,1143,1121,-1,1121,1143,1141,-1,1130,1132,1122,-1,1122,1132,1134,-1,1122,1134,1118,-1,1118,1134,1119,-1,1119,1134,1136,-1,1119,1136,1143,-1,1143,1136,1138,-1,1143,1138,1142,-1,1124,1127,1122,-1,1122,1127,1126,-1,1122,1126,1130,-1,1123,1135,1133,-1,1141,1140,1139,-1,1141,1139,1121,-1,1123,1120,1135,-1,1135,1120,1121,-1,1135,1121,1137,-1,1137,1121,1139,-1,1129,1125,1128,-1,1128,1125,1123,-1,1128,1123,1131,-1,1131,1123,1133,-1,1144,1145,1146,-1,1146,1145,1147,-1,1144,1146,1148,-1,1148,1146,1149,-1,1148,1150,1144,-1,1144,1150,1145,-1,1147,1151,1146,-1,1146,1151,1149,-1,1152,1153,1154,-1,1154,1153,1155,-1,1152,1154,1156,-1,1152,1156,1157,-1,1157,1156,1158,-1,1157,1158,1159,-1,1159,1158,1160,-1,1159,1160,1161,-1,1161,1160,1162,-1,1161,1162,1163,-1,1163,1162,1164,-1,1163,1164,1165,-1,1166,1165,1167,-1,1167,1165,1164,-1,1166,1167,1168,-1,1168,1167,1169,-1,1168,1169,1170,-1,1170,1169,1171,-1,1172,1170,1173,-1,1173,1170,1171,-1,1172,1173,1174,-1,1174,1173,1175,-1,1174,1175,1176,-1,1176,1175,1177,-1,1176,1177,1178,-1,1178,1177,1179,-1,1178,1179,1180,-1,1180,1179,1181,-1,1180,1181,1182,-1,1182,1181,1183,-1,1182,1183,1184,-1,1184,1183,1185,-1,1182,1184,1186,-1,1182,1186,1180,-1,1166,1153,1152,-1,1174,1176,1186,-1,1186,1176,1178,-1,1186,1178,1180,-1,1166,1168,1153,-1,1153,1168,1170,-1,1153,1170,1186,-1,1186,1170,1172,-1,1186,1172,1174,-1,1159,1161,1157,-1,1157,1161,1163,-1,1157,1163,1152,-1,1152,1163,1165,-1,1152,1165,1166,-1,1185,1183,1187,-1,1187,1183,1181,-1,1181,1179,1187,-1,1187,1179,1177,-1,1187,1177,1175,-1,1175,1173,1187,-1,1187,1173,1171,-1,1187,1171,1155,-1,1171,1169,1155,-1,1155,1169,1167,-1,1155,1167,1154,-1,1154,1167,1164,-1,1164,1162,1160,-1,1160,1158,1164,-1,1164,1158,1156,-1,1164,1156,1154,-1,1188,1189,1190,-1,1190,1189,1191,-1,1190,1191,1192,-1,1192,1191,1193,-1,1192,1193,1194,-1,1194,1193,1195,-1,1194,1195,1196,-1,1196,1195,1197,-1,1196,1197,1198,-1,1198,1197,1199,-1,1200,1198,1201,-1,1201,1198,1199,-1,1202,1203,1204,-1,1204,1203,1205,-1,1206,1202,1207,-1,1207,1202,1204,-1,1208,1206,1209,-1,1209,1206,1207,-1,1210,1208,1211,-1,1211,1208,1209,-1,1211,1212,1210,-1,1210,1212,1213,-1,1202,1192,1194,-1,1210,1213,1188,-1,1210,1188,1208,-1,1202,1206,1192,-1,1192,1206,1208,-1,1192,1208,1190,-1,1190,1208,1188,-1,1200,1203,1198,-1,1198,1203,1202,-1,1198,1202,1196,-1,1196,1202,1194,-1,1197,1195,1204,-1,1204,1195,1193,-1,1204,1193,1207,-1,1207,1193,1209,-1,1209,1193,1191,-1,1209,1191,1211,-1,1211,1191,1189,-1,1211,1189,1212,-1,1205,1201,1204,-1,1204,1201,1199,-1,1204,1199,1197,-1,1214,1215,1216,-1,1216,1215,1217,-1,1218,1216,1219,-1,1219,1216,1217,-1,1218,1220,1216,-1,1216,1220,1214,-1,1215,1221,1217,-1,1217,1221,1219,-1,1222,1223,1224,-1,1222,1224,1225,-1,1225,1224,1226,-1,1225,1226,1227,-1,1227,1226,1228,-1,1227,1228,1229,-1,1229,1228,1230,-1,1229,1230,1231,-1,1231,1230,1232,-1,1231,1232,1233,-1,1234,1233,1235,-1,1235,1233,1232,-1,1236,1237,1238,-1,1238,1237,1239,-1,1238,1239,1240,-1,1240,1239,1241,-1,1240,1241,1242,-1,1242,1241,1243,-1,1242,1243,1244,-1,1244,1243,1245,-1,1244,1245,1246,-1,1246,1245,1247,-1,1246,1247,1248,-1,1248,1247,1249,-1,1250,1248,1251,-1,1251,1248,1249,-1,1250,1251,1252,-1,1252,1251,1253,-1,1252,1253,1254,-1,1254,1253,1255,-1,1222,1254,1223,-1,1223,1254,1255,-1,1236,1238,1256,-1,1256,1238,1240,-1,1240,1242,1256,-1,1256,1242,1244,-1,1256,1244,1246,-1,1246,1248,1256,-1,1256,1248,1250,-1,1256,1250,1234,-1,1250,1252,1234,-1,1234,1252,1254,-1,1234,1254,1233,-1,1233,1254,1222,-1,1233,1222,1225,-1,1225,1227,1233,-1,1233,1227,1229,-1,1233,1229,1231,-1,1243,1257,1245,-1,1245,1257,1247,-1,1243,1241,1257,-1,1257,1241,1239,-1,1257,1239,1237,-1,1223,1255,1232,-1,1232,1255,1235,-1,1255,1253,1235,-1,1235,1253,1251,-1,1235,1251,1257,-1,1257,1251,1249,-1,1257,1249,1247,-1,1232,1230,1228,-1,1228,1226,1232,-1,1232,1226,1224,-1,1232,1224,1223,-1,1258,1259,1260,-1,1260,1259,1261,-1,1262,1258,1263,-1,1263,1258,1260,-1,1264,1262,1265,-1,1265,1262,1263,-1,1266,1267,1268,-1,1268,1267,1269,-1,1266,1268,1270,-1,1270,1268,1271,-1,1270,1271,1272,-1,1272,1271,1273,-1,1272,1273,1274,-1,1274,1273,1275,-1,1274,1275,1276,-1,1276,1275,1277,-1,1276,1277,1278,-1,1278,1277,1279,-1,1280,1281,1282,-1,1282,1281,1283,-1,1259,1283,1261,-1,1261,1283,1281,-1,1270,1272,1262,-1,1262,1272,1274,-1,1262,1274,1258,-1,1258,1274,1259,-1,1259,1274,1276,-1,1259,1276,1283,-1,1283,1276,1278,-1,1283,1278,1282,-1,1264,1267,1262,-1,1262,1267,1266,-1,1262,1266,1270,-1,1263,1275,1273,-1,1281,1280,1279,-1,1281,1279,1261,-1,1263,1260,1275,-1,1275,1260,1261,-1,1275,1261,1277,-1,1277,1261,1279,-1,1269,1265,1268,-1,1268,1265,1263,-1,1268,1263,1271,-1,1271,1263,1273,-1,1284,1285,1286,-1,1286,1285,1287,-1,1284,1286,1288,-1,1288,1286,1289,-1,1288,1290,1284,-1,1284,1290,1285,-1,1287,1291,1286,-1,1286,1291,1289,-1,1292,1293,1294,-1,1294,1293,1295,-1,1292,1294,1296,-1,1292,1296,1297,-1,1297,1296,1298,-1,1297,1298,1299,-1,1299,1298,1300,-1,1299,1300,1301,-1,1301,1300,1302,-1,1301,1302,1303,-1,1303,1302,1304,-1,1303,1304,1305,-1,1306,1305,1307,-1,1307,1305,1304,-1,1306,1307,1308,-1,1308,1307,1309,-1,1308,1309,1310,-1,1310,1309,1311,-1,1312,1310,1313,-1,1313,1310,1311,-1,1312,1313,1314,-1,1314,1313,1315,-1,1314,1315,1316,-1,1316,1315,1317,-1,1316,1317,1318,-1,1318,1317,1319,-1,1318,1319,1320,-1,1320,1319,1321,-1,1320,1321,1322,-1,1322,1321,1323,-1,1322,1323,1324,-1,1324,1323,1325,-1,1322,1324,1326,-1,1322,1326,1320,-1,1306,1293,1292,-1,1314,1316,1326,-1,1326,1316,1318,-1,1326,1318,1320,-1,1306,1308,1293,-1,1293,1308,1310,-1,1293,1310,1326,-1,1326,1310,1312,-1,1326,1312,1314,-1,1299,1301,1297,-1,1297,1301,1303,-1,1297,1303,1292,-1,1292,1303,1305,-1,1292,1305,1306,-1,1325,1323,1327,-1,1327,1323,1321,-1,1321,1319,1327,-1,1327,1319,1317,-1,1327,1317,1315,-1,1315,1313,1327,-1,1327,1313,1311,-1,1327,1311,1295,-1,1311,1309,1295,-1,1295,1309,1307,-1,1295,1307,1294,-1,1294,1307,1304,-1,1304,1302,1300,-1,1300,1298,1304,-1,1304,1298,1296,-1,1304,1296,1294,-1,1328,1329,1330,-1,1330,1329,1331,-1,1330,1331,1332,-1,1332,1331,1333,-1,1332,1333,1334,-1,1334,1333,1335,-1,1334,1335,1336,-1,1336,1335,1337,-1,1336,1337,1338,-1,1338,1337,1339,-1,1340,1338,1341,-1,1341,1338,1339,-1,1342,1343,1344,-1,1344,1343,1345,-1,1346,1342,1347,-1,1347,1342,1344,-1,1348,1346,1349,-1,1349,1346,1347,-1,1350,1348,1351,-1,1351,1348,1349,-1,1351,1352,1350,-1,1350,1352,1353,-1,1342,1332,1334,-1,1350,1353,1328,-1,1350,1328,1348,-1,1342,1346,1332,-1,1332,1346,1348,-1,1332,1348,1330,-1,1330,1348,1328,-1,1340,1343,1338,-1,1338,1343,1342,-1,1338,1342,1336,-1,1336,1342,1334,-1,1337,1335,1344,-1,1344,1335,1333,-1,1344,1333,1347,-1,1347,1333,1349,-1,1349,1333,1331,-1,1349,1331,1351,-1,1351,1331,1329,-1,1351,1329,1352,-1,1345,1341,1344,-1,1344,1341,1339,-1,1344,1339,1337,-1,1354,1355,1356,-1,1356,1355,1357,-1,1358,1356,1359,-1,1359,1356,1357,-1,1358,1360,1356,-1,1356,1360,1354,-1,1355,1361,1357,-1,1357,1361,1359,-1,1362,1363,1364,-1,1362,1364,1365,-1,1365,1364,1366,-1,1365,1366,1367,-1,1367,1366,1368,-1,1367,1368,1369,-1,1369,1368,1370,-1,1369,1370,1371,-1,1371,1370,1372,-1,1371,1372,1373,-1,1374,1373,1375,-1,1375,1373,1372,-1,1376,1377,1378,-1,1378,1377,1379,-1,1378,1379,1380,-1,1380,1379,1381,-1,1380,1381,1382,-1,1382,1381,1383,-1,1382,1383,1384,-1,1384,1383,1385,-1,1384,1385,1386,-1,1386,1385,1387,-1,1386,1387,1388,-1,1388,1387,1389,-1,1390,1388,1391,-1,1391,1388,1389,-1,1390,1391,1392,-1,1392,1391,1393,-1,1392,1393,1394,-1,1394,1393,1395,-1,1362,1394,1363,-1,1363,1394,1395,-1,1376,1378,1396,-1,1396,1378,1380,-1,1380,1382,1396,-1,1396,1382,1384,-1,1396,1384,1386,-1,1386,1388,1396,-1,1396,1388,1390,-1,1396,1390,1374,-1,1390,1392,1374,-1,1374,1392,1394,-1,1374,1394,1373,-1,1373,1394,1362,-1,1373,1362,1365,-1,1365,1367,1373,-1,1373,1367,1369,-1,1373,1369,1371,-1,1383,1397,1385,-1,1385,1397,1387,-1,1383,1381,1397,-1,1397,1381,1379,-1,1397,1379,1377,-1,1363,1395,1372,-1,1372,1395,1375,-1,1395,1393,1375,-1,1375,1393,1391,-1,1375,1391,1397,-1,1397,1391,1389,-1,1397,1389,1387,-1,1372,1370,1368,-1,1368,1366,1372,-1,1372,1366,1364,-1,1372,1364,1363,-1,1398,1399,1400,-1,1400,1399,1401,-1,1402,1398,1403,-1,1403,1398,1400,-1,1404,1402,1405,-1,1405,1402,1403,-1,1406,1407,1408,-1,1408,1407,1409,-1,1406,1408,1410,-1,1410,1408,1411,-1,1410,1411,1412,-1,1412,1411,1413,-1,1412,1413,1414,-1,1414,1413,1415,-1,1414,1415,1416,-1,1416,1415,1417,-1,1416,1417,1418,-1,1418,1417,1419,-1,1420,1421,1422,-1,1422,1421,1423,-1,1399,1423,1401,-1,1401,1423,1421,-1,1410,1412,1402,-1,1402,1412,1414,-1,1402,1414,1398,-1,1398,1414,1399,-1,1399,1414,1416,-1,1399,1416,1423,-1,1423,1416,1418,-1,1423,1418,1422,-1,1404,1407,1402,-1,1402,1407,1406,-1,1402,1406,1410,-1,1403,1415,1413,-1,1421,1420,1419,-1,1421,1419,1401,-1,1403,1400,1415,-1,1415,1400,1401,-1,1415,1401,1417,-1,1417,1401,1419,-1,1409,1405,1408,-1,1408,1405,1403,-1,1408,1403,1411,-1,1411,1403,1413,-1,1424,1425,1426,-1,1426,1425,1427,-1,1424,1426,1428,-1,1428,1426,1429,-1,1428,1430,1424,-1,1424,1430,1425,-1,1427,1431,1426,-1,1426,1431,1429,-1,1432,1433,1434,-1,1434,1433,1435,-1,1432,1434,1436,-1,1432,1436,1437,-1,1437,1436,1438,-1,1437,1438,1439,-1,1439,1438,1440,-1,1439,1440,1441,-1,1441,1440,1442,-1,1441,1442,1443,-1,1443,1442,1444,-1,1443,1444,1445,-1,1446,1445,1447,-1,1447,1445,1444,-1,1446,1447,1448,-1,1448,1447,1449,-1,1448,1449,1450,-1,1450,1449,1451,-1,1452,1450,1453,-1,1453,1450,1451,-1,1452,1453,1454,-1,1454,1453,1455,-1,1454,1455,1456,-1,1456,1455,1457,-1,1456,1457,1458,-1,1458,1457,1459,-1,1458,1459,1460,-1,1460,1459,1461,-1,1460,1461,1462,-1,1462,1461,1463,-1,1462,1463,1464,-1,1464,1463,1465,-1,1462,1464,1466,-1,1462,1466,1460,-1,1446,1433,1432,-1,1454,1456,1466,-1,1466,1456,1458,-1,1466,1458,1460,-1,1446,1448,1433,-1,1433,1448,1450,-1,1433,1450,1466,-1,1466,1450,1452,-1,1466,1452,1454,-1,1439,1441,1437,-1,1437,1441,1443,-1,1437,1443,1432,-1,1432,1443,1445,-1,1432,1445,1446,-1,1465,1463,1467,-1,1467,1463,1461,-1,1461,1459,1467,-1,1467,1459,1457,-1,1467,1457,1455,-1,1455,1453,1467,-1,1467,1453,1451,-1,1467,1451,1435,-1,1451,1449,1435,-1,1435,1449,1447,-1,1435,1447,1434,-1,1434,1447,1444,-1,1444,1442,1440,-1,1440,1438,1444,-1,1444,1438,1436,-1,1444,1436,1434,-1,1468,1469,1470,-1,1470,1469,1471,-1,1470,1471,1472,-1,1472,1471,1473,-1,1472,1473,1474,-1,1474,1473,1475,-1,1474,1475,1476,-1,1476,1475,1477,-1,1476,1477,1478,-1,1478,1477,1479,-1,1480,1478,1481,-1,1481,1478,1479,-1,1482,1483,1484,-1,1484,1483,1485,-1,1486,1482,1487,-1,1487,1482,1484,-1,1488,1486,1489,-1,1489,1486,1487,-1,1490,1488,1491,-1,1491,1488,1489,-1,1491,1492,1490,-1,1490,1492,1493,-1,1482,1472,1474,-1,1490,1493,1468,-1,1490,1468,1488,-1,1482,1486,1472,-1,1472,1486,1488,-1,1472,1488,1470,-1,1470,1488,1468,-1,1480,1483,1478,-1,1478,1483,1482,-1,1478,1482,1476,-1,1476,1482,1474,-1,1477,1475,1484,-1,1484,1475,1473,-1,1484,1473,1487,-1,1487,1473,1489,-1,1489,1473,1471,-1,1489,1471,1491,-1,1491,1471,1469,-1,1491,1469,1492,-1,1485,1481,1484,-1,1484,1481,1479,-1,1484,1479,1477,-1,1494,1495,1496,-1,1496,1495,1497,-1,1498,1496,1499,-1,1499,1496,1497,-1,1498,1500,1496,-1,1496,1500,1494,-1,1495,1501,1497,-1,1497,1501,1499,-1,1502,1503,1504,-1,1502,1504,1505,-1,1505,1504,1506,-1,1505,1506,1507,-1,1507,1506,1508,-1,1507,1508,1509,-1,1509,1508,1510,-1,1509,1510,1511,-1,1511,1510,1512,-1,1511,1512,1513,-1,1514,1513,1515,-1,1515,1513,1512,-1,1516,1517,1518,-1,1518,1517,1519,-1,1518,1519,1520,-1,1520,1519,1521,-1,1520,1521,1522,-1,1522,1521,1523,-1,1522,1523,1524,-1,1524,1523,1525,-1,1524,1525,1526,-1,1526,1525,1527,-1,1526,1527,1528,-1,1528,1527,1529,-1,1530,1528,1531,-1,1531,1528,1529,-1,1530,1531,1532,-1,1532,1531,1533,-1,1532,1533,1534,-1,1534,1533,1535,-1,1502,1534,1503,-1,1503,1534,1535,-1,1516,1518,1536,-1,1536,1518,1520,-1,1520,1522,1536,-1,1536,1522,1524,-1,1536,1524,1526,-1,1526,1528,1536,-1,1536,1528,1530,-1,1536,1530,1514,-1,1530,1532,1514,-1,1514,1532,1534,-1,1514,1534,1513,-1,1513,1534,1502,-1,1513,1502,1505,-1,1505,1507,1513,-1,1513,1507,1509,-1,1513,1509,1511,-1,1523,1537,1525,-1,1525,1537,1527,-1,1523,1521,1537,-1,1537,1521,1519,-1,1537,1519,1517,-1,1503,1535,1512,-1,1512,1535,1515,-1,1535,1533,1515,-1,1515,1533,1531,-1,1515,1531,1537,-1,1537,1531,1529,-1,1537,1529,1527,-1,1512,1510,1508,-1,1508,1506,1512,-1,1512,1506,1504,-1,1512,1504,1503,-1,1538,1539,1540,-1,1540,1539,1541,-1,1542,1538,1543,-1,1543,1538,1540,-1,1544,1542,1545,-1,1545,1542,1543,-1,1546,1547,1548,-1,1548,1547,1549,-1,1546,1548,1550,-1,1550,1548,1551,-1,1550,1551,1552,-1,1552,1551,1553,-1,1552,1553,1554,-1,1554,1553,1555,-1,1554,1555,1556,-1,1556,1555,1557,-1,1556,1557,1558,-1,1558,1557,1559,-1,1560,1561,1562,-1,1562,1561,1563,-1,1539,1563,1541,-1,1541,1563,1561,-1,1550,1552,1542,-1,1542,1552,1554,-1,1542,1554,1538,-1,1538,1554,1539,-1,1539,1554,1556,-1,1539,1556,1563,-1,1563,1556,1558,-1,1563,1558,1562,-1,1544,1547,1542,-1,1542,1547,1546,-1,1542,1546,1550,-1,1543,1555,1553,-1,1561,1560,1559,-1,1561,1559,1541,-1,1543,1540,1555,-1,1555,1540,1541,-1,1555,1541,1557,-1,1557,1541,1559,-1,1549,1545,1548,-1,1548,1545,1543,-1,1548,1543,1551,-1,1551,1543,1553,-1,1564,1565,1566,-1,1566,1565,1567,-1,1564,1566,1568,-1,1568,1566,1569,-1,1568,1570,1564,-1,1564,1570,1565,-1,1567,1571,1566,-1,1566,1571,1569,-1,1572,1573,1574,-1,1574,1573,1575,-1,1572,1574,1576,-1,1572,1576,1577,-1,1577,1576,1578,-1,1577,1578,1579,-1,1579,1578,1580,-1,1579,1580,1581,-1,1581,1580,1582,-1,1581,1582,1583,-1,1583,1582,1584,-1,1583,1584,1585,-1,1586,1585,1587,-1,1587,1585,1584,-1,1586,1587,1588,-1,1588,1587,1589,-1,1588,1589,1590,-1,1590,1589,1591,-1,1592,1590,1593,-1,1593,1590,1591,-1,1592,1593,1594,-1,1594,1593,1595,-1,1594,1595,1596,-1,1596,1595,1597,-1,1596,1597,1598,-1,1598,1597,1599,-1,1598,1599,1600,-1,1600,1599,1601,-1,1600,1601,1602,-1,1602,1601,1603,-1,1602,1603,1604,-1,1604,1603,1605,-1,1602,1604,1606,-1,1602,1606,1600,-1,1586,1573,1572,-1,1594,1596,1606,-1,1606,1596,1598,-1,1606,1598,1600,-1,1586,1588,1573,-1,1573,1588,1590,-1,1573,1590,1606,-1,1606,1590,1592,-1,1606,1592,1594,-1,1579,1581,1577,-1,1577,1581,1583,-1,1577,1583,1572,-1,1572,1583,1585,-1,1572,1585,1586,-1,1605,1603,1607,-1,1607,1603,1601,-1,1601,1599,1607,-1,1607,1599,1597,-1,1607,1597,1595,-1,1595,1593,1607,-1,1607,1593,1591,-1,1607,1591,1575,-1,1591,1589,1575,-1,1575,1589,1587,-1,1575,1587,1574,-1,1574,1587,1584,-1,1584,1582,1580,-1,1580,1578,1584,-1,1584,1578,1576,-1,1584,1576,1574,-1,1608,1609,1610,-1,1610,1609,1611,-1,1610,1611,1612,-1,1612,1611,1613,-1,1612,1613,1614,-1,1614,1613,1615,-1,1614,1615,1616,-1,1616,1615,1617,-1,1616,1617,1618,-1,1618,1617,1619,-1,1620,1618,1621,-1,1621,1618,1619,-1,1622,1623,1624,-1,1624,1623,1625,-1,1626,1622,1627,-1,1627,1622,1624,-1,1628,1626,1629,-1,1629,1626,1627,-1,1630,1628,1631,-1,1631,1628,1629,-1,1631,1632,1630,-1,1630,1632,1633,-1,1622,1612,1614,-1,1630,1633,1608,-1,1630,1608,1628,-1,1622,1626,1612,-1,1612,1626,1628,-1,1612,1628,1610,-1,1610,1628,1608,-1,1620,1623,1618,-1,1618,1623,1622,-1,1618,1622,1616,-1,1616,1622,1614,-1,1617,1615,1624,-1,1624,1615,1613,-1,1624,1613,1627,-1,1627,1613,1629,-1,1629,1613,1611,-1,1629,1611,1631,-1,1631,1611,1609,-1,1631,1609,1632,-1,1625,1621,1624,-1,1624,1621,1619,-1,1624,1619,1617,-1,1634,1635,1636,-1,1636,1635,1637,-1,1638,1636,1639,-1,1639,1636,1637,-1,1638,1640,1636,-1,1636,1640,1634,-1,1635,1641,1637,-1,1637,1641,1639,-1,1642,1643,1644,-1,1642,1644,1645,-1,1645,1644,1646,-1,1645,1646,1647,-1,1647,1646,1648,-1,1647,1648,1649,-1,1649,1648,1650,-1,1649,1650,1651,-1,1651,1650,1652,-1,1651,1652,1653,-1,1654,1653,1655,-1,1655,1653,1652,-1,1656,1657,1658,-1,1658,1657,1659,-1,1658,1659,1660,-1,1660,1659,1661,-1,1660,1661,1662,-1,1662,1661,1663,-1,1662,1663,1664,-1,1664,1663,1665,-1,1664,1665,1666,-1,1666,1665,1667,-1,1666,1667,1668,-1,1668,1667,1669,-1,1670,1668,1671,-1,1671,1668,1669,-1,1670,1671,1672,-1,1672,1671,1673,-1,1672,1673,1674,-1,1674,1673,1675,-1,1642,1674,1643,-1,1643,1674,1675,-1,1656,1658,1676,-1,1676,1658,1660,-1,1660,1662,1676,-1,1676,1662,1664,-1,1676,1664,1666,-1,1666,1668,1676,-1,1676,1668,1670,-1,1676,1670,1654,-1,1670,1672,1654,-1,1654,1672,1674,-1,1654,1674,1653,-1,1653,1674,1642,-1,1653,1642,1645,-1,1645,1647,1653,-1,1653,1647,1649,-1,1653,1649,1651,-1,1663,1677,1665,-1,1665,1677,1667,-1,1663,1661,1677,-1,1677,1661,1659,-1,1677,1659,1657,-1,1643,1675,1652,-1,1652,1675,1655,-1,1675,1673,1655,-1,1655,1673,1671,-1,1655,1671,1677,-1,1677,1671,1669,-1,1677,1669,1667,-1,1652,1650,1648,-1,1648,1646,1652,-1,1652,1646,1644,-1,1652,1644,1643,-1,1678,1679,1680,-1,1680,1679,1681,-1,1682,1678,1683,-1,1683,1678,1680,-1,1684,1682,1685,-1,1685,1682,1683,-1,1686,1687,1688,-1,1688,1687,1689,-1,1686,1688,1690,-1,1690,1688,1691,-1,1690,1691,1692,-1,1692,1691,1693,-1,1692,1693,1694,-1,1694,1693,1695,-1,1694,1695,1696,-1,1696,1695,1697,-1,1696,1697,1698,-1,1698,1697,1699,-1,1700,1701,1702,-1,1702,1701,1703,-1,1679,1703,1681,-1,1681,1703,1701,-1,1690,1692,1682,-1,1682,1692,1694,-1,1682,1694,1678,-1,1678,1694,1679,-1,1679,1694,1696,-1,1679,1696,1703,-1,1703,1696,1698,-1,1703,1698,1702,-1,1684,1687,1682,-1,1682,1687,1686,-1,1682,1686,1690,-1,1683,1695,1693,-1,1701,1700,1699,-1,1701,1699,1681,-1,1683,1680,1695,-1,1695,1680,1681,-1,1695,1681,1697,-1,1697,1681,1699,-1,1689,1685,1688,-1,1688,1685,1683,-1,1688,1683,1691,-1,1691,1683,1693,-1,1704,1705,1706,-1,1706,1705,1707,-1,1704,1706,1708,-1,1708,1706,1709,-1,1708,1710,1704,-1,1704,1710,1705,-1,1707,1711,1706,-1,1706,1711,1709,-1,1712,1713,1714,-1,1714,1713,1715,-1,1712,1714,1716,-1,1712,1716,1717,-1,1717,1716,1718,-1,1717,1718,1719,-1,1719,1718,1720,-1,1719,1720,1721,-1,1721,1720,1722,-1,1721,1722,1723,-1,1723,1722,1724,-1,1723,1724,1725,-1,1726,1725,1727,-1,1727,1725,1724,-1,1726,1727,1728,-1,1728,1727,1729,-1,1728,1729,1730,-1,1730,1729,1731,-1,1732,1730,1733,-1,1733,1730,1731,-1,1732,1733,1734,-1,1734,1733,1735,-1,1734,1735,1736,-1,1736,1735,1737,-1,1736,1737,1738,-1,1738,1737,1739,-1,1738,1739,1740,-1,1740,1739,1741,-1,1740,1741,1742,-1,1742,1741,1743,-1,1742,1743,1744,-1,1744,1743,1745,-1,1742,1744,1746,-1,1742,1746,1740,-1,1726,1713,1712,-1,1734,1736,1746,-1,1746,1736,1738,-1,1746,1738,1740,-1,1726,1728,1713,-1,1713,1728,1730,-1,1713,1730,1746,-1,1746,1730,1732,-1,1746,1732,1734,-1,1719,1721,1717,-1,1717,1721,1723,-1,1717,1723,1712,-1,1712,1723,1725,-1,1712,1725,1726,-1,1745,1743,1747,-1,1747,1743,1741,-1,1741,1739,1747,-1,1747,1739,1737,-1,1747,1737,1735,-1,1735,1733,1747,-1,1747,1733,1731,-1,1747,1731,1715,-1,1731,1729,1715,-1,1715,1729,1727,-1,1715,1727,1714,-1,1714,1727,1724,-1,1724,1722,1720,-1,1720,1718,1724,-1,1724,1718,1716,-1,1724,1716,1714,-1,1748,1749,1750,-1,1750,1749,1751,-1,1750,1751,1752,-1,1752,1751,1753,-1,1752,1753,1754,-1,1754,1753,1755,-1,1754,1755,1756,-1,1756,1755,1757,-1,1756,1757,1758,-1,1758,1757,1759,-1,1760,1758,1761,-1,1761,1758,1759,-1,1762,1763,1764,-1,1764,1763,1765,-1,1766,1762,1767,-1,1767,1762,1764,-1,1768,1766,1769,-1,1769,1766,1767,-1,1770,1768,1771,-1,1771,1768,1769,-1,1771,1772,1770,-1,1770,1772,1773,-1,1762,1752,1754,-1,1770,1773,1748,-1,1770,1748,1768,-1,1762,1766,1752,-1,1752,1766,1768,-1,1752,1768,1750,-1,1750,1768,1748,-1,1760,1763,1758,-1,1758,1763,1762,-1,1758,1762,1756,-1,1756,1762,1754,-1,1757,1755,1764,-1,1764,1755,1753,-1,1764,1753,1767,-1,1767,1753,1769,-1,1769,1753,1751,-1,1769,1751,1771,-1,1771,1751,1749,-1,1771,1749,1772,-1,1765,1761,1764,-1,1764,1761,1759,-1,1764,1759,1757,-1,1774,1775,1776,-1,1776,1775,1777,-1,1778,1776,1779,-1,1779,1776,1777,-1,1778,1780,1776,-1,1776,1780,1774,-1,1775,1781,1777,-1,1777,1781,1779,-1,1782,1783,1784,-1,1782,1784,1785,-1,1785,1784,1786,-1,1785,1786,1787,-1,1787,1786,1788,-1,1787,1788,1789,-1,1789,1788,1790,-1,1789,1790,1791,-1,1791,1790,1792,-1,1791,1792,1793,-1,1794,1793,1795,-1,1795,1793,1792,-1,1796,1797,1798,-1,1798,1797,1799,-1,1798,1799,1800,-1,1800,1799,1801,-1,1800,1801,1802,-1,1802,1801,1803,-1,1802,1803,1804,-1,1804,1803,1805,-1,1804,1805,1806,-1,1806,1805,1807,-1,1806,1807,1808,-1,1808,1807,1809,-1,1810,1808,1811,-1,1811,1808,1809,-1,1810,1811,1812,-1,1812,1811,1813,-1,1812,1813,1814,-1,1814,1813,1815,-1,1782,1814,1783,-1,1783,1814,1815,-1,1796,1798,1816,-1,1816,1798,1800,-1,1800,1802,1816,-1,1816,1802,1804,-1,1816,1804,1806,-1,1806,1808,1816,-1,1816,1808,1810,-1,1816,1810,1794,-1,1810,1812,1794,-1,1794,1812,1814,-1,1794,1814,1793,-1,1793,1814,1782,-1,1793,1782,1785,-1,1785,1787,1793,-1,1793,1787,1789,-1,1793,1789,1791,-1,1803,1817,1805,-1,1805,1817,1807,-1,1803,1801,1817,-1,1817,1801,1799,-1,1817,1799,1797,-1,1783,1815,1792,-1,1792,1815,1795,-1,1815,1813,1795,-1,1795,1813,1811,-1,1795,1811,1817,-1,1817,1811,1809,-1,1817,1809,1807,-1,1792,1790,1788,-1,1788,1786,1792,-1,1792,1786,1784,-1,1792,1784,1783,-1,1818,1819,1820,-1,1820,1819,1821,-1,1822,1818,1823,-1,1823,1818,1820,-1,1824,1822,1825,-1,1825,1822,1823,-1,1826,1827,1828,-1,1828,1827,1829,-1,1826,1828,1830,-1,1830,1828,1831,-1,1830,1831,1832,-1,1832,1831,1833,-1,1832,1833,1834,-1,1834,1833,1835,-1,1834,1835,1836,-1,1836,1835,1837,-1,1836,1837,1838,-1,1838,1837,1839,-1,1840,1841,1842,-1,1842,1841,1843,-1,1819,1843,1821,-1,1821,1843,1841,-1,1830,1832,1822,-1,1822,1832,1834,-1,1822,1834,1818,-1,1818,1834,1819,-1,1819,1834,1836,-1,1819,1836,1843,-1,1843,1836,1838,-1,1843,1838,1842,-1,1824,1827,1822,-1,1822,1827,1826,-1,1822,1826,1830,-1,1823,1835,1833,-1,1841,1840,1839,-1,1841,1839,1821,-1,1823,1820,1835,-1,1835,1820,1821,-1,1835,1821,1837,-1,1837,1821,1839,-1,1829,1825,1828,-1,1828,1825,1823,-1,1828,1823,1831,-1,1831,1823,1833,-1,1844,1845,1846,-1,1846,1845,1847,-1,1844,1846,1848,-1,1848,1846,1849,-1,1848,1850,1844,-1,1844,1850,1845,-1,1847,1851,1846,-1,1846,1851,1849,-1,1852,1853,1854,-1,1854,1853,1855,-1,1852,1854,1856,-1,1852,1856,1857,-1,1857,1856,1858,-1,1857,1858,1859,-1,1859,1858,1860,-1,1859,1860,1861,-1,1861,1860,1862,-1,1861,1862,1863,-1,1863,1862,1864,-1,1863,1864,1865,-1,1866,1865,1867,-1,1867,1865,1864,-1,1866,1867,1868,-1,1868,1867,1869,-1,1868,1869,1870,-1,1870,1869,1871,-1,1872,1870,1873,-1,1873,1870,1871,-1,1872,1873,1874,-1,1874,1873,1875,-1,1874,1875,1876,-1,1876,1875,1877,-1,1876,1877,1878,-1,1878,1877,1879,-1,1878,1879,1880,-1,1880,1879,1881,-1,1880,1881,1882,-1,1882,1881,1883,-1,1882,1883,1884,-1,1884,1883,1885,-1,1882,1884,1886,-1,1882,1886,1880,-1,1866,1853,1852,-1,1874,1876,1886,-1,1886,1876,1878,-1,1886,1878,1880,-1,1866,1868,1853,-1,1853,1868,1870,-1,1853,1870,1886,-1,1886,1870,1872,-1,1886,1872,1874,-1,1859,1861,1857,-1,1857,1861,1863,-1,1857,1863,1852,-1,1852,1863,1865,-1,1852,1865,1866,-1,1885,1883,1887,-1,1887,1883,1881,-1,1881,1879,1887,-1,1887,1879,1877,-1,1887,1877,1875,-1,1875,1873,1887,-1,1887,1873,1871,-1,1887,1871,1855,-1,1871,1869,1855,-1,1855,1869,1867,-1,1855,1867,1854,-1,1854,1867,1864,-1,1864,1862,1860,-1,1860,1858,1864,-1,1864,1858,1856,-1,1864,1856,1854,-1,1888,1889,1890,-1,1890,1889,1891,-1,1890,1891,1892,-1,1892,1891,1893,-1,1892,1893,1894,-1,1894,1893,1895,-1,1894,1895,1896,-1,1896,1895,1897,-1,1896,1897,1898,-1,1898,1897,1899,-1,1900,1898,1901,-1,1901,1898,1899,-1,1902,1903,1904,-1,1904,1903,1905,-1,1906,1902,1907,-1,1907,1902,1904,-1,1908,1906,1909,-1,1909,1906,1907,-1,1910,1908,1911,-1,1911,1908,1909,-1,1911,1912,1910,-1,1910,1912,1913,-1,1902,1892,1894,-1,1910,1913,1888,-1,1910,1888,1908,-1,1902,1906,1892,-1,1892,1906,1908,-1,1892,1908,1890,-1,1890,1908,1888,-1,1900,1903,1898,-1,1898,1903,1902,-1,1898,1902,1896,-1,1896,1902,1894,-1,1897,1895,1904,-1,1904,1895,1893,-1,1904,1893,1907,-1,1907,1893,1909,-1,1909,1893,1891,-1,1909,1891,1911,-1,1911,1891,1889,-1,1911,1889,1912,-1,1905,1901,1904,-1,1904,1901,1899,-1,1904,1899,1897,-1,1914,1915,1916,-1,1916,1915,1917,-1,1918,1916,1919,-1,1919,1916,1917,-1,1918,1920,1916,-1,1916,1920,1914,-1,1915,1921,1917,-1,1917,1921,1919,-1,1922,1923,1924,-1,1922,1924,1925,-1,1925,1924,1926,-1,1925,1926,1927,-1,1927,1926,1928,-1,1927,1928,1929,-1,1929,1928,1930,-1,1929,1930,1931,-1,1931,1930,1932,-1,1931,1932,1933,-1,1934,1933,1935,-1,1935,1933,1932,-1,1936,1937,1938,-1,1938,1937,1939,-1,1938,1939,1940,-1,1940,1939,1941,-1,1940,1941,1942,-1,1942,1941,1943,-1,1942,1943,1944,-1,1944,1943,1945,-1,1944,1945,1946,-1,1946,1945,1947,-1,1946,1947,1948,-1,1948,1947,1949,-1,1950,1948,1951,-1,1951,1948,1949,-1,1950,1951,1952,-1,1952,1951,1953,-1,1952,1953,1954,-1,1954,1953,1955,-1,1922,1954,1923,-1,1923,1954,1955,-1,1936,1938,1956,-1,1956,1938,1940,-1,1940,1942,1956,-1,1956,1942,1944,-1,1956,1944,1946,-1,1946,1948,1956,-1,1956,1948,1950,-1,1956,1950,1934,-1,1950,1952,1934,-1,1934,1952,1954,-1,1934,1954,1933,-1,1933,1954,1922,-1,1933,1922,1925,-1,1925,1927,1933,-1,1933,1927,1929,-1,1933,1929,1931,-1,1943,1957,1945,-1,1945,1957,1947,-1,1943,1941,1957,-1,1957,1941,1939,-1,1957,1939,1937,-1,1923,1955,1932,-1,1932,1955,1935,-1,1955,1953,1935,-1,1935,1953,1951,-1,1935,1951,1957,-1,1957,1951,1949,-1,1957,1949,1947,-1,1932,1930,1928,-1,1928,1926,1932,-1,1932,1926,1924,-1,1932,1924,1923,-1,1958,1959,1960,-1,1960,1959,1961,-1,1962,1958,1963,-1,1963,1958,1960,-1,1964,1962,1965,-1,1965,1962,1963,-1,1966,1967,1968,-1,1968,1967,1969,-1,1966,1968,1970,-1,1970,1968,1971,-1,1970,1971,1972,-1,1972,1971,1973,-1,1972,1973,1974,-1,1974,1973,1975,-1,1974,1975,1976,-1,1976,1975,1977,-1,1976,1977,1978,-1,1978,1977,1979,-1,1980,1981,1982,-1,1982,1981,1983,-1,1959,1983,1961,-1,1961,1983,1981,-1,1970,1972,1962,-1,1962,1972,1974,-1,1962,1974,1958,-1,1958,1974,1959,-1,1959,1974,1976,-1,1959,1976,1983,-1,1983,1976,1978,-1,1983,1978,1982,-1,1964,1967,1962,-1,1962,1967,1966,-1,1962,1966,1970,-1,1963,1975,1973,-1,1981,1980,1979,-1,1981,1979,1961,-1,1963,1960,1975,-1,1975,1960,1961,-1,1975,1961,1977,-1,1977,1961,1979,-1,1969,1965,1968,-1,1968,1965,1963,-1,1968,1963,1971,-1,1971,1963,1973,-1,1984,1985,1986,-1,1986,1985,1987,-1,1984,1986,1988,-1,1988,1986,1989,-1,1988,1990,1984,-1,1984,1990,1985,-1,1987,1991,1986,-1,1986,1991,1989,-1,1992,1993,1994,-1,1994,1993,1995,-1,1992,1994,1996,-1,1992,1996,1997,-1,1997,1996,1998,-1,1997,1998,1999,-1,1999,1998,2000,-1,1999,2000,2001,-1,2001,2000,2002,-1,2001,2002,2003,-1,2003,2002,2004,-1,2003,2004,2005,-1,2006,2005,2007,-1,2007,2005,2004,-1,2006,2007,2008,-1,2008,2007,2009,-1,2008,2009,2010,-1,2010,2009,2011,-1,2012,2010,2013,-1,2013,2010,2011,-1,2012,2013,2014,-1,2014,2013,2015,-1,2014,2015,2016,-1,2016,2015,2017,-1,2016,2017,2018,-1,2018,2017,2019,-1,2018,2019,2020,-1,2020,2019,2021,-1,2020,2021,2022,-1,2022,2021,2023,-1,2022,2023,2024,-1,2024,2023,2025,-1,2022,2024,2026,-1,2022,2026,2020,-1,2006,1993,1992,-1,2014,2016,2026,-1,2026,2016,2018,-1,2026,2018,2020,-1,2006,2008,1993,-1,1993,2008,2010,-1,1993,2010,2026,-1,2026,2010,2012,-1,2026,2012,2014,-1,1999,2001,1997,-1,1997,2001,2003,-1,1997,2003,1992,-1,1992,2003,2005,-1,1992,2005,2006,-1,2025,2023,2027,-1,2027,2023,2021,-1,2021,2019,2027,-1,2027,2019,2017,-1,2027,2017,2015,-1,2015,2013,2027,-1,2027,2013,2011,-1,2027,2011,1995,-1,2011,2009,1995,-1,1995,2009,2007,-1,1995,2007,1994,-1,1994,2007,2004,-1,2004,2002,2000,-1,2000,1998,2004,-1,2004,1998,1996,-1,2004,1996,1994,-1,2028,2029,2030,-1,2030,2029,2031,-1,2030,2031,2032,-1,2032,2031,2033,-1,2032,2033,2034,-1,2034,2033,2035,-1,2034,2035,2036,-1,2036,2035,2037,-1,2036,2037,2038,-1,2038,2037,2039,-1,2040,2038,2041,-1,2041,2038,2039,-1,2042,2043,2044,-1,2044,2043,2045,-1,2046,2042,2047,-1,2047,2042,2044,-1,2048,2046,2049,-1,2049,2046,2047,-1,2050,2048,2051,-1,2051,2048,2049,-1,2051,2052,2050,-1,2050,2052,2053,-1,2042,2032,2034,-1,2050,2053,2028,-1,2050,2028,2048,-1,2042,2046,2032,-1,2032,2046,2048,-1,2032,2048,2030,-1,2030,2048,2028,-1,2040,2043,2038,-1,2038,2043,2042,-1,2038,2042,2036,-1,2036,2042,2034,-1,2037,2035,2044,-1,2044,2035,2033,-1,2044,2033,2047,-1,2047,2033,2049,-1,2049,2033,2031,-1,2049,2031,2051,-1,2051,2031,2029,-1,2051,2029,2052,-1,2045,2041,2044,-1,2044,2041,2039,-1,2044,2039,2037,-1,2054,2055,2056,-1,2056,2055,2057,-1,2058,2056,2059,-1,2059,2056,2057,-1,2058,2060,2056,-1,2056,2060,2054,-1,2055,2061,2057,-1,2057,2061,2059,-1,2062,2063,2064,-1,2062,2064,2065,-1,2065,2064,2066,-1,2065,2066,2067,-1,2067,2066,2068,-1,2067,2068,2069,-1,2069,2068,2070,-1,2069,2070,2071,-1,2071,2070,2072,-1,2071,2072,2073,-1,2074,2073,2075,-1,2075,2073,2072,-1,2076,2077,2078,-1,2078,2077,2079,-1,2078,2079,2080,-1,2080,2079,2081,-1,2080,2081,2082,-1,2082,2081,2083,-1,2082,2083,2084,-1,2084,2083,2085,-1,2084,2085,2086,-1,2086,2085,2087,-1,2086,2087,2088,-1,2088,2087,2089,-1,2090,2088,2091,-1,2091,2088,2089,-1,2090,2091,2092,-1,2092,2091,2093,-1,2092,2093,2094,-1,2094,2093,2095,-1,2062,2094,2063,-1,2063,2094,2095,-1,2076,2078,2096,-1,2096,2078,2080,-1,2080,2082,2096,-1,2096,2082,2084,-1,2096,2084,2086,-1,2086,2088,2096,-1,2096,2088,2090,-1,2096,2090,2074,-1,2090,2092,2074,-1,2074,2092,2094,-1,2074,2094,2073,-1,2073,2094,2062,-1,2073,2062,2065,-1,2065,2067,2073,-1,2073,2067,2069,-1,2073,2069,2071,-1,2083,2097,2085,-1,2085,2097,2087,-1,2083,2081,2097,-1,2097,2081,2079,-1,2097,2079,2077,-1,2063,2095,2072,-1,2072,2095,2075,-1,2095,2093,2075,-1,2075,2093,2091,-1,2075,2091,2097,-1,2097,2091,2089,-1,2097,2089,2087,-1,2072,2070,2068,-1,2068,2066,2072,-1,2072,2066,2064,-1,2072,2064,2063,-1,2098,2099,2100,-1,2100,2099,2101,-1,2102,2098,2103,-1,2103,2098,2100,-1,2104,2102,2105,-1,2105,2102,2103,-1,2106,2107,2108,-1,2108,2107,2109,-1,2106,2108,2110,-1,2110,2108,2111,-1,2110,2111,2112,-1,2112,2111,2113,-1,2112,2113,2114,-1,2114,2113,2115,-1,2114,2115,2116,-1,2116,2115,2117,-1,2116,2117,2118,-1,2118,2117,2119,-1,2120,2121,2122,-1,2122,2121,2123,-1,2099,2123,2101,-1,2101,2123,2121,-1,2110,2112,2102,-1,2102,2112,2114,-1,2102,2114,2098,-1,2098,2114,2099,-1,2099,2114,2116,-1,2099,2116,2123,-1,2123,2116,2118,-1,2123,2118,2122,-1,2104,2107,2102,-1,2102,2107,2106,-1,2102,2106,2110,-1,2103,2115,2113,-1,2121,2120,2119,-1,2121,2119,2101,-1,2103,2100,2115,-1,2115,2100,2101,-1,2115,2101,2117,-1,2117,2101,2119,-1,2109,2105,2108,-1,2108,2105,2103,-1,2108,2103,2111,-1,2111,2103,2113,-1,2124,2125,2126,-1,2126,2125,2127,-1,2124,2126,2128,-1,2128,2126,2129,-1,2128,2130,2124,-1,2124,2130,2125,-1,2127,2131,2126,-1,2126,2131,2129,-1,2132,2133,2134,-1,2134,2133,2135,-1,2132,2134,2136,-1,2132,2136,2137,-1,2137,2136,2138,-1,2137,2138,2139,-1,2139,2138,2140,-1,2139,2140,2141,-1,2141,2140,2142,-1,2141,2142,2143,-1,2143,2142,2144,-1,2143,2144,2145,-1,2146,2145,2147,-1,2147,2145,2144,-1,2146,2147,2148,-1,2148,2147,2149,-1,2148,2149,2150,-1,2150,2149,2151,-1,2152,2150,2153,-1,2153,2150,2151,-1,2152,2153,2154,-1,2154,2153,2155,-1,2154,2155,2156,-1,2156,2155,2157,-1,2156,2157,2158,-1,2158,2157,2159,-1,2158,2159,2160,-1,2160,2159,2161,-1,2160,2161,2162,-1,2162,2161,2163,-1,2162,2163,2164,-1,2164,2163,2165,-1,2162,2164,2166,-1,2162,2166,2160,-1,2146,2133,2132,-1,2154,2156,2166,-1,2166,2156,2158,-1,2166,2158,2160,-1,2146,2148,2133,-1,2133,2148,2150,-1,2133,2150,2166,-1,2166,2150,2152,-1,2166,2152,2154,-1,2139,2141,2137,-1,2137,2141,2143,-1,2137,2143,2132,-1,2132,2143,2145,-1,2132,2145,2146,-1,2165,2163,2167,-1,2167,2163,2161,-1,2161,2159,2167,-1,2167,2159,2157,-1,2167,2157,2155,-1,2155,2153,2167,-1,2167,2153,2151,-1,2167,2151,2135,-1,2151,2149,2135,-1,2135,2149,2147,-1,2135,2147,2134,-1,2134,2147,2144,-1,2144,2142,2140,-1,2140,2138,2144,-1,2144,2138,2136,-1,2144,2136,2134,-1,2168,2169,2170,-1,2170,2169,2171,-1,2170,2171,2172,-1,2172,2171,2173,-1,2172,2173,2174,-1,2174,2173,2175,-1,2174,2175,2176,-1,2176,2175,2177,-1,2176,2177,2178,-1,2178,2177,2179,-1,2180,2178,2181,-1,2181,2178,2179,-1,2182,2183,2184,-1,2184,2183,2185,-1,2186,2182,2187,-1,2187,2182,2184,-1,2188,2186,2189,-1,2189,2186,2187,-1,2190,2188,2191,-1,2191,2188,2189,-1,2191,2192,2190,-1,2190,2192,2193,-1,2182,2172,2174,-1,2190,2193,2168,-1,2190,2168,2188,-1,2182,2186,2172,-1,2172,2186,2188,-1,2172,2188,2170,-1,2170,2188,2168,-1,2180,2183,2178,-1,2178,2183,2182,-1,2178,2182,2176,-1,2176,2182,2174,-1,2177,2175,2184,-1,2184,2175,2173,-1,2184,2173,2187,-1,2187,2173,2189,-1,2189,2173,2171,-1,2189,2171,2191,-1,2191,2171,2169,-1,2191,2169,2192,-1,2185,2181,2184,-1,2184,2181,2179,-1,2184,2179,2177,-1,2194,2195,2196,-1,2196,2195,2197,-1,2198,2196,2199,-1,2199,2196,2197,-1,2198,2200,2196,-1,2196,2200,2194,-1,2195,2201,2197,-1,2197,2201,2199,-1,2202,2203,2204,-1,2202,2204,2205,-1,2205,2204,2206,-1,2205,2206,2207,-1,2207,2206,2208,-1,2207,2208,2209,-1,2209,2208,2210,-1,2209,2210,2211,-1,2211,2210,2212,-1,2211,2212,2213,-1,2214,2213,2215,-1,2215,2213,2212,-1,2216,2217,2218,-1,2218,2217,2219,-1,2218,2219,2220,-1,2220,2219,2221,-1,2220,2221,2222,-1,2222,2221,2223,-1,2222,2223,2224,-1,2224,2223,2225,-1,2224,2225,2226,-1,2226,2225,2227,-1,2226,2227,2228,-1,2228,2227,2229,-1,2230,2228,2231,-1,2231,2228,2229,-1,2230,2231,2232,-1,2232,2231,2233,-1,2232,2233,2234,-1,2234,2233,2235,-1,2202,2234,2203,-1,2203,2234,2235,-1,2216,2218,2236,-1,2236,2218,2220,-1,2220,2222,2236,-1,2236,2222,2224,-1,2236,2224,2226,-1,2226,2228,2236,-1,2236,2228,2230,-1,2236,2230,2214,-1,2230,2232,2214,-1,2214,2232,2234,-1,2214,2234,2213,-1,2213,2234,2202,-1,2213,2202,2205,-1,2205,2207,2213,-1,2213,2207,2209,-1,2213,2209,2211,-1,2223,2237,2225,-1,2225,2237,2227,-1,2223,2221,2237,-1,2237,2221,2219,-1,2237,2219,2217,-1,2203,2235,2212,-1,2212,2235,2215,-1,2235,2233,2215,-1,2215,2233,2231,-1,2215,2231,2237,-1,2237,2231,2229,-1,2237,2229,2227,-1,2212,2210,2208,-1,2208,2206,2212,-1,2212,2206,2204,-1,2212,2204,2203,-1,2238,2239,2240,-1,2240,2239,2241,-1,2242,2238,2243,-1,2243,2238,2240,-1,2244,2242,2245,-1,2245,2242,2243,-1,2246,2247,2248,-1,2248,2247,2249,-1,2246,2248,2250,-1,2250,2248,2251,-1,2250,2251,2252,-1,2252,2251,2253,-1,2252,2253,2254,-1,2254,2253,2255,-1,2254,2255,2256,-1,2256,2255,2257,-1,2256,2257,2258,-1,2258,2257,2259,-1,2260,2261,2262,-1,2262,2261,2263,-1,2239,2263,2241,-1,2241,2263,2261,-1,2250,2252,2242,-1,2242,2252,2254,-1,2242,2254,2238,-1,2238,2254,2239,-1,2239,2254,2256,-1,2239,2256,2263,-1,2263,2256,2258,-1,2263,2258,2262,-1,2244,2247,2242,-1,2242,2247,2246,-1,2242,2246,2250,-1,2243,2255,2253,-1,2261,2260,2259,-1,2261,2259,2241,-1,2243,2240,2255,-1,2255,2240,2241,-1,2255,2241,2257,-1,2257,2241,2259,-1,2249,2245,2248,-1,2248,2245,2243,-1,2248,2243,2251,-1,2251,2243,2253,-1,2264,2265,2266,-1,2266,2265,2267,-1,2264,2266,2268,-1,2268,2266,2269,-1,2268,2270,2264,-1,2264,2270,2265,-1,2267,2271,2266,-1,2266,2271,2269,-1,2272,2273,2274,-1,2274,2273,2275,-1,2272,2274,2276,-1,2272,2276,2277,-1,2277,2276,2278,-1,2277,2278,2279,-1,2279,2278,2280,-1,2279,2280,2281,-1,2281,2280,2282,-1,2281,2282,2283,-1,2283,2282,2284,-1,2283,2284,2285,-1,2286,2285,2287,-1,2287,2285,2284,-1,2286,2287,2288,-1,2288,2287,2289,-1,2288,2289,2290,-1,2290,2289,2291,-1,2292,2290,2293,-1,2293,2290,2291,-1,2292,2293,2294,-1,2294,2293,2295,-1,2294,2295,2296,-1,2296,2295,2297,-1,2296,2297,2298,-1,2298,2297,2299,-1,2298,2299,2300,-1,2300,2299,2301,-1,2300,2301,2302,-1,2302,2301,2303,-1,2302,2303,2304,-1,2304,2303,2305,-1,2302,2304,2306,-1,2302,2306,2300,-1,2286,2273,2272,-1,2294,2296,2306,-1,2306,2296,2298,-1,2306,2298,2300,-1,2286,2288,2273,-1,2273,2288,2290,-1,2273,2290,2306,-1,2306,2290,2292,-1,2306,2292,2294,-1,2279,2281,2277,-1,2277,2281,2283,-1,2277,2283,2272,-1,2272,2283,2285,-1,2272,2285,2286,-1,2305,2303,2307,-1,2307,2303,2301,-1,2301,2299,2307,-1,2307,2299,2297,-1,2307,2297,2295,-1,2295,2293,2307,-1,2307,2293,2291,-1,2307,2291,2275,-1,2291,2289,2275,-1,2275,2289,2287,-1,2275,2287,2274,-1,2274,2287,2284,-1,2284,2282,2280,-1,2280,2278,2284,-1,2284,2278,2276,-1,2284,2276,2274,-1,2308,2309,2310,-1,2310,2309,2311,-1,2310,2311,2312,-1,2312,2311,2313,-1,2312,2313,2314,-1,2314,2313,2315,-1,2314,2315,2316,-1,2316,2315,2317,-1,2316,2317,2318,-1,2318,2317,2319,-1,2320,2318,2321,-1,2321,2318,2319,-1,2322,2323,2324,-1,2324,2323,2325,-1,2326,2322,2327,-1,2327,2322,2324,-1,2328,2326,2329,-1,2329,2326,2327,-1,2330,2328,2331,-1,2331,2328,2329,-1,2331,2332,2330,-1,2330,2332,2333,-1,2322,2312,2314,-1,2330,2333,2308,-1,2330,2308,2328,-1,2322,2326,2312,-1,2312,2326,2328,-1,2312,2328,2310,-1,2310,2328,2308,-1,2320,2323,2318,-1,2318,2323,2322,-1,2318,2322,2316,-1,2316,2322,2314,-1,2317,2315,2324,-1,2324,2315,2313,-1,2324,2313,2327,-1,2327,2313,2329,-1,2329,2313,2311,-1,2329,2311,2331,-1,2331,2311,2309,-1,2331,2309,2332,-1,2325,2321,2324,-1,2324,2321,2319,-1,2324,2319,2317,-1,2334,2335,2336,-1,2336,2335,2337,-1,2338,2336,2339,-1,2339,2336,2337,-1,2338,2340,2336,-1,2336,2340,2334,-1,2335,2341,2337,-1,2337,2341,2339,-1,2342,2343,2344,-1,2342,2344,2345,-1,2345,2344,2346,-1,2345,2346,2347,-1,2347,2346,2348,-1,2347,2348,2349,-1,2349,2348,2350,-1,2349,2350,2351,-1,2351,2350,2352,-1,2351,2352,2353,-1,2354,2353,2355,-1,2355,2353,2352,-1,2356,2357,2358,-1,2358,2357,2359,-1,2358,2359,2360,-1,2360,2359,2361,-1,2360,2361,2362,-1,2362,2361,2363,-1,2362,2363,2364,-1,2364,2363,2365,-1,2364,2365,2366,-1,2366,2365,2367,-1,2366,2367,2368,-1,2368,2367,2369,-1,2370,2368,2371,-1,2371,2368,2369,-1,2370,2371,2372,-1,2372,2371,2373,-1,2372,2373,2374,-1,2374,2373,2375,-1,2342,2374,2343,-1,2343,2374,2375,-1,2356,2358,2376,-1,2376,2358,2360,-1,2360,2362,2376,-1,2376,2362,2364,-1,2376,2364,2366,-1,2366,2368,2376,-1,2376,2368,2370,-1,2376,2370,2354,-1,2370,2372,2354,-1,2354,2372,2374,-1,2354,2374,2353,-1,2353,2374,2342,-1,2353,2342,2345,-1,2345,2347,2353,-1,2353,2347,2349,-1,2353,2349,2351,-1,2363,2377,2365,-1,2365,2377,2367,-1,2363,2361,2377,-1,2377,2361,2359,-1,2377,2359,2357,-1,2343,2375,2352,-1,2352,2375,2355,-1,2375,2373,2355,-1,2355,2373,2371,-1,2355,2371,2377,-1,2377,2371,2369,-1,2377,2369,2367,-1,2352,2350,2348,-1,2348,2346,2352,-1,2352,2346,2344,-1,2352,2344,2343,-1,2378,2379,2380,-1,2380,2379,2381,-1,2382,2378,2383,-1,2383,2378,2380,-1,2384,2382,2385,-1,2385,2382,2383,-1,2386,2387,2388,-1,2388,2387,2389,-1,2386,2388,2390,-1,2390,2388,2391,-1,2390,2391,2392,-1,2392,2391,2393,-1,2392,2393,2394,-1,2394,2393,2395,-1,2394,2395,2396,-1,2396,2395,2397,-1,2396,2397,2398,-1,2398,2397,2399,-1,2400,2401,2402,-1,2402,2401,2403,-1,2379,2403,2381,-1,2381,2403,2401,-1,2390,2392,2382,-1,2382,2392,2394,-1,2382,2394,2378,-1,2378,2394,2379,-1,2379,2394,2396,-1,2379,2396,2403,-1,2403,2396,2398,-1,2403,2398,2402,-1,2384,2387,2382,-1,2382,2387,2386,-1,2382,2386,2390,-1,2383,2395,2393,-1,2401,2400,2399,-1,2401,2399,2381,-1,2383,2380,2395,-1,2395,2380,2381,-1,2395,2381,2397,-1,2397,2381,2399,-1,2389,2385,2388,-1,2388,2385,2383,-1,2388,2383,2391,-1,2391,2383,2393,-1,2404,2405,2406,-1,2406,2405,2407,-1,2404,2406,2408,-1,2408,2406,2409,-1,2408,2410,2404,-1,2404,2410,2405,-1,2407,2411,2406,-1,2406,2411,2409,-1,2412,2413,2414,-1,2414,2413,2415,-1,2412,2414,2416,-1,2412,2416,2417,-1,2417,2416,2418,-1,2417,2418,2419,-1,2419,2418,2420,-1,2419,2420,2421,-1,2421,2420,2422,-1,2421,2422,2423,-1,2423,2422,2424,-1,2423,2424,2425,-1,2426,2425,2427,-1,2427,2425,2424,-1,2426,2427,2428,-1,2428,2427,2429,-1,2428,2429,2430,-1,2430,2429,2431,-1,2432,2430,2433,-1,2433,2430,2431,-1,2432,2433,2434,-1,2434,2433,2435,-1,2434,2435,2436,-1,2436,2435,2437,-1,2436,2437,2438,-1,2438,2437,2439,-1,2438,2439,2440,-1,2440,2439,2441,-1,2440,2441,2442,-1,2442,2441,2443,-1,2442,2443,2444,-1,2444,2443,2445,-1,2442,2444,2446,-1,2442,2446,2440,-1,2426,2413,2412,-1,2434,2436,2446,-1,2446,2436,2438,-1,2446,2438,2440,-1,2426,2428,2413,-1,2413,2428,2430,-1,2413,2430,2446,-1,2446,2430,2432,-1,2446,2432,2434,-1,2419,2421,2417,-1,2417,2421,2423,-1,2417,2423,2412,-1,2412,2423,2425,-1,2412,2425,2426,-1,2445,2443,2447,-1,2447,2443,2441,-1,2441,2439,2447,-1,2447,2439,2437,-1,2447,2437,2435,-1,2435,2433,2447,-1,2447,2433,2431,-1,2447,2431,2415,-1,2431,2429,2415,-1,2415,2429,2427,-1,2415,2427,2414,-1,2414,2427,2424,-1,2424,2422,2420,-1,2420,2418,2424,-1,2424,2418,2416,-1,2424,2416,2414,-1,2448,2449,2450,-1,2450,2449,2451,-1,2450,2451,2452,-1,2452,2451,2453,-1,2452,2453,2454,-1,2454,2453,2455,-1,2454,2455,2456,-1,2456,2455,2457,-1,2456,2457,2458,-1,2458,2457,2459,-1,2460,2458,2461,-1,2461,2458,2459,-1,2462,2463,2464,-1,2464,2463,2465,-1,2466,2462,2467,-1,2467,2462,2464,-1,2468,2466,2469,-1,2469,2466,2467,-1,2470,2468,2471,-1,2471,2468,2469,-1,2471,2472,2470,-1,2470,2472,2473,-1,2462,2452,2454,-1,2470,2473,2448,-1,2470,2448,2468,-1,2462,2466,2452,-1,2452,2466,2468,-1,2452,2468,2450,-1,2450,2468,2448,-1,2460,2463,2458,-1,2458,2463,2462,-1,2458,2462,2456,-1,2456,2462,2454,-1,2457,2455,2464,-1,2464,2455,2453,-1,2464,2453,2467,-1,2467,2453,2469,-1,2469,2453,2451,-1,2469,2451,2471,-1,2471,2451,2449,-1,2471,2449,2472,-1,2465,2461,2464,-1,2464,2461,2459,-1,2464,2459,2457,-1,2474,2475,2476,-1,2476,2475,2477,-1,2478,2476,2479,-1,2479,2476,2477,-1,2478,2480,2476,-1,2476,2480,2474,-1,2475,2481,2477,-1,2477,2481,2479,-1,2482,2483,2484,-1,2482,2484,2485,-1,2485,2484,2486,-1,2485,2486,2487,-1,2487,2486,2488,-1,2487,2488,2489,-1,2489,2488,2490,-1,2489,2490,2491,-1,2491,2490,2492,-1,2491,2492,2493,-1,2494,2493,2495,-1,2495,2493,2492,-1,2496,2497,2498,-1,2498,2497,2499,-1,2498,2499,2500,-1,2500,2499,2501,-1,2500,2501,2502,-1,2502,2501,2503,-1,2502,2503,2504,-1,2504,2503,2505,-1,2504,2505,2506,-1,2506,2505,2507,-1,2506,2507,2508,-1,2508,2507,2509,-1,2510,2508,2511,-1,2511,2508,2509,-1,2510,2511,2512,-1,2512,2511,2513,-1,2512,2513,2514,-1,2514,2513,2515,-1,2482,2514,2483,-1,2483,2514,2515,-1,2496,2498,2516,-1,2516,2498,2500,-1,2500,2502,2516,-1,2516,2502,2504,-1,2516,2504,2506,-1,2506,2508,2516,-1,2516,2508,2510,-1,2516,2510,2494,-1,2510,2512,2494,-1,2494,2512,2514,-1,2494,2514,2493,-1,2493,2514,2482,-1,2493,2482,2485,-1,2485,2487,2493,-1,2493,2487,2489,-1,2493,2489,2491,-1,2503,2517,2505,-1,2505,2517,2507,-1,2503,2501,2517,-1,2517,2501,2499,-1,2517,2499,2497,-1,2483,2515,2492,-1,2492,2515,2495,-1,2515,2513,2495,-1,2495,2513,2511,-1,2495,2511,2517,-1,2517,2511,2509,-1,2517,2509,2507,-1,2492,2490,2488,-1,2488,2486,2492,-1,2492,2486,2484,-1,2492,2484,2483,-1,2518,2519,2520,-1,2520,2519,2521,-1,2522,2518,2523,-1,2523,2518,2520,-1,2524,2522,2525,-1,2525,2522,2523,-1,2526,2527,2528,-1,2528,2527,2529,-1,2526,2528,2530,-1,2530,2528,2531,-1,2530,2531,2532,-1,2532,2531,2533,-1,2532,2533,2534,-1,2534,2533,2535,-1,2534,2535,2536,-1,2536,2535,2537,-1,2536,2537,2538,-1,2538,2537,2539,-1,2540,2541,2542,-1,2542,2541,2543,-1,2519,2543,2521,-1,2521,2543,2541,-1,2530,2532,2522,-1,2522,2532,2534,-1,2522,2534,2518,-1,2518,2534,2519,-1,2519,2534,2536,-1,2519,2536,2543,-1,2543,2536,2538,-1,2543,2538,2542,-1,2524,2527,2522,-1,2522,2527,2526,-1,2522,2526,2530,-1,2523,2535,2533,-1,2541,2540,2539,-1,2541,2539,2521,-1,2523,2520,2535,-1,2535,2520,2521,-1,2535,2521,2537,-1,2537,2521,2539,-1,2529,2525,2528,-1,2528,2525,2523,-1,2528,2523,2531,-1,2531,2523,2533,-1,
        ]
    }
}
Shape{
    appearance Appearance {
        material  Material 	{
            diffuseColor 1.0 1.0 1.0
            specularColor 0.5019607843137255 0.5019607843137255 0.5019607843137255
            ambientIntensity 1.0
            transparency 0.0
            shininess 0.5
        }
    }
    geometry IndexedFaceSet {
        ccw TRUE
        solid FALSE
        coord DEF co Coordinate {
            point [
                -0.3999 0.1061 0.0118, -0.4768 -0.0908 0.0118, -0.3999 0.1061 0.0079, -0.4768 -0.0908 0.0079, -0.4479 -0.0908 0.0118, -0.4479 -0.0908 0.0079, -0.428 -0.0355 0.0118, -0.428 -0.0355 0.0079, -0.3467 -0.0355 0.0118, -0.3467 -0.0355 0.0079, -0.3279 -0.0908 0.0118, -0.3279 -0.0908 0.0079, -0.2991 -0.0908 0.0118, -0.2991 -0.0908 0.0079, -0.3735 0.1061 0.0118, -0.3735 0.1061 0.0079, -0.3534 -0.0139 0.0118, -0.3827 0.0683 0.0118, -0.3846 0.0751 0.0118, -0.3859 0.0821 0.0118, -0.3865 0.0821 0.0118, -0.3878 0.0751 0.0118, -0.3895 0.0683 0.0118, -0.4192 -0.0139 0.0118, -0.3534 -0.0139 0.0079, -0.4192 -0.0139 0.0079, -0.3827 0.0683 0.0079, -0.3846 0.0751 0.0079, -0.3859 0.0821 0.0079, -0.3865 0.0821 0.0079, -0.3878 0.0751 0.0079, -0.3895 0.0683 0.0079, -0.1798 -0.0908 0.0118, -0.1263 -0.0908 0.0118, -0.1798 -0.0908 0.0079, -0.1263 -0.0908 0.0079, -0.1263 0.1061 0.0118, -0.1263 0.1061 0.0079, -0.1818 0.1061 0.0118, -0.1818 0.1061 0.0079, -0.2847 0.0101 0.0118, -0.2847 0.0101 0.0079, -0.2833 0.0286 0.0079, -0.2833 0.0286 0.0118, -0.278 0.048 0.0079, -0.278 0.048 0.0118, -0.2689 0.065 0.0079, -0.2689 0.065 0.0118, -0.2549 0.0804 0.0079, -0.2549 0.0804 0.0118, -0.2547 0.0806 0.0079, -0.2547 0.0806 0.0118, -0.2333 0.095 0.0079, -0.2333 0.095 0.0118, -0.2103 0.103 0.0079, -0.2103 0.103 0.0118, -0.2042 -0.0886 0.0079, -0.2042 -0.0886 0.0118, -0.2268 -0.0819 0.0079, -0.2268 -0.0819 0.0118, -0.2474 -0.0699 0.0079, -0.2474 -0.0699 0.0118, -0.2636 -0.0544 0.0079, -0.2636 -0.0544 0.0118, -0.2749 -0.0368 0.0079, -0.2749 -0.0368 0.0118, -0.2819 -0.0162 0.0079, -0.2819 -0.0162 0.0118, -0.2452 0.0569 0.0118, -0.2356 0.067 0.0118, -0.2213 0.0763 0.0118, -0.205 0.082 0.0118, -0.1817 0.0845 0.0118, -0.1527 0.0845 0.0118, -0.1527 -0.0692 0.0118, -0.1806 -0.0692 0.0118, -0.2014 -0.0672 0.0118, -0.218 -0.0621 0.0118, -0.2314 -0.0541 0.0118, -0.2424 -0.0432 0.0118, -0.2507 -0.0296 0.0118, -0.2565 -0.0111 0.0118, -0.2583 0.0096 0.0118, -0.2566 0.0292 0.0118, -0.252 0.0447 0.0118, -0.1817 0.0845 0.0079, -0.1527 0.0845 0.0079, -0.205 0.082 0.0079, -0.2213 0.0763 0.0079, -0.2356 0.067 0.0079, -0.2452 0.0569 0.0079, -0.252 0.0447 0.0079, -0.2566 0.0292 0.0079, -0.2583 0.0096 0.0079, -0.2565 -0.0111 0.0079, -0.2507 -0.0296 0.0079, -0.2424 -0.0432 0.0079, -0.2314 -0.0541 0.0079, -0.218 -0.0621 0.0079, -0.2014 -0.0672 0.0079, -0.1806 -0.0692 0.0079, -0.1527 -0.0692 0.0079, -0.0879 -0.0692 0.0118, -0.0879 -0.0908 0.0118, -0.0879 -0.0692 0.0079, -0.0879 -0.0908 0.0079, 0.0178 -0.0908 0.0118, 0.0178 -0.0908 0.0079, 0.0178 0.1061 0.0118, 0.0178 0.1061 0.0079, -0.0831 0.1061 0.0118, -0.0831 0.1061 0.0079, -0.0831 0.0845 0.0118, -0.0831 0.0845 0.0079, -0.0086 0.0845 0.0118, -0.0086 0.0845 0.0079, -0.0086 0.0197 0.0118, -0.0086 0.0197 0.0079, -0.0783 0.0197 0.0118, -0.0783 0.0197 0.0079, -0.0783 -0.0019 0.0118, -0.0783 -0.0019 0.0079, -0.0086 -0.0019 0.0118, -0.0086 -0.0019 0.0079, -0.0086 -0.0692 0.0118, -0.0086 -0.0692 0.0079, 0.0562 -0.059 0.0118, 0.0562 -0.0806 0.0118, 0.0562 -0.059 0.0079, 0.0562 -0.0806 0.0079, 0.0772 -0.0892 0.0118, 0.1103 -0.0932 0.0118, 0.1103 -0.0932 0.0079, 0.105 -0.0931 0.0079, 0.105 -0.0931 0.0118, 0.0971 -0.092 0.0079, 0.0772 -0.0892 0.0079, 0.2026 0.004 0.0118, 0.2026 0.004 0.0079, 0.2007 -0.0188 0.0079, 0.2007 -0.0188 0.0118, 0.1948 -0.0397 0.0079, 0.1948 -0.0397 0.0118, 0.1843 -0.0584 0.0079, 0.1843 -0.0584 0.0118, 0.1695 -0.074 0.0079, 0.1695 -0.074 0.0118, 0.1537 -0.0841 0.0079, 0.1537 -0.0841 0.0118, 0.1346 -0.0906 0.0079, 0.1346 -0.0906 0.0118, 0.1219 -0.092 0.0079, 0.1025 0.1085 0.0118, 0.1025 0.1085 0.0079, 0.1222 0.1069 0.0079, 0.1222 0.1069 0.0118, 0.1442 0.1005 0.0079, 0.1442 0.1005 0.0118, 0.1629 0.0898 0.0079, 0.1629 0.0898 0.0118, 0.1807 0.0727 0.0079, 0.1807 0.0727 0.0118, 0.1922 0.0543 0.0079, 0.1922 0.0543 0.0118, 0.1998 0.0319 0.0079, 0.1998 0.0319 0.0118, 0.0562 0.1007 0.0118, 0.0562 0.1007 0.0079, 0.0789 0.1069 0.0079, 0.0789 0.1069 0.0118, 0.0562 0.0743 0.0118, 0.0562 0.0743 0.0079, 0.1023 0.0869 0.0118, 0.1023 0.0869 0.0079, 0.0784 0.0838 0.0079, 0.0784 0.0838 0.0118, 0.1762 0.0056 0.0118, 0.1762 0.0056 0.0079, 0.1753 0.0209 0.0079, 0.1753 0.0209 0.0118, 0.17 0.042 0.0079, 0.17 0.042 0.0118, 0.1619 0.0572 0.0079, 0.1619 0.0572 0.0118, 0.15 0.0703 0.0079, 0.15 0.0703 0.0118, 0.1364 0.0794 0.0079, 0.1364 0.0794 0.0118, 0.1217 0.0847 0.0079, 0.1217 0.0847 0.0118, 0.1067 -0.0716 0.0118, 0.1067 -0.0716 0.0079, 0.1251 -0.0695 0.0079, 0.1251 -0.0695 0.0118, 0.1394 -0.0642 0.0079, 0.1394 -0.0642 0.0118, 0.1515 -0.0561 0.0079, 0.1515 -0.0561 0.0118, 0.1607 -0.0463 0.0079, 0.1607 -0.0463 0.0118, 0.1689 -0.0327 0.0079, 0.1689 -0.0327 0.0118, 0.1742 -0.0157 0.0079, 0.1742 -0.0157 0.0118, 0.0597 -0.0609 0.0079, 0.0597 -0.0609 0.0118, 0.0806 -0.0687 0.0079, 0.0806 -0.0687 0.0118, 0.2194 -0.0692 0.0118, 0.2194 -0.0908 0.0118, 0.2194 -0.0692 0.0079, 0.2194 -0.0908 0.0079, 0.3202 -0.0908 0.0118, 0.3202 -0.0908 0.0079, 0.3202 0.1061 0.0118, 0.3202 0.1061 0.0079, 0.2938 0.1061 0.0118, 0.2938 0.1061 0.0079, 0.2938 -0.0692 0.0118, 0.2938 -0.0692 0.0079
            ]
        }
        coordIndex [
            0,1,2,-1,2,1,3,-1,1,4,3,-1,3,4,5,-1,4,6,5,-1,5,6,7,-1,6,8,7,-1,7,8,9,-1,8,10,9,-1,9,10,11,-1,10,12,11,-1,11,12,13,-1,12,14,13,-1,13,14,15,-1,14,0,15,-1,15,0,2,-1,16,17,14,-1,12,10,8,-1,17,18,14,-1,14,18,19,-1,14,19,0,-1,0,19,20,-1,0,20,21,-1,21,22,0,-1,0,22,23,-1,0,23,1,-1,4,1,6,-1,6,1,23,-1,6,23,8,-1,8,23,16,-1,8,16,12,-1,12,16,14,-1,16,23,24,-1,24,23,25,-1,17,16,26,-1,26,16,24,-1,17,26,27,-1,17,27,18,-1,18,27,28,-1,18,28,19,-1,20,19,29,-1,29,19,28,-1,20,29,30,-1,20,30,21,-1,21,30,31,-1,21,31,22,-1,23,22,25,-1,25,22,31,-1,32,33,34,-1,34,33,35,-1,33,36,35,-1,35,36,37,-1,36,38,37,-1,37,38,39,-1,40,41,42,-1,40,42,43,-1,43,42,44,-1,43,44,45,-1,45,44,46,-1,45,46,47,-1,47,46,48,-1,47,48,49,-1,49,48,50,-1,49,50,51,-1,51,50,52,-1,51,52,53,-1,53,52,54,-1,53,54,55,-1,55,54,39,-1,55,39,38,-1,32,34,56,-1,32,56,57,-1,57,56,58,-1,57,58,59,-1,59,58,60,-1,59,60,61,-1,61,60,62,-1,61,62,63,-1,63,62,64,-1,63,64,65,-1,65,64,66,-1,65,66,67,-1,67,66,41,-1,67,41,40,-1,45,47,68,-1,68,47,49,-1,68,49,69,-1,69,49,51,-1,69,51,70,-1,70,51,53,-1,70,53,71,-1,71,53,55,-1,71,55,72,-1,72,55,38,-1,72,38,73,-1,73,38,36,-1,73,36,74,-1,74,36,33,-1,74,33,75,-1,75,33,32,-1,75,32,76,-1,76,32,57,-1,76,57,77,-1,77,57,59,-1,77,59,78,-1,78,59,61,-1,78,61,79,-1,79,61,63,-1,79,63,80,-1,80,63,65,-1,80,65,81,-1,81,65,67,-1,81,67,82,-1,82,67,40,-1,82,40,83,-1,83,40,43,-1,83,43,84,-1,84,43,45,-1,84,45,68,-1,72,73,85,-1,85,73,86,-1,72,85,87,-1,72,87,71,-1,71,87,88,-1,71,88,70,-1,70,88,89,-1,70,89,69,-1,69,89,90,-1,69,90,68,-1,68,90,91,-1,68,91,84,-1,84,91,92,-1,84,92,83,-1,83,92,93,-1,83,93,82,-1,82,93,94,-1,82,94,81,-1,81,94,95,-1,81,95,80,-1,80,95,96,-1,80,96,79,-1,79,96,97,-1,79,97,78,-1,78,97,98,-1,78,98,77,-1,77,98,99,-1,77,99,76,-1,76,99,100,-1,76,100,75,-1,74,75,101,-1,101,75,100,-1,73,74,86,-1,86,74,101,-1,102,103,104,-1,104,103,105,-1,103,106,105,-1,105,106,107,-1,106,108,107,-1,107,108,109,-1,108,110,109,-1,109,110,111,-1,110,112,111,-1,111,112,113,-1,112,114,113,-1,113,114,115,-1,114,116,115,-1,115,116,117,-1,116,118,117,-1,117,118,119,-1,118,120,119,-1,119,120,121,-1,120,122,121,-1,121,122,123,-1,122,124,123,-1,123,124,125,-1,124,102,125,-1,125,102,104,-1,106,103,102,-1,102,124,106,-1,106,124,122,-1,106,122,108,-1,112,110,114,-1,114,110,108,-1,114,108,116,-1,116,108,122,-1,116,122,118,-1,118,122,120,-1,126,127,128,-1,128,127,129,-1,129,127,130,-1,131,132,133,-1,131,133,134,-1,134,133,135,-1,134,135,130,-1,130,135,136,-1,130,136,129,-1,137,138,139,-1,137,139,140,-1,140,139,141,-1,140,141,142,-1,142,141,143,-1,142,143,144,-1,144,143,145,-1,144,145,146,-1,146,145,147,-1,146,147,148,-1,148,147,149,-1,148,149,150,-1,150,149,131,-1,131,149,151,-1,131,151,132,-1,152,153,154,-1,152,154,155,-1,155,154,156,-1,155,156,157,-1,157,156,158,-1,157,158,159,-1,159,158,160,-1,159,160,161,-1,161,160,162,-1,161,162,163,-1,163,162,164,-1,163,164,165,-1,165,164,138,-1,165,138,137,-1,166,167,168,-1,166,168,169,-1,169,168,153,-1,169,153,152,-1,166,170,167,-1,167,170,171,-1,172,173,174,-1,172,174,175,-1,175,174,171,-1,175,171,170,-1,176,177,178,-1,176,178,179,-1,179,178,180,-1,179,180,181,-1,181,180,182,-1,181,182,183,-1,183,182,184,-1,183,184,185,-1,185,184,186,-1,185,186,187,-1,187,186,188,-1,187,188,189,-1,189,188,173,-1,189,173,172,-1,190,191,192,-1,190,192,193,-1,193,192,194,-1,193,194,195,-1,195,194,196,-1,195,196,197,-1,197,196,198,-1,197,198,199,-1,199,198,200,-1,199,200,201,-1,201,200,202,-1,201,202,203,-1,203,202,177,-1,203,177,176,-1,126,128,204,-1,126,204,205,-1,205,204,206,-1,205,206,207,-1,207,206,191,-1,207,191,190,-1,193,131,190,-1,190,131,134,-1,190,134,207,-1,207,134,130,-1,207,130,205,-1,205,130,127,-1,205,127,126,-1,170,166,175,-1,175,166,169,-1,175,169,172,-1,172,169,152,-1,172,152,189,-1,189,152,155,-1,189,155,187,-1,187,155,157,-1,187,157,185,-1,185,157,159,-1,185,159,183,-1,183,159,161,-1,183,161,181,-1,181,161,163,-1,181,163,179,-1,179,163,165,-1,179,165,176,-1,176,165,137,-1,176,137,203,-1,203,137,140,-1,203,140,201,-1,201,140,142,-1,201,142,199,-1,199,142,144,-1,199,144,197,-1,197,144,146,-1,197,146,195,-1,195,146,148,-1,195,148,193,-1,193,148,150,-1,193,150,131,-1,208,209,210,-1,210,209,211,-1,209,212,211,-1,211,212,213,-1,212,214,213,-1,213,214,215,-1,214,216,215,-1,215,216,217,-1,216,218,217,-1,217,218,219,-1,218,208,219,-1,219,208,210,-1,216,214,218,-1,218,214,212,-1,218,212,208,-1,208,212,209,-1,
        ]
    }
}
Shape{
    appearance Appearance {
        material  Material 	{
            diffuseColor 0.25098039215686274 0.25098039215686274 0.25098039215686274
            specularColor 0.12549019607843137 0.12549019607843137 0.12549019607843137
            ambientIntensity 0.251
            transparency 0.0
            shininess 0.5
        }
    }
    geometry IndexedFaceSet {
        ccw TRUE
        solid FALSE
        coord DEF co Coordinate {
            point [
                -0.3534 -0.0139 0.0079, -0.4192 -0.0139 0.0079, -0.3827 0.0683 0.0079, -0.3895 0.0683 0.0079, -0.3846 0.0751 0.0079, -0.3878 0.0751 0.0079, -0.3859 0.0821 0.0079, -0.3865 0.0821 0.0079, -0.1527 0.0845 0.0079, -0.1527 -0.0692 0.0079, -0.1817 0.0845 0.0079, -0.1806 -0.0692 0.0079, -0.2014 -0.0672 0.0079, -0.2583 0.0096 0.0079, -0.2566 0.0292 0.0079, -0.252 0.0447 0.0079, -0.205 0.082 0.0079, -0.218 -0.0621 0.0079, -0.2314 -0.0541 0.0079, -0.2424 -0.0432 0.0079, -0.2507 -0.0296 0.0079, -0.2565 -0.0111 0.0079, -0.2452 0.0569 0.0079, -0.2356 0.067 0.0079, -0.2213 0.0763 0.0079
            ]
        }
        coordIndex [
            0,1,2,-1,2,1,3,-1,2,3,4,-1,4,3,5,-1,4,5,6,-1,6,5,7,-1,8,9,10,-1,10,9,11,-1,10,11,12,-1,13,14,10,-1,10,14,15,-1,10,15,16,-1,12,17,10,-1,10,17,18,-1,10,18,19,-1,19,20,10,-1,10,20,21,-1,10,21,13,-1,22,23,15,-1,15,23,24,-1,15,24,16,-1,
        ]
    }
}