#VRML V2.0 utf8
# 3D model generated by easyeda2kicad.py (https://github.com/uPesy/easyeda2kicad.py)

Shape{
    appearance Appearance {
        material  Material 	{
            diffuseColor 0.8313725490196079 0.7019607843137254 0.17647058823529413
            specularColor 0.7333333333333333 0.6196078431372549 0.1568627450980392
            ambientIntensity 0.6807
            transparency 0.0
            shininess 0.5
        }
    }
    geometry IndexedFaceSet {
        ccw TRUE
        solid FALSE
        coord DEF co Coordinate {
            point [
                -2.33 0.33 1.15, -2.33 0.33 2.26, -2.17 0.33 1.15, -2.17 0.33 2.26, -1.67 0.33 2.26, -1.67 0.33 1.15, -1.83 0.33 2.26, -1.83 0.33 1.15, -1.17 0.33 2.26, -1.17 0.33 1.15, -1.33 0.33 2.26, -1.33 0.33 1.15, -0.67 0.33 2.26, -0.67 0.33 1.15, -0.83 0.33 2.26, -0.83 0.33 1.15, -0.17 0.33 2.26, -0.17 0.33 1.15, -0.33 0.33 2.26, -0.33 0.33 1.15, 0.33 0.33 2.26, 0.33 0.33 1.15, 0.17 0.33 2.26, 0.17 0.33 1.15, 0.83 0.33 2.26, 0.83 0.33 1.15, 0.67 0.33 2.26, 0.67 0.33 1.15, 1.33 0.33 2.26, 1.33 0.33 1.15, 1.17 0.33 2.26, 1.17 0.33 1.15, 1.83 0.33 2.26, 1.83 0.33 1.15, 1.67 0.33 2.26, 1.67 0.33 1.15, -2.33 -0.33 2.26, -2.33 -0.33 1.15, -2.17 -0.33 2.26, -2.17 -0.33 1.15, -1.67 -0.33 1.15, -1.67 -0.33 2.26, -1.83 -0.33 1.15, -1.83 -0.33 2.26, -1.17 -0.33 1.15, -1.17 -0.33 2.26, -1.33 -0.33 1.15, -1.33 -0.33 2.26, -0.67 -0.33 1.15, -0.67 -0.33 2.26, -0.83 -0.33 1.15, -0.83 -0.33 2.26, -0.17 -0.33 1.15, -0.17 -0.33 2.26, -0.33 -0.33 1.15, -0.33 -0.33 2.26, 0.33 -0.33 1.15, 0.33 -0.33 2.26, 0.17 -0.33 1.15, 0.17 -0.33 2.26, 0.83 -0.33 1.15, 0.83 -0.33 2.26, 0.67 -0.33 1.15, 0.67 -0.33 2.26, 1.33 -0.33 1.15, 1.33 -0.33 2.26, 1.17 -0.33 1.15, 1.17 -0.33 2.26, 1.83 -0.33 1.15, 1.83 -0.33 2.26, 1.67 -0.33 1.15, 1.67 -0.33 2.26, -2.222 -0.278 2.35, -2.278 -0.278 2.35, -1.722 -0.278 2.35, -1.778 -0.278 2.35, -1.222 -0.278 2.35, -1.278 -0.278 2.35, -0.722 -0.278 2.35, -0.778 -0.278 2.35, -0.222 -0.278 2.35, -0.278 -0.278 2.35, 0.278 -0.278 2.35, 0.222 -0.278 2.35, 0.778 -0.278 2.35, 0.722 -0.278 2.35, 1.278 -0.278 2.35, 1.222 -0.278 2.35, 1.778 -0.278 2.35, 1.722 -0.278 2.35, -2.222 -0.222 2.35, -2.278 -0.222 2.35, -1.722 -0.222 2.35, -1.778 -0.222 2.35, -1.222 -0.222 2.35, -1.278 -0.222 2.35, -0.722 -0.222 2.35, -0.778 -0.222 2.35, -0.222 -0.222 2.35, -0.278 -0.222 2.35, 0.278 -0.222 2.35, 0.222 -0.222 2.35, 0.778 -0.222 2.35, 0.722 -0.222 2.35, 1.278 -0.222 2.35, 1.222 -0.222 2.35, 1.778 -0.222 2.35, 1.722 -0.222 2.35, -2.17 -0.17 2.26, -2.33 -0.17 2.26, -1.67 -0.17 2.26, -1.83 -0.17 2.26, -1.17 -0.17 2.26, -1.33 -0.17 2.26, -0.67 -0.17 2.26, -0.83 -0.17 2.26, -0.17 -0.17 2.26, -0.33 -0.17 2.26, 0.33 -0.17 2.26, 0.17 -0.17 2.26, 0.83 -0.17 2.26, 0.67 -0.17 2.26, 1.33 -0.17 2.26, 1.17 -0.17 2.26, 1.83 -0.17 2.26, 1.67 -0.17 2.26, -2.33 -0.17 1.05, -2.17 -0.17 1.05, -1.67 -0.17 1.05, -1.83 -0.17 1.05, -1.17 -0.17 1.05, -1.33 -0.17 1.05, -0.67 -0.17 1.05, -0.83 -0.17 1.05, -0.17 -0.17 1.05, -0.33 -0.17 1.05, 0.33 -0.17 1.05, 0.17 -0.17 1.05, 0.83 -0.17 1.05, 0.67 -0.17 1.05, 1.33 -0.17 1.05, 1.17 -0.17 1.05, 1.83 -0.17 1.05, 1.67 -0.17 1.05, -2.33 0.17 2.26, -2.33 0.17 1.05, -2.17 0.17 2.26, -2.17 0.17 1.05, -1.67 0.17 1.05, -1.67 0.17 2.26, -1.83 0.17 1.05, -1.83 0.17 2.26, -1.17 0.17 1.05, -1.17 0.17 2.26, -1.33 0.17 1.05, -1.33 0.17 2.26, -0.67 0.17 1.05, -0.67 0.17 2.26, -0.83 0.17 1.05, -0.83 0.17 2.26, -0.17 0.17 1.05, -0.17 0.17 2.26, -0.33 0.17 1.05, -0.33 0.17 2.26, 0.33 0.17 1.05, 0.33 0.17 2.26, 0.17 0.17 1.05, 0.17 0.17 2.26, 0.83 0.17 1.05, 0.83 0.17 2.26, 0.67 0.17 1.05, 0.67 0.17 2.26, 1.33 0.17 1.05, 1.33 0.17 2.26, 1.17 0.17 1.05, 1.17 0.17 2.26, 1.83 0.17 1.05, 1.83 0.17 2.26, 1.67 0.17 1.05, 1.67 0.17 2.26, -2.222 0.222 2.35, -2.278 0.222 2.35, -1.722 0.222 2.35, -1.778 0.222 2.35, -1.222 0.222 2.35, -1.278 0.222 2.35, -0.722 0.222 2.35, -0.778 0.222 2.35, -0.222 0.222 2.35, -0.278 0.222 2.35, 0.278 0.222 2.35, 0.222 0.222 2.35, 0.778 0.222 2.35, 0.722 0.222 2.35, 1.278 0.222 2.35, 1.222 0.222 2.35, 1.778 0.222 2.35, 1.722 0.222 2.35, -2.222 0.278 2.35, -2.278 0.278 2.35, -1.722 0.278 2.35, -1.778 0.278 2.35, -1.222 0.278 2.35, -1.278 0.278 2.35, -0.722 0.278 2.35, -0.778 0.278 2.35, -0.222 0.278 2.35, -0.278 0.278 2.35, 0.278 0.278 2.35, 0.222 0.278 2.35, 0.778 0.278 2.35, 0.722 0.278 2.35, 1.278 0.278 2.35, 1.222 0.278 2.35, 1.778 0.278 2.35, 1.722 0.278 2.35, 2.33 0.33 2.26, 2.33 0.33 1.15, 2.17 0.33 2.26, 2.17 0.33 1.15, -2.33 0.0 0.66, -1.83 0.2627 1.05, -1.67 0.2627 1.05, -2.17 0.2627 1.05, 2.33 0.0 0.66, -1.33 0.2627 1.05, -0.67 0.2627 1.05, -0.33 0.2627 1.05, -0.83 0.2627 1.05, -1.17 0.2627 1.05, 0.33 0.2627 1.05, 0.67 0.2627 1.05, 0.17 0.2627 1.05, -0.17 0.2627 1.05, 1.33 0.2627 1.05, 1.67 0.2627 1.05, 1.17 0.2627 1.05, 0.83 0.2627 1.05, 2.17 0.2627 1.05, 1.83 0.2627 1.05, 2.33 -0.33 1.15, 2.17 -0.33 1.15, 2.17 -0.2627 1.05, 1.83 -0.2627 1.05, 1.67 -0.2627 1.05, 1.33 -0.2627 1.05, 1.17 -0.2627 1.05, 0.83 -0.2627 1.05, 0.67 -0.2627 1.05, 0.33 -0.2627 1.05, 0.17 -0.2627 1.05, -0.17 -0.2627 1.05, -1.17 -0.2627 1.05, -0.33 -0.2627 1.05, -0.67 -0.2627 1.05, -0.83 -0.2627 1.05, -1.33 -0.2627 1.05, -1.67 -0.2627 1.05, -1.83 -0.2627 1.05, -2.17 -0.2627 1.05, 2.33 -0.33 2.26, 2.17 -0.33 2.26, 2.278 -0.278 2.35, 2.222 -0.278 2.35, 2.278 -0.222 2.35, 2.222 -0.222 2.35, 2.33 -0.17 2.26, 2.17 -0.17 2.26, 2.33 -0.17 1.05, 2.17 -0.17 1.05, 2.17 0.17 1.05, 2.33 0.17 1.05, 2.33 0.17 2.26, 2.17 0.17 2.26, 2.278 0.222 2.35, 2.222 0.222 2.35, 2.278 0.278 2.35, 2.222 0.278 2.35
            ]
        }
        coordIndex [
            0,1,2,-1,2,1,3,-1,4,5,6,-1,6,5,7,-1,8,9,10,-1,10,9,11,-1,12,13,14,-1,14,13,15,-1,16,17,18,-1,18,17,19,-1,20,21,22,-1,22,21,23,-1,24,25,26,-1,26,25,27,-1,28,29,30,-1,30,29,31,-1,32,33,34,-1,34,33,35,-1,36,37,38,-1,38,37,39,-1,40,41,42,-1,42,41,43,-1,44,45,46,-1,46,45,47,-1,48,49,50,-1,50,49,51,-1,52,53,54,-1,54,53,55,-1,56,57,58,-1,58,57,59,-1,60,61,62,-1,62,61,63,-1,64,65,66,-1,66,65,67,-1,68,69,70,-1,70,69,71,-1,38,72,36,-1,36,72,73,-1,41,74,43,-1,43,74,75,-1,45,76,47,-1,47,76,77,-1,49,78,51,-1,51,78,79,-1,53,80,55,-1,55,80,81,-1,57,82,59,-1,59,82,83,-1,61,84,63,-1,63,84,85,-1,65,86,67,-1,67,86,87,-1,69,88,71,-1,71,88,89,-1,72,90,73,-1,73,90,91,-1,74,92,75,-1,75,92,93,-1,76,94,77,-1,77,94,95,-1,78,96,79,-1,79,96,97,-1,80,98,81,-1,81,98,99,-1,82,100,83,-1,83,100,101,-1,84,102,85,-1,85,102,103,-1,86,104,87,-1,87,104,105,-1,88,106,89,-1,89,106,107,-1,90,108,91,-1,91,108,109,-1,92,110,93,-1,93,110,111,-1,94,112,95,-1,95,112,113,-1,96,114,97,-1,97,114,115,-1,98,116,99,-1,99,116,117,-1,100,118,101,-1,101,118,119,-1,102,120,103,-1,103,120,121,-1,104,122,105,-1,105,122,123,-1,106,124,107,-1,107,124,125,-1,126,109,127,-1,127,109,108,-1,110,128,111,-1,111,128,129,-1,112,130,113,-1,113,130,131,-1,114,132,115,-1,115,132,133,-1,116,134,117,-1,117,134,135,-1,118,136,119,-1,119,136,137,-1,120,138,121,-1,121,138,139,-1,122,140,123,-1,123,140,141,-1,124,142,125,-1,125,142,143,-1,144,145,146,-1,146,145,147,-1,148,149,150,-1,150,149,151,-1,152,153,154,-1,154,153,155,-1,156,157,158,-1,158,157,159,-1,160,161,162,-1,162,161,163,-1,164,165,166,-1,166,165,167,-1,168,169,170,-1,170,169,171,-1,172,173,174,-1,174,173,175,-1,176,177,178,-1,178,177,179,-1,146,180,144,-1,144,180,181,-1,149,182,151,-1,151,182,183,-1,153,184,155,-1,155,184,185,-1,157,186,159,-1,159,186,187,-1,161,188,163,-1,163,188,189,-1,165,190,167,-1,167,190,191,-1,169,192,171,-1,171,192,193,-1,173,194,175,-1,175,194,195,-1,177,196,179,-1,179,196,197,-1,180,198,181,-1,181,198,199,-1,182,200,183,-1,183,200,201,-1,184,202,185,-1,185,202,203,-1,186,204,187,-1,187,204,205,-1,188,206,189,-1,189,206,207,-1,190,208,191,-1,191,208,209,-1,192,210,193,-1,193,210,211,-1,194,212,195,-1,195,212,213,-1,196,214,197,-1,197,214,215,-1,198,3,199,-1,199,3,1,-1,200,4,201,-1,201,4,6,-1,202,8,203,-1,203,8,10,-1,204,12,205,-1,205,12,14,-1,206,16,207,-1,207,16,18,-1,208,20,209,-1,209,20,22,-1,210,24,211,-1,211,24,26,-1,212,28,213,-1,213,28,30,-1,214,32,215,-1,215,32,34,-1,216,217,218,-1,218,217,219,-1,220,0,2,-1,7,5,221,-1,221,5,222,-1,2,223,220,-1,220,223,221,-1,220,221,224,-1,224,221,222,-1,224,222,225,-1,226,227,224,-1,228,15,13,-1,13,226,228,-1,228,226,224,-1,228,224,229,-1,229,224,225,-1,229,225,9,-1,9,225,11,-1,230,231,224,-1,232,23,21,-1,21,230,232,-1,232,230,224,-1,232,224,233,-1,233,224,227,-1,233,227,17,-1,17,227,19,-1,234,235,224,-1,236,31,29,-1,29,234,236,-1,236,234,224,-1,236,224,237,-1,237,224,231,-1,237,231,25,-1,25,231,27,-1,219,217,238,-1,238,217,224,-1,238,224,239,-1,239,224,235,-1,239,235,33,-1,33,235,35,-1,240,241,224,-1,224,241,242,-1,224,242,243,-1,68,70,243,-1,243,70,244,-1,243,244,224,-1,224,244,245,-1,64,66,245,-1,245,66,246,-1,245,246,224,-1,224,246,247,-1,60,62,247,-1,247,62,248,-1,247,248,224,-1,224,248,249,-1,56,58,249,-1,249,58,250,-1,249,250,224,-1,224,250,251,-1,252,44,46,-1,52,54,251,-1,251,54,253,-1,251,253,224,-1,224,253,254,-1,48,50,254,-1,254,50,255,-1,254,255,224,-1,224,255,252,-1,224,252,256,-1,256,252,46,-1,40,42,257,-1,257,42,258,-1,39,37,259,-1,259,37,220,-1,259,220,258,-1,258,220,224,-1,258,224,257,-1,257,224,256,-1,240,260,241,-1,241,260,261,-1,260,262,261,-1,261,262,263,-1,262,264,263,-1,263,264,265,-1,264,266,265,-1,265,266,267,-1,266,268,267,-1,267,268,269,-1,243,242,142,-1,142,242,269,-1,238,239,270,-1,270,239,176,-1,245,244,140,-1,140,244,143,-1,235,234,178,-1,178,234,172,-1,247,246,138,-1,138,246,141,-1,236,237,174,-1,174,237,168,-1,249,248,136,-1,136,248,139,-1,231,230,170,-1,170,230,164,-1,251,250,134,-1,134,250,137,-1,232,233,166,-1,166,233,160,-1,254,253,132,-1,132,253,135,-1,227,226,162,-1,162,226,156,-1,252,255,130,-1,130,255,133,-1,228,229,158,-1,158,229,152,-1,257,256,128,-1,128,256,131,-1,225,222,154,-1,154,222,148,-1,259,258,127,-1,127,258,129,-1,221,223,150,-1,150,223,147,-1,145,126,147,-1,147,126,127,-1,147,127,150,-1,150,127,129,-1,150,129,148,-1,148,129,128,-1,148,128,154,-1,154,128,131,-1,154,131,152,-1,152,131,130,-1,152,130,158,-1,158,130,133,-1,158,133,156,-1,156,133,132,-1,156,132,162,-1,162,132,135,-1,162,135,160,-1,160,135,134,-1,160,134,166,-1,166,134,137,-1,166,137,164,-1,164,137,136,-1,164,136,170,-1,170,136,139,-1,170,139,168,-1,168,139,138,-1,168,138,174,-1,174,138,141,-1,174,141,172,-1,172,141,140,-1,172,140,178,-1,178,140,143,-1,178,143,176,-1,176,143,142,-1,176,142,270,-1,270,142,269,-1,270,269,271,-1,271,269,268,-1,271,272,270,-1,270,272,273,-1,272,274,273,-1,273,274,275,-1,274,276,275,-1,275,276,277,-1,276,216,277,-1,277,216,218,-1,268,266,260,-1,216,272,217,-1,217,272,271,-1,217,271,224,-1,224,271,268,-1,224,268,240,-1,240,268,260,-1,145,144,1,-1,36,109,37,-1,37,109,126,-1,37,126,220,-1,220,126,145,-1,220,145,0,-1,0,145,1,-1,199,1,181,-1,181,1,144,-1,91,109,73,-1,73,109,36,-1,216,276,272,-1,272,276,274,-1,266,264,260,-1,260,264,262,-1,32,214,177,-1,177,214,196,-1,277,218,275,-1,275,218,273,-1,273,218,270,-1,270,218,219,-1,270,219,238,-1,32,177,33,-1,33,177,176,-1,33,176,239,-1,28,212,173,-1,173,212,194,-1,215,34,197,-1,197,34,179,-1,179,34,178,-1,178,34,35,-1,178,35,235,-1,28,173,29,-1,29,173,172,-1,29,172,234,-1,24,210,169,-1,169,210,192,-1,213,30,195,-1,195,30,175,-1,175,30,174,-1,174,30,31,-1,174,31,236,-1,24,169,25,-1,25,169,168,-1,25,168,237,-1,20,208,165,-1,165,208,190,-1,211,26,193,-1,193,26,171,-1,171,26,170,-1,170,26,27,-1,170,27,231,-1,20,165,21,-1,21,165,164,-1,21,164,230,-1,16,206,161,-1,161,206,188,-1,209,22,191,-1,191,22,167,-1,167,22,166,-1,166,22,23,-1,166,23,232,-1,16,161,17,-1,17,161,160,-1,17,160,233,-1,12,204,157,-1,157,204,186,-1,207,18,189,-1,189,18,163,-1,163,18,162,-1,162,18,19,-1,162,19,227,-1,12,157,13,-1,13,157,156,-1,13,156,226,-1,8,202,153,-1,153,202,184,-1,205,14,187,-1,187,14,159,-1,159,14,158,-1,158,14,15,-1,158,15,228,-1,8,153,9,-1,9,153,152,-1,9,152,229,-1,4,200,149,-1,149,200,182,-1,203,10,185,-1,185,10,155,-1,155,10,154,-1,154,10,11,-1,154,11,225,-1,4,149,5,-1,5,149,148,-1,5,148,222,-1,3,198,146,-1,146,198,180,-1,201,6,183,-1,183,6,151,-1,151,6,150,-1,150,6,7,-1,150,7,221,-1,3,146,2,-1,2,146,147,-1,2,147,223,-1,261,267,241,-1,241,267,269,-1,241,269,242,-1,124,69,142,-1,142,69,68,-1,142,68,243,-1,265,267,263,-1,263,267,261,-1,124,106,69,-1,69,106,88,-1,71,125,70,-1,70,125,143,-1,70,143,244,-1,122,65,140,-1,140,65,64,-1,140,64,245,-1,107,125,89,-1,89,125,71,-1,122,104,65,-1,65,104,86,-1,67,123,66,-1,66,123,141,-1,66,141,246,-1,120,61,138,-1,138,61,60,-1,138,60,247,-1,105,123,87,-1,87,123,67,-1,120,102,61,-1,61,102,84,-1,63,121,62,-1,62,121,139,-1,62,139,248,-1,118,57,136,-1,136,57,56,-1,136,56,249,-1,103,121,85,-1,85,121,63,-1,118,100,57,-1,57,100,82,-1,59,119,58,-1,58,119,137,-1,58,137,250,-1,116,53,134,-1,134,53,52,-1,134,52,251,-1,101,119,83,-1,83,119,59,-1,116,98,53,-1,53,98,80,-1,55,117,54,-1,54,117,135,-1,54,135,253,-1,114,49,132,-1,132,49,48,-1,132,48,254,-1,99,117,81,-1,81,117,55,-1,114,96,49,-1,49,96,78,-1,51,115,50,-1,50,115,133,-1,50,133,255,-1,112,45,130,-1,130,45,44,-1,130,44,252,-1,97,115,79,-1,79,115,51,-1,112,94,45,-1,45,94,76,-1,47,113,46,-1,46,113,131,-1,46,131,256,-1,110,41,128,-1,128,41,40,-1,128,40,257,-1,95,113,77,-1,77,113,47,-1,110,92,41,-1,41,92,74,-1,108,38,127,-1,127,38,39,-1,127,39,259,-1,43,111,42,-1,42,111,129,-1,42,129,258,-1,108,90,38,-1,38,90,72,-1,93,111,75,-1,75,111,43,-1,
        ]
    }
}
Shape{
    appearance Appearance {
        material  Material 	{
            diffuseColor 0.054901960784313725 0.054901960784313725 0.054901960784313725
            specularColor 0.047058823529411764 0.047058823529411764 0.047058823529411764
            ambientIntensity 0.0549
            transparency 0.0
            shininess 0.5
        }
    }
    geometry IndexedFaceSet {
        ccw TRUE
        solid FALSE
        coord DEF co Coordinate {
            point [
                2.3514 -0.575 0.6359, 2.3514 -0.575 0.7583, 2.1162 -0.575 0.7583, 2.5 -0.575 0.8438, 2.5 -0.575 0.905, 2.3514 -0.575 0.905, 2.5 -0.575 0.405, 2.5 -0.575 0.4781, 2.3514 -0.575 0.4781, 1.7984 -0.575 0.7575, 1.8053 -0.575 0.7583, 1.7682 -0.575 0.7583, 1.869 -0.575 0.5152, 1.8679 -0.575 0.5151, 1.8899 -0.575 0.5151, 1.8492 -0.575 0.5156, 1.8473 -0.575 0.5163, 1.8473 -0.575 0.5151, 1.5061 -0.575 0.7665, 1.5179 -0.575 0.7583, 1.6727 -0.575 0.7583, 1.5328 -0.575 0.7481, 1.5553 -0.575 0.7219, 1.6291 -0.575 0.6359, 1.6727 -0.575 0.6359, 1.6233 -0.575 0.6506, 1.6097 -0.575 0.6694, 1.5917 -0.575 0.6847, 1.5687 -0.575 0.6956, 1.5719 -0.575 0.6945, 1.4425 -0.575 0.7826, 1.473 -0.575 0.779, 1.6727 -0.575 0.8438, 1.4116 -0.575 0.779, -2.5 -0.575 0.8438, 1.3809 -0.575 0.7677, 1.3655 -0.575 0.7583, -2.5 -0.575 0.7583, 1.3628 -0.575 0.7567, -2.5 -0.575 0.6359, 1.2124 -0.575 0.6359, 1.2153 -0.575 0.6525, 1.2259 -0.575 0.6765, 1.2419 -0.575 0.6969, 1.2921 -0.575 0.7256, 1.3183 -0.575 0.7288, 1.3472 -0.575 0.7433, 1.3259 -0.575 0.7284, 1.3336 -0.575 0.7275, 1.2464 -0.575 0.7012, 1.2675 -0.575 0.716, 1.2833 -0.575 0.5194, 1.2593 -0.575 0.5311, -2.5 -0.575 0.5151, 1.2386 -0.575 0.5488, 1.2234 -0.575 0.5705, 1.2139 -0.575 0.5952, 1.2107 -0.575 0.6212, 1.2109 -0.575 0.6276, 1.2917 -0.575 0.5169, 1.2926 -0.575 0.5151, 1.2984 -0.575 0.5027, 1.3083 -0.575 0.4905, 1.3709 -0.575 0.4737, 1.3548 -0.575 0.4718, 1.6727 -0.575 0.405, 1.3523 -0.575 0.4718, -2.5 -0.575 0.405, 1.3366 -0.575 0.4743, -2.5 -0.575 0.4781, 1.3274 -0.575 0.4781, 1.3213 -0.575 0.4807, 1.4171 -0.575 0.5151, 1.417 -0.575 0.5149, 1.6727 -0.575 0.4781, 1.4091 -0.575 0.5001, 1.3989 -0.575 0.4886, 1.3857 -0.575 0.4794, 1.3823 -0.575 0.4781, 1.5019 -0.575 0.5543, 1.5064 -0.575 0.5561, 1.5142 -0.575 0.594, 1.4046 -0.575 0.5827, 1.4936 -0.575 0.6292, 1.393 -0.575 0.5933, 1.3789 -0.575 0.6008, 1.4978 -0.575 0.5514, 1.623 -0.575 0.5639, 1.6099 -0.575 0.5455, 1.6727 -0.575 0.5151, 1.5929 -0.575 0.6138, 1.5898 -0.575 0.6265, 1.5847 -0.575 0.6359, 1.2542 -0.575 0.6359, 1.6314 -0.575 0.6303, 1.6344 -0.575 0.6086, 1.6314 -0.575 0.5849, 1.5116 -0.575 0.5568, 1.5122 -0.575 0.5567, 1.5142 -0.575 0.5563, 1.2581 -0.575 0.596, 1.266 -0.575 0.5826, 1.2997 -0.575 0.5757, 1.2779 -0.575 0.5703, 1.2924 -0.575 0.5614, 1.3243 -0.575 0.5977, 1.3107 -0.575 0.5883, 1.2525 -0.575 0.6225, 1.2533 -0.575 0.6123, 1.339 -0.575 0.6033, 1.3548 -0.575 0.6053, 1.3629 -0.575 0.6048, 1.5918 -0.575 0.5302, 1.5715 -0.575 0.5203, 1.5494 -0.575 0.5156, 1.491 -0.575 0.5362, 1.4911 -0.575 0.5388, 1.4212 -0.575 0.5448, 1.4925 -0.575 0.5439, 1.495 -0.575 0.5484, 1.5798 -0.575 0.5728, 1.5871 -0.575 0.5831, 1.5917 -0.575 0.595, 1.5933 -0.575 0.6079, 1.5102 -0.575 0.5156, 1.5065 -0.575 0.5162, 1.5021 -0.575 0.5179, 1.4978 -0.575 0.521, 1.4962 -0.575 0.5226, 1.4934 -0.575 0.5267, 1.4916 -0.575 0.5312, 1.4209 -0.575 0.5313, 1.4212 -0.575 0.5382, 1.5155 -0.575 0.5561, 1.5454 -0.575 0.5561, 1.5574 -0.575 0.5584, 1.5691 -0.575 0.5638, 1.5789 -0.575 0.5719, 1.5218 -0.575 0.6996, 1.5068 -0.575 0.7175, 1.3542 -0.575 0.679, 1.5052 -0.575 0.719, 1.4865 -0.575 0.732, 1.3643 -0.575 0.7, 1.3494 -0.575 0.6816, 1.3345 -0.575 0.687, 1.5836 -0.575 0.638, 1.576 -0.575 0.6465, 1.5415 -0.575 0.6597, 1.5657 -0.575 0.6537, 1.5541 -0.575 0.6582, 1.5361 -0.575 0.6597, 1.5321 -0.575 0.6782, 1.2956 -0.575 0.6847, 1.2808 -0.575 0.6768, 1.312 -0.575 0.6886, 1.2694 -0.575 0.6667, 1.2602 -0.575 0.6534, 1.3792 -0.575 0.7178, 1.4657 -0.575 0.74, 1.397 -0.575 0.7308, 1.4432 -0.575 0.7427, 1.4187 -0.575 0.7396, 1.319 -0.575 0.6889, 1.2545 -0.575 0.6386, 2.0199 -0.575 0.5266, 2.0199 -0.575 0.5159, 2.0287 -0.575 0.5151, 1.9992 -0.575 0.5151, 2.0151 -0.575 0.5687, 2.0151 -0.575 0.558, 1.9992 -0.575 0.5266, 1.9992 -0.575 0.558, 1.9817 -0.575 0.558, 1.9817 -0.575 0.5266, 2.0178 -0.575 0.5986, 1.9992 -0.575 0.5986, 1.9992 -0.575 0.5687, 1.9817 -0.575 0.5986, 1.9817 -0.575 0.5687, 1.9992 -0.575 0.5159, 1.9696 -0.575 0.5159, 1.9304 -0.575 0.5151, 1.957 -0.575 0.5826, 1.9235 -0.575 0.5325, 1.9249 -0.575 0.527, 1.9253 -0.575 0.527, 1.9117 -0.575 0.6359, 1.9696 -0.575 0.6093, 1.9992 -0.575 0.6359, 1.9992 -0.575 0.6093, 2.0287 -0.575 0.6359, 2.0178 -0.575 0.6093, 1.9258 -0.575 0.5293, 1.9267 -0.575 0.5324, 1.9117 -0.575 0.5664, 1.9449 -0.575 0.5826, 1.8418 -0.575 0.5303, 1.83 -0.575 0.6359, 1.83 -0.575 0.5151, 1.8418 -0.575 0.5183, 1.8463 -0.575 0.5276, 1.8473 -0.575 0.5272, 1.8473 -0.575 0.552, 1.8452 -0.575 0.5541, 1.8437 -0.575 0.5565, 1.8424 -0.575 0.5601, 1.8419 -0.575 0.5646, 1.8424 -0.575 0.5688, 1.8471 -0.575 0.5521, 1.8473 -0.575 0.4781, 1.8599 -0.575 0.5144, 1.8531 -0.575 0.5151, 1.8837 -0.575 0.5812, 1.8837 -0.575 0.5698, 1.8494 -0.575 0.5789, 1.853 -0.575 0.581, 1.8473 -0.575 0.6359, 1.8863 -0.575 0.5294, 1.8849 -0.575 0.5257, 1.8827 -0.575 0.5226, 1.8438 -0.575 0.5726, 1.8459 -0.575 0.5758, 1.8473 -0.575 0.5769, 1.8595 -0.575 0.5833, 1.8679 -0.575 0.5842, 1.8899 -0.575 0.6359, 1.8759 -0.575 0.5835, 1.883 -0.575 0.5451, 1.8852 -0.575 0.5419, 1.8864 -0.575 0.5384, 1.8869 -0.575 0.5341, 1.8794 -0.575 0.5197, 1.8755 -0.575 0.5174, 1.8667 -0.575 0.5747, 1.8633 -0.575 0.5744, 1.854 -0.575 0.5657, 1.8602 -0.575 0.5736, 1.8575 -0.575 0.5722, 1.8541 -0.575 0.5641, 1.8545 -0.575 0.5623, 1.8554 -0.575 0.5607, 1.8565 -0.575 0.5595, 1.8607 -0.575 0.5569, 1.8744 -0.575 0.5738, 1.8679 -0.575 0.5538, 1.881 -0.575 0.5714, 1.8724 -0.575 0.5519, 1.8802 -0.575 0.5476, 1.8558 -0.575 0.5706, 1.8548 -0.575 0.5691, 1.8542 -0.575 0.5676, 1.8537 -0.575 0.5248, 1.8596 -0.575 0.5452, 1.8527 -0.575 0.5484, 1.8611 -0.575 0.5239, 1.8616 -0.575 0.5239, 1.8673 -0.575 0.542, 1.8676 -0.575 0.5246, 1.8749 -0.575 0.5329, 1.8748 -0.575 0.5344, 1.8706 -0.575 0.5257, 1.8717 -0.575 0.5263, 1.873 -0.575 0.5275, 1.8741 -0.575 0.529, 1.8746 -0.575 0.5307, 1.8742 -0.575 0.5362, 1.8733 -0.575 0.5378, 1.8719 -0.575 0.5393, 2.063 -0.575 0.6897, 2.0287 -0.575 0.6897, 2.0725 -0.575 0.6641, 2.0858 -0.575 0.6641, 2.1162 -0.575 0.6359, 2.0503 -0.575 0.7575, 2.0018 -0.575 0.6641, 2.0151 -0.575 0.6641, 2.0241 -0.575 0.6897, 1.9008 -0.575 0.7468, 1.9117 -0.575 0.7583, 1.9008 -0.575 0.7575, 1.8899 -0.575 0.7583, 1.8899 -0.575 0.7575, 1.8981 -0.575 0.7169, 1.8981 -0.575 0.7062, 1.9029 -0.575 0.6748, 1.8899 -0.575 0.6748, 1.8899 -0.575 0.7062, 1.8647 -0.575 0.7062, 1.8647 -0.575 0.6748, 1.8899 -0.575 0.7468, 1.8899 -0.575 0.7169, 1.8647 -0.575 0.7468, 1.8647 -0.575 0.7169, 1.8527 -0.575 0.6641, 1.8899 -0.575 0.6641, 1.9029 -0.575 0.6641, 1.8527 -0.575 0.7575, 1.8473 -0.575 0.7583, 1.83 -0.575 0.6664, 1.8324 -0.575 0.6672, 1.834 -0.575 0.668, 1.834 -0.575 0.6795, 1.8119 -0.575 0.7482, 1.8078 -0.575 0.748, 1.83 -0.575 0.6778, 1.8234 -0.575 0.7468, 1.834 -0.575 0.7427, 1.8329 -0.575 0.7432, 1.83 -0.575 0.7444, 1.7997 -0.575 0.7464, 1.7924 -0.575 0.7428, 1.7865 -0.575 0.7379, 1.7858 -0.575 0.7371, 1.7813 -0.575 0.7306, 1.7782 -0.575 0.7226, 1.7767 -0.575 0.7098, 1.7768 -0.575 0.7058, 1.8247 -0.575 0.6754, 1.8142 -0.575 0.6734, 1.8098 -0.575 0.6733, 1.7784 -0.575 0.6966, 1.7815 -0.575 0.6891, 1.7858 -0.575 0.6831, 1.7883 -0.575 0.6807, 1.8015 -0.575 0.6742, 1.7946 -0.575 0.6766, 1.8219 -0.575 0.7583, 1.8241 -0.575 0.7581, 1.83 -0.575 0.7583, 1.83 -0.575 0.7564, 1.834 -0.575 0.7553, 1.7707 -0.575 0.7365, 1.7775 -0.575 0.7454, 1.7798 -0.575 0.7476, 1.7886 -0.575 0.7537, 1.7696 -0.575 0.6841, 1.7682 -0.575 0.6879, 1.7682 -0.575 0.6359, 1.7626 -0.575 0.6359, 1.7682 -0.575 0.5151, 1.7626 -0.575 0.7583, 1.7663 -0.575 0.7261, 1.7682 -0.575 0.7306, 1.7658 -0.575 0.6939, 1.764 -0.575 0.7091, 1.7642 -0.575 0.7139, 1.791 -0.575 0.6653, 1.7824 -0.575 0.6698, 1.8223 -0.575 0.6639, 1.8081 -0.575 0.6625, 1.8009 -0.575 0.663, 1.776 -0.575 0.6753, 1.7752 -0.575 0.6762, 1.7772 -0.575 0.5478, 1.7789 -0.575 0.5666, 1.7748 -0.575 0.5445, 1.7732 -0.575 0.5404, 1.8084 -0.575 0.5194, 1.8043 -0.575 0.5167, 1.8143 -0.575 0.5159, 1.7999 -0.575 0.5151, 1.7744 -0.575 0.5245, 1.773 -0.575 0.5285, 1.7821 -0.575 0.5169, 1.7865 -0.575 0.5152, 1.7868 -0.575 0.5151, 1.809 -0.575 0.5835, 1.8139 -0.575 0.582, 1.7808 -0.575 0.5509, 1.7859 -0.575 0.5535, 1.786 -0.575 0.5712, 1.7945 -0.575 0.5556, 1.8047 -0.575 0.5743, 1.8008 -0.575 0.5747, 1.7933 -0.575 0.5738, 1.7781 -0.575 0.5196, 1.7768 -0.575 0.5209, 1.8178 -0.575 0.5798, 1.8209 -0.575 0.5768, 1.8233 -0.575 0.573, 1.8143 -0.575 0.5262, 1.814 -0.575 0.5262, 1.8121 -0.575 0.5234, 1.7789 -0.575 0.578, 1.7813 -0.575 0.5794, 1.7901 -0.575 0.5827, 1.8019 -0.575 0.5842, 1.7724 -0.575 0.5338, 1.7724 -0.575 0.5354, 1.8143 -0.575 0.5583, 1.8139 -0.575 0.5635, 1.8127 -0.575 0.5677, 1.8113 -0.575 0.5701, 1.8251 -0.575 0.5677, 1.826 -0.575 0.5589, 1.826 -0.575 0.5159, 1.8095 -0.575 0.572, 1.8074 -0.575 0.5733, 1.7935 -0.575 0.5144, 1.7682 -0.575 0.4781, 1.7996 -0.575 0.515, 1.83 -0.575 0.4781, 1.9117 -0.575 0.5151, 1.9117 -0.575 0.535, 1.893 -0.575 0.5826, 1.9061 -0.575 0.5826, 1.9192 -0.575 0.5161, 1.9188 -0.575 0.5151, 1.914 -0.575 0.5039, 1.8899 -0.575 0.4781, 1.8954 -0.575 0.4855, 1.8954 -0.575 0.4959, 1.9095 -0.575 0.4973, 1.9117 -0.575 0.4997, 1.9117 -0.575 0.4997, 1.8978 -0.575 0.4951, 1.902 -0.575 0.4945, 1.9117 -0.575 0.4866, 1.9077 -0.575 0.485, 1.9117 -0.575 0.4781, 1.9029 -0.575 0.4845, 1.9004 -0.575 0.4846, 1.9049 -0.575 0.4949, 1.9075 -0.575 0.4958, 1.9268 -0.575 0.5058, 1.9215 -0.575 0.4955, 1.9992 -0.575 0.4781, 1.9172 -0.575 0.4904, 1.9164 -0.575 0.4897, 1.9123 -0.575 0.4868, 2.5 -0.575 0.7583, 2.5 -0.575 0.6359, 2.5 -0.575 0.5151, 2.3514 -0.575 0.5151, 2.1321 -0.575 0.5159, 2.1188 -0.575 0.5159, 2.1162 -0.575 0.5151, 2.1895 -0.575 0.5159, 2.18 -0.575 0.5415, 2.1411 -0.575 0.5415, 2.1543 -0.575 0.6093, 2.1672 -0.575 0.6093, 2.2028 -0.575 0.5159, 2.0287 -0.575 0.7583, 2.0374 -0.575 0.7575, 2.0287 -0.575 0.7348, 2.0632 -0.575 0.5159, 2.0375 -0.575 0.5159, 2.111 -0.575 0.5469, 2.1064 -0.575 0.5373, 2.0995 -0.575 0.529, 2.0897 -0.575 0.522, 2.079 -0.575 0.5178, 2.0375 -0.575 0.6093, 2.0642 -0.575 0.6093, 2.0784 -0.575 0.6078, 2.0897 -0.575 0.6036, 2.0995 -0.575 0.597, 2.1028 -0.575 0.5937, 2.1086 -0.575 0.5856, 2.112 -0.575 0.5767, 2.1136 -0.575 0.5638, 2.1133 -0.575 0.5579, 2.0287 -0.575 0.4781, 2.1162 -0.575 0.4781, 1.9205 -0.575 0.6641, 1.9963 -0.575 0.7061, 1.9941 -0.575 0.6951, 1.9895 -0.575 0.6855, 1.9825 -0.575 0.6772, 1.9916 -0.575 0.7338, 1.9951 -0.575 0.7248, 1.9992 -0.575 0.7583, 1.9966 -0.575 0.712, 1.9727 -0.575 0.6702, 1.9621 -0.575 0.666, 1.9462 -0.575 0.6641, 1.9205 -0.575 0.7575, 1.9472 -0.575 0.7575, 1.9615 -0.575 0.756, 1.9727 -0.575 0.7518, 1.9825 -0.575 0.7452, 1.9858 -0.575 0.7419, 1.83 -0.575 0.8438, 1.8473 -0.575 0.8438, 1.8899 -0.575 0.8438, 1.9117 -0.575 0.8438, 1.9992 -0.575 0.8438, 2.0287 -0.575 0.8438, 2.1162 -0.575 0.8438, 2.3514 -0.575 0.8438, 2.3514 -0.575 0.405, 2.1162 -0.575 0.405, 2.0287 -0.575 0.405, 1.9992 -0.575 0.405, 1.9117 -0.575 0.405, 1.8899 -0.575 0.405, 1.8473 -0.575 0.405, 1.83 -0.575 0.405, 1.7682 -0.575 0.405, 1.7626 -0.575 0.4781, 1.7626 -0.575 0.405, 1.7612 -0.575 0.5266, 1.7612 -0.575 0.5159, 1.7626 -0.575 0.5151, 1.7109 -0.575 0.5159, 1.7591 -0.575 0.5986, 1.7109 -0.575 0.6093, 1.7591 -0.575 0.6093, 1.723 -0.575 0.558, 1.723 -0.575 0.5266, 1.7564 -0.575 0.558, 1.7564 -0.575 0.5687, 1.723 -0.575 0.5687, 1.723 -0.575 0.5986, 1.723 -0.575 0.7575, 1.723 -0.575 0.6748, 1.7602 -0.575 0.6748, 1.7109 -0.575 0.6641, 1.7109 -0.575 0.7575, 1.7602 -0.575 0.6641, 1.7626 -0.575 0.8438, 1.7682 -0.575 0.8438, 1.8118 -0.575 0.7591, 2.1162 -0.575 0.905, 2.0287 -0.575 0.905, 1.9992 -0.575 0.905, 1.9117 -0.575 0.905, 1.8899 -0.575 0.905, 1.8473 -0.575 0.905, 1.83 -0.575 0.905, 1.7682 -0.575 0.905, 1.7626 -0.575 0.905, 1.6727 -0.575 0.905, -2.5 -0.575 0.905, 2.17 0.165 0.26, 2.17 0.165 0.16, 2.17 0.17 0.26, 2.17 0.17 0.16, 2.33 0.165 0.16, 2.33 0.165 0.26, 2.33 0.17 0.16, 2.33 0.17 0.26, 1.67 0.165 0.26, 1.67 0.165 0.16, 1.67 0.17 0.26, 1.67 0.17 0.16, 1.83 0.165 0.16, 1.83 0.165 0.26, 1.83 0.17 0.16, 1.83 0.17 0.26, 1.17 0.165 0.26, 1.17 0.165 0.16, 1.17 0.17 0.26, 1.17 0.17 0.16, 1.33 0.165 0.16, 1.33 0.165 0.26, 1.33 0.17 0.16, 1.33 0.17 0.26, -1.33 0.165 0.26, -1.33 0.165 0.16, -1.33 0.17 0.26, -1.33 0.17 0.16, -1.17 0.165 0.16, -1.17 0.165 0.26, -1.17 0.17 0.16, -1.17 0.17 0.26, -1.83 0.165 0.26, -1.83 0.165 0.16, -1.83 0.17 0.26, -1.83 0.17 0.16, -1.67 0.165 0.16, -1.67 0.165 0.26, -1.67 0.17 0.16, -1.67 0.17 0.26, -2.33 0.165 0.26, -2.33 0.165 0.16, -2.33 0.17 0.26, -2.33 0.17 0.16, -2.17 0.165 0.16, -2.17 0.165 0.26, -2.17 0.17 0.16, -2.17 0.17 0.26, 0.83 1.0 0.16, 1.0 1.0 0.16, 0.83 0.17 0.16, 1.0 0.675 0.16, 0.33 0.17 0.16, 0.33 1.0 0.16, 0.67 1.0 0.16, -0.67 -1.0 0.16, -0.67 -0.17 0.16, -0.33 -1.0 0.16, -0.33 -0.17 0.16, 0.67 -0.17 0.16, 0.67 -1.0 0.16, 0.33 -1.0 0.16, 1.0 -0.675 0.16, 1.0 -1.0 0.16, 0.83 -1.0 0.16, 2.33 0.675 0.16, 2.5 0.675 0.16, -2.17 -0.17 0.16, -2.33 -0.17 0.16, -2.33 0.675 0.16, -2.5 0.675 0.16, -2.5 -0.675 0.16, -2.33 -0.675 0.16, -1.17 -0.17 0.16, -0.83 0.17 0.16, -0.83 -0.17 0.16, -0.67 0.17 0.16, 1.83 -0.17 0.16, -1.17 -0.675 0.16, -1.0 -0.675 0.16, -1.0 -1.0 0.16, -0.83 -1.0 0.16, -1.83 -0.675 0.16, -2.17 -0.675 0.16, -1.83 -0.17 0.16, -0.17 -1.0 0.16, -0.17 -0.17 0.16, 0.17 -1.0 0.16, 0.17 -0.17 0.16, -0.67 1.0 0.16, -0.33 1.0 0.16, -0.33 0.17 0.16, 2.17 -0.17 0.16, 2.17 -0.675 0.16, 1.83 -0.675 0.16, -2.17 0.675 0.16, -1.83 0.675 0.16, 0.33 -0.17 0.16, -0.17 0.17 0.16, 0.83 -0.17 0.16, -1.33 -0.17 0.16, -1.33 -0.675 0.16, -1.67 -0.675 0.16, -1.67 -0.17 0.16, -1.0 1.0 0.16, -0.83 1.0 0.16, -1.0 0.675 0.16, -1.67 0.675 0.16, -1.33 0.675 0.16, 2.5 -0.675 0.16, 2.33 -0.675 0.16, 2.33 -0.17 0.16, 1.67 -0.17 0.16, 1.67 -0.675 0.16, 1.33 -0.675 0.16, 1.33 -0.17 0.16, -1.17 0.675 0.16, 1.83 0.675 0.16, 2.17 0.675 0.16, 0.67 0.17 0.16, 1.17 -0.17 0.16, 1.17 -0.675 0.16, 1.33 0.675 0.16, 1.67 0.675 0.16, 0.17 0.17 0.16, 0.17 1.0 0.16, -0.17 1.0 0.16, 1.17 0.675 0.16, -0.425 -1.0 1.15, -1.0 -1.0 2.41, -0.425 -1.0 2.21, -0.525 -1.0 2.41, 0.0 -1.0 1.15, 0.425 -1.0 1.15, 0.425 -1.0 2.21, 1.0 -1.0 2.41, 0.525 -1.0 2.41, -0.425 -0.675 1.15, -1.0 -0.675 1.15, -0.425 -0.675 2.21, -1.0 -0.675 2.41, -0.525 -0.675 2.41, 0.425 -0.675 1.15, 0.425 -0.675 2.21, 0.5 -0.675 1.15, 0.525 -0.675 2.41, 1.0 -0.675 1.15, 1.0 -0.675 2.41, -2.5 -0.675 0.405, -1.0 -0.675 0.405, -2.415 -0.675 1.15, -2.5 -0.675 1.15, -2.5 -0.675 0.905, -1.0 -0.675 0.905, -1.5 -0.675 1.15, -2.0 -0.675 1.15, -1.0 0.675 0.405, -2.5 0.675 0.405, -2.5 0.675 1.15, -2.415 0.675 1.15, -2.5 0.675 0.905, -2.0 0.675 1.15, -1.0 0.675 0.905, -1.5 0.675 1.15, -1.0 0.675 1.15, 0.67 0.325 1.15, 0.67 0.165 1.15, 0.67 0.325 0.4819, 0.67 0.165 0.6356, 0.83 0.325 1.15, 0.83 0.325 0.4819, 0.83 0.165 1.15, 0.83 0.165 0.6356, 0.67 -0.175 1.15, 0.67 -0.335 1.15, 0.67 -0.175 0.626, 0.67 -0.335 0.4723, 0.83 -0.175 1.15, 0.83 -0.175 0.626, 0.83 -0.335 1.15, 0.83 -0.335 0.4723, 0.17 0.325 1.15, 0.17 0.165 1.15, 0.17 0.325 0.4819, 0.17 0.165 0.6356, 0.33 0.325 1.15, 0.33 0.325 0.4819, 0.33 0.165 1.15, 0.33 0.165 0.6356, 0.17 -0.175 1.15, 0.17 -0.335 1.15, 0.17 -0.175 0.626, 0.17 -0.335 0.4723, 0.33 -0.175 1.15, 0.33 -0.175 0.626, 0.33 -0.335 1.15, 0.33 -0.335 0.4723, -0.33 0.325 1.15, -0.33 0.165 1.15, -0.33 0.325 0.4819, -0.33 0.165 0.6356, -0.17 0.325 1.15, -0.17 0.325 0.4819, -0.17 0.165 1.15, -0.17 0.165 0.6356, -0.33 -0.175 1.15, -0.33 -0.335 1.15, -0.33 -0.175 0.626, -0.33 -0.335 0.4723, -0.17 -0.175 1.15, -0.17 -0.175 0.626, -0.17 -0.335 1.15, -0.17 -0.335 0.4723, -0.83 0.325 1.15, -0.83 0.165 1.15, -0.83 0.325 0.4819, -0.83 0.165 0.6356, -0.67 0.325 1.15, -0.67 0.325 0.4819, -0.67 0.165 1.15, -0.67 0.165 0.6356, -0.83 -0.175 1.15, -0.83 -0.335 1.15, -0.83 -0.175 0.626, -0.83 -0.335 0.4723, -0.67 -0.175 1.15, -0.67 -0.175 0.626, -0.67 -0.335 1.15, -0.67 -0.335 0.4723, 2.5 0.675 0.405, 1.0 0.675 0.405, 1.0 -0.675 0.405, 2.5 -0.675 0.405, -2.5 0.575 0.405, -2.5 -0.005 1.15, -2.5 0.575 0.905, -2.5 -0.6675 1.15, 2.5 -0.675 0.905, 2.5 -0.675 1.15, 2.0 -0.675 1.15, 1.0 -0.675 0.905, 1.5 -0.675 1.15, 2.5 0.575 0.405, 2.5 0.675 0.905, 2.5 0.675 1.15, 2.5 0.575 0.905, 2.5 -0.005 1.15, 2.5 -0.6675 1.15, 2.17 0.325 1.15, 2.17 0.165 1.15, 2.17 0.325 0.4819, 2.17 0.165 0.6356, 2.33 0.325 1.15, 2.33 0.325 0.4819, 2.33 0.165 1.15, 2.33 0.165 0.6356, 2.17 -0.175 1.15, 2.17 -0.335 1.15, 2.17 -0.175 0.626, 2.17 -0.335 0.4723, 2.33 -0.175 1.15, 2.33 -0.175 0.626, 2.33 -0.335 1.15, 2.33 -0.335 0.4723, 1.67 0.325 1.15, 1.67 0.165 1.15, 1.67 0.325 0.4819, 1.67 0.165 0.6356, 1.83 0.325 1.15, 1.83 0.325 0.4819, 1.83 0.165 1.15, 1.83 0.165 0.6356, 1.67 -0.175 1.15, 1.67 -0.335 1.15, 1.67 -0.175 0.626, 1.67 -0.335 0.4723, 1.83 -0.175 1.15, 1.83 -0.175 0.626, 1.83 -0.335 1.15, 1.83 -0.335 0.4723, 1.17 0.325 1.15, 1.17 0.165 1.15, 1.17 0.325 0.4819, 1.17 0.165 0.6356, 1.33 0.325 1.15, 1.33 0.325 0.4819, 1.33 0.165 1.15, 1.33 0.165 0.6356, 1.17 -0.175 1.15, 1.17 -0.335 1.15, 1.17 -0.175 0.626, 1.17 -0.335 0.4723, 1.33 -0.175 1.15, 1.33 -0.175 0.626, 1.33 -0.335 1.15, 1.33 -0.335 0.4723, -1.33 0.325 1.15, -1.33 0.165 1.15, -1.33 0.325 0.4819, -1.33 0.165 0.6356, -1.17 0.325 1.15, -1.17 0.325 0.4819, -1.17 0.165 1.15, -1.17 0.165 0.6356, -1.33 -0.175 1.15, -1.33 -0.335 1.15, -1.33 -0.175 0.626, -1.33 -0.335 0.4723, -1.17 -0.175 1.15, -1.17 -0.175 0.626, -1.17 -0.335 1.15, -1.17 -0.335 0.4723, -1.83 0.325 1.15, -1.83 0.165 1.15, -1.83 0.325 0.4819, -1.83 0.165 0.6356, -1.67 0.325 1.15, -1.67 0.325 0.4819, -1.67 0.165 1.15, -1.67 0.165 0.6356, -1.83 -0.175 1.15, -1.83 -0.335 1.15, -1.83 -0.175 0.626, -1.83 -0.335 0.4723, -1.67 -0.175 1.15, -1.67 -0.175 0.626, -1.67 -0.335 1.15, -1.67 -0.335 0.4723, -2.33 0.325 1.15, -2.33 0.165 1.15, -2.33 0.325 0.4819, -2.33 0.165 0.6356, -2.17 0.325 1.15, -2.17 0.325 0.4819, -2.17 0.165 1.15, -2.17 0.165 0.6356, -2.33 -0.175 1.15, -2.33 -0.335 1.15, -2.33 -0.175 0.626, -2.33 -0.335 0.4723, -2.17 -0.175 1.15, -2.17 -0.175 0.626, -2.17 -0.335 1.15, -2.17 -0.335 0.4723, 1.0 0.675 0.905, 1.0 0.675 1.15, 1.5 0.675 1.15, 2.0 0.675 1.15, 0.5 -0.6675 1.15, 1.0 -0.6675 1.15, 1.5 -0.6675 1.15, 2.0 -0.6675 1.15, 0.0 -0.6675 1.15, -1.0 -0.6675 1.15, -1.5 -0.6675 1.15, -2.0 -0.6675 1.15, -2.415 -0.6675 1.15, 2.0 -0.005 1.15, 1.5 -0.005 1.15, 1.0 -0.005 1.15, 0.5 0.675 1.15, 0.5 -0.005 1.15, 0.0 -0.005 1.15, 0.0 0.675 1.15, -1.0 -0.005 1.15, -1.5 -0.005 1.15, -2.0 -0.005 1.15, -2.415 -0.005 1.15, -1.0 0.675 2.41, -1.0 1.0 2.41, 1.0 1.0 2.41, 1.0 0.675 2.41
            ]
        }
        coordIndex [
            0,1,2,-1,3,4,5,-1,6,7,8,-1,9,10,11,-1,12,13,14,-1,15,16,17,-1,18,19,20,-1,20,19,21,-1,20,21,22,-1,23,24,25,-1,25,24,20,-1,25,20,26,-1,26,20,27,-1,22,28,20,-1,20,28,29,-1,20,29,27,-1,30,31,32,-1,32,31,18,-1,30,32,33,-1,33,32,34,-1,33,34,35,-1,35,34,36,-1,36,34,37,-1,36,37,38,-1,37,39,40,-1,40,41,37,-1,37,41,42,-1,37,42,43,-1,37,44,38,-1,38,44,45,-1,38,45,46,-1,46,45,47,-1,46,47,48,-1,43,49,37,-1,37,49,50,-1,37,50,44,-1,51,52,53,-1,53,52,54,-1,53,54,55,-1,55,56,53,-1,53,56,57,-1,53,57,39,-1,39,57,58,-1,39,58,40,-1,59,51,60,-1,60,51,53,-1,60,53,61,-1,61,53,62,-1,63,64,65,-1,65,64,66,-1,65,66,67,-1,67,66,68,-1,67,68,69,-1,69,68,70,-1,69,70,53,-1,53,70,71,-1,53,71,62,-1,72,73,74,-1,74,73,75,-1,75,76,74,-1,74,76,77,-1,74,77,78,-1,79,80,81,-1,82,83,84,-1,84,83,85,-1,79,81,86,-1,87,88,89,-1,90,91,83,-1,83,91,92,-1,83,92,93,-1,23,94,24,-1,24,94,95,-1,24,95,89,-1,89,95,96,-1,89,96,87,-1,80,97,81,-1,81,97,98,-1,81,98,99,-1,100,101,102,-1,102,101,103,-1,102,103,104,-1,105,93,106,-1,106,93,107,-1,106,107,102,-1,102,107,108,-1,102,108,100,-1,105,109,93,-1,93,109,110,-1,93,110,83,-1,83,110,111,-1,83,111,85,-1,88,112,89,-1,89,112,113,-1,89,113,114,-1,115,116,117,-1,117,116,118,-1,117,118,81,-1,81,118,119,-1,81,119,86,-1,120,121,81,-1,81,121,122,-1,81,122,83,-1,83,122,123,-1,83,123,90,-1,124,125,72,-1,125,126,72,-1,72,126,127,-1,72,127,128,-1,128,129,72,-1,72,129,130,-1,72,130,131,-1,131,130,115,-1,131,115,132,-1,132,115,117,-1,99,133,81,-1,81,133,134,-1,81,134,135,-1,135,136,81,-1,81,136,137,-1,81,137,120,-1,138,139,140,-1,139,141,140,-1,140,141,142,-1,140,142,143,-1,92,140,93,-1,93,140,144,-1,93,144,145,-1,146,147,148,-1,148,147,149,-1,148,149,150,-1,146,148,92,-1,92,148,151,-1,92,151,140,-1,140,151,152,-1,140,152,138,-1,153,154,155,-1,155,154,156,-1,155,156,157,-1,143,142,158,-1,158,142,159,-1,158,159,160,-1,160,159,161,-1,160,161,162,-1,145,163,93,-1,93,163,155,-1,93,155,164,-1,164,155,157,-1,165,166,167,-1,167,166,168,-1,169,170,165,-1,165,170,171,-1,170,172,171,-1,171,172,173,-1,171,173,174,-1,175,176,177,-1,177,176,178,-1,177,178,179,-1,166,180,168,-1,168,180,181,-1,168,181,182,-1,182,181,183,-1,184,185,186,-1,187,188,189,-1,189,188,190,-1,189,190,191,-1,191,190,192,-1,191,192,175,-1,186,193,184,-1,184,193,194,-1,184,194,195,-1,195,194,196,-1,195,196,187,-1,187,196,183,-1,187,183,188,-1,188,183,181,-1,197,198,199,-1,17,16,199,-1,199,16,200,-1,199,200,197,-1,201,202,203,-1,204,205,197,-1,205,206,197,-1,197,206,207,-1,197,207,198,-1,198,207,208,-1,201,203,197,-1,197,203,209,-1,197,209,204,-1,210,211,212,-1,213,214,14,-1,215,216,217,-1,218,219,14,-1,14,219,220,-1,208,221,198,-1,198,221,222,-1,198,222,217,-1,217,222,223,-1,217,223,215,-1,216,224,217,-1,217,224,225,-1,217,225,226,-1,226,225,227,-1,226,227,213,-1,228,229,214,-1,214,229,230,-1,214,230,14,-1,14,230,231,-1,14,231,218,-1,220,232,14,-1,14,232,233,-1,14,233,12,-1,234,235,236,-1,236,235,237,-1,236,237,238,-1,236,239,234,-1,234,239,240,-1,234,240,241,-1,241,242,234,-1,234,242,243,-1,234,243,244,-1,244,243,245,-1,244,245,246,-1,246,245,247,-1,246,247,214,-1,214,247,248,-1,214,248,228,-1,249,250,238,-1,238,250,251,-1,238,251,236,-1,252,253,202,-1,202,253,254,-1,202,254,203,-1,252,255,253,-1,253,255,256,-1,253,256,257,-1,257,256,258,-1,257,259,260,-1,258,261,257,-1,257,261,262,-1,257,262,263,-1,263,264,257,-1,257,264,265,-1,257,265,259,-1,260,266,257,-1,257,266,267,-1,257,267,268,-1,269,270,271,-1,271,270,191,-1,271,191,272,-1,272,191,273,-1,272,273,274,-1,275,189,276,-1,276,189,191,-1,276,191,277,-1,277,191,270,-1,278,279,280,-1,280,279,281,-1,280,281,282,-1,283,284,285,-1,285,284,286,-1,284,287,286,-1,286,287,288,-1,286,288,289,-1,278,290,291,-1,291,290,292,-1,291,292,293,-1,294,217,295,-1,295,217,226,-1,295,226,296,-1,296,226,187,-1,296,187,285,-1,282,281,297,-1,297,281,298,-1,297,298,294,-1,299,198,300,-1,300,198,217,-1,300,217,301,-1,301,217,302,-1,303,304,305,-1,303,305,306,-1,294,298,217,-1,217,298,307,-1,217,307,302,-1,302,307,308,-1,302,308,305,-1,305,308,309,-1,305,309,306,-1,304,310,305,-1,305,310,311,-1,305,311,312,-1,312,313,305,-1,305,313,314,-1,305,314,315,-1,315,316,305,-1,305,316,317,-1,305,317,318,-1,318,317,319,-1,319,317,320,-1,320,317,321,-1,320,321,322,-1,322,323,320,-1,320,323,324,-1,320,324,325,-1,325,324,326,-1,327,328,329,-1,329,328,330,-1,329,330,298,-1,298,330,331,-1,298,331,307,-1,11,332,333,-1,333,334,11,-1,11,334,335,-1,11,335,9,-1,336,337,338,-1,338,337,339,-1,338,339,340,-1,341,342,11,-1,11,342,343,-1,11,343,332,-1,337,344,339,-1,339,344,345,-1,339,345,341,-1,341,345,346,-1,341,346,342,-1,338,347,348,-1,299,349,198,-1,198,349,350,-1,198,350,338,-1,338,350,351,-1,338,351,347,-1,348,352,338,-1,338,352,353,-1,338,353,336,-1,354,355,356,-1,356,355,357,-1,358,359,360,-1,360,359,361,-1,360,361,199,-1,340,362,363,-1,364,340,365,-1,365,340,366,-1,367,368,198,-1,354,369,355,-1,355,369,370,-1,355,370,371,-1,371,370,372,-1,373,374,372,-1,372,374,375,-1,372,375,371,-1,364,376,340,-1,340,376,377,-1,340,377,362,-1,368,378,198,-1,198,378,379,-1,198,379,380,-1,381,382,360,-1,360,382,383,-1,360,383,358,-1,384,385,338,-1,338,385,386,-1,338,386,198,-1,198,386,387,-1,198,387,367,-1,363,388,340,-1,340,388,389,-1,340,389,338,-1,338,389,357,-1,338,357,384,-1,384,357,355,-1,390,391,372,-1,372,391,392,-1,372,392,393,-1,380,394,198,-1,198,394,395,-1,198,395,199,-1,199,395,396,-1,199,396,360,-1,393,397,372,-1,372,397,398,-1,372,398,373,-1,399,400,401,-1,401,400,402,-1,401,402,361,-1,403,404,14,-1,14,404,405,-1,213,14,226,-1,226,14,405,-1,226,405,187,-1,187,405,406,-1,187,406,195,-1,407,404,408,-1,408,404,403,-1,408,403,409,-1,410,411,412,-1,413,414,403,-1,403,414,415,-1,403,415,409,-1,211,210,13,-1,13,210,410,-1,13,410,14,-1,14,410,412,-1,14,412,403,-1,403,412,416,-1,403,416,417,-1,418,419,420,-1,420,419,421,-1,420,421,410,-1,410,421,422,-1,410,422,411,-1,417,423,403,-1,403,423,424,-1,403,424,413,-1,425,426,427,-1,425,427,182,-1,426,428,427,-1,427,428,429,-1,427,429,420,-1,420,429,430,-1,420,430,418,-1,431,1,432,-1,432,1,0,-1,432,0,433,-1,433,0,434,-1,435,436,437,-1,438,439,440,-1,437,436,273,-1,273,436,441,-1,273,441,442,-1,440,435,438,-1,438,435,437,-1,438,437,443,-1,443,437,434,-1,443,434,442,-1,442,434,0,-1,442,0,273,-1,273,0,2,-1,273,2,274,-1,274,2,444,-1,274,444,445,-1,445,444,446,-1,167,437,447,-1,447,448,167,-1,167,448,191,-1,167,191,165,-1,165,191,175,-1,165,175,169,-1,169,175,177,-1,449,450,437,-1,437,450,451,-1,451,452,437,-1,437,452,453,-1,437,453,447,-1,448,454,191,-1,191,454,455,-1,191,455,273,-1,273,455,456,-1,273,456,457,-1,457,458,273,-1,273,458,459,-1,273,459,460,-1,460,461,273,-1,273,461,462,-1,273,462,437,-1,437,462,463,-1,437,463,449,-1,182,427,168,-1,168,427,464,-1,168,464,167,-1,167,464,465,-1,167,465,437,-1,437,465,8,-1,437,8,434,-1,434,8,7,-1,434,7,433,-1,291,283,278,-1,278,283,285,-1,278,285,279,-1,279,285,187,-1,279,187,466,-1,467,468,189,-1,189,468,469,-1,189,469,470,-1,471,472,473,-1,473,472,474,-1,470,475,189,-1,189,475,476,-1,189,476,187,-1,187,476,477,-1,187,477,466,-1,466,478,279,-1,279,478,479,-1,279,479,473,-1,473,479,480,-1,473,480,481,-1,481,482,473,-1,473,482,483,-1,473,483,471,-1,446,444,275,-1,275,444,473,-1,275,473,189,-1,189,473,474,-1,189,474,467,-1,361,402,199,-1,199,402,210,-1,199,210,17,-1,17,210,212,-1,17,212,15,-1,327,329,484,-1,484,329,298,-1,484,298,485,-1,485,298,281,-1,485,281,486,-1,486,281,279,-1,486,279,487,-1,487,279,473,-1,487,473,488,-1,488,473,444,-1,488,444,489,-1,489,444,2,-1,489,2,490,-1,490,2,1,-1,490,1,491,-1,491,1,431,-1,491,431,3,-1,6,8,492,-1,492,8,465,-1,492,465,493,-1,493,465,464,-1,493,464,494,-1,494,464,427,-1,494,427,495,-1,495,427,420,-1,495,420,496,-1,496,420,410,-1,496,410,497,-1,497,410,210,-1,497,210,498,-1,498,210,402,-1,498,402,499,-1,499,402,400,-1,499,400,500,-1,501,502,500,-1,502,74,65,-1,65,74,78,-1,65,78,63,-1,502,501,74,-1,74,501,89,-1,74,89,72,-1,72,89,114,-1,72,114,124,-1,503,504,505,-1,505,504,506,-1,399,366,400,-1,400,366,340,-1,400,340,505,-1,505,340,339,-1,505,339,503,-1,503,339,507,-1,500,400,501,-1,501,400,505,-1,501,505,89,-1,89,505,506,-1,89,506,24,-1,24,506,508,-1,24,508,339,-1,339,508,509,-1,339,509,507,-1,510,511,512,-1,512,511,503,-1,512,503,513,-1,513,503,507,-1,513,507,514,-1,514,507,515,-1,516,517,518,-1,519,520,20,-1,20,520,516,-1,20,516,341,-1,341,516,518,-1,341,518,339,-1,339,518,521,-1,339,521,24,-1,24,521,519,-1,24,519,20,-1,18,20,32,-1,32,20,341,-1,32,341,522,-1,522,341,11,-1,522,11,523,-1,523,11,10,-1,523,10,484,-1,484,10,524,-1,484,524,327,-1,3,5,491,-1,491,5,525,-1,491,525,490,-1,490,525,526,-1,490,526,489,-1,489,526,527,-1,489,527,488,-1,488,527,528,-1,488,528,487,-1,487,528,529,-1,487,529,486,-1,486,529,530,-1,486,530,485,-1,485,530,531,-1,485,531,484,-1,484,531,532,-1,484,532,523,-1,523,532,533,-1,523,533,522,-1,522,533,534,-1,522,534,32,-1,32,534,535,-1,32,535,34,-1,536,537,538,-1,538,537,539,-1,540,541,542,-1,542,541,543,-1,544,545,546,-1,546,545,547,-1,548,549,550,-1,550,549,551,-1,552,553,554,-1,554,553,555,-1,556,557,558,-1,558,557,559,-1,560,561,562,-1,562,561,563,-1,564,565,566,-1,566,565,567,-1,568,569,570,-1,570,569,571,-1,572,573,574,-1,574,573,575,-1,576,577,578,-1,578,577,579,-1,580,581,582,-1,582,581,583,-1,540,537,541,-1,541,537,536,-1,548,545,549,-1,549,545,544,-1,556,553,557,-1,557,553,552,-1,564,561,565,-1,565,561,560,-1,572,569,573,-1,573,569,568,-1,580,577,581,-1,581,577,576,-1,584,585,586,-1,586,585,587,-1,588,589,590,-1,591,592,593,-1,593,592,594,-1,595,596,597,-1,598,599,600,-1,542,601,602,-1,580,603,577,-1,577,603,604,-1,605,579,606,-1,606,579,577,-1,606,577,607,-1,607,577,604,-1,607,604,608,-1,609,610,611,-1,611,610,612,-1,613,539,537,-1,614,609,615,-1,615,609,611,-1,615,611,616,-1,616,611,617,-1,618,619,620,-1,620,619,603,-1,621,622,623,-1,623,622,624,-1,625,626,612,-1,612,626,627,-1,628,629,630,-1,631,632,582,-1,582,632,571,-1,582,571,580,-1,580,571,569,-1,580,569,603,-1,603,569,572,-1,603,572,620,-1,597,633,595,-1,595,633,634,-1,595,634,635,-1,633,624,634,-1,634,624,622,-1,634,622,627,-1,627,622,594,-1,627,594,612,-1,612,594,592,-1,612,592,611,-1,542,602,540,-1,636,561,564,-1,637,638,636,-1,636,638,639,-1,636,639,561,-1,561,639,563,-1,640,641,642,-1,642,641,610,-1,643,644,574,-1,574,644,563,-1,574,563,572,-1,572,563,639,-1,572,639,620,-1,645,646,647,-1,602,645,540,-1,540,645,647,-1,540,647,537,-1,537,647,628,-1,537,628,613,-1,613,628,630,-1,648,545,548,-1,649,650,648,-1,648,650,651,-1,648,651,545,-1,652,642,566,-1,566,642,610,-1,566,610,564,-1,564,610,609,-1,564,609,636,-1,653,654,550,-1,550,654,539,-1,550,539,548,-1,548,539,613,-1,548,613,648,-1,655,586,635,-1,600,635,598,-1,598,635,656,-1,598,656,657,-1,658,659,558,-1,558,659,547,-1,558,547,556,-1,590,655,588,-1,588,655,635,-1,588,635,660,-1,660,635,634,-1,660,634,661,-1,661,634,662,-1,587,663,586,-1,586,663,555,-1,586,555,635,-1,635,555,553,-1,635,553,656,-1,656,553,556,-1,656,556,651,-1,651,556,547,-1,651,547,545,-1,664,616,617,-1,616,664,665,-1,665,664,666,-1,665,666,667,-1,617,591,664,-1,664,591,593,-1,664,593,668,-1,593,621,668,-1,668,621,623,-1,668,623,669,-1,669,623,597,-1,669,597,596,-1,596,600,669,-1,669,600,599,-1,669,599,670,-1,670,599,671,-1,670,671,672,-1,673,674,675,-1,675,674,676,-1,675,676,677,-1,678,679,680,-1,680,679,681,-1,680,681,682,-1,682,681,683,-1,676,665,677,-1,677,665,667,-1,671,683,672,-1,672,683,681,-1,684,607,608,-1,608,619,684,-1,684,619,618,-1,684,618,685,-1,685,618,638,-1,638,637,685,-1,685,637,614,-1,685,614,615,-1,686,687,688,-1,689,674,690,-1,689,690,688,-1,688,690,691,-1,688,691,686,-1,692,642,652,-1,652,644,692,-1,692,644,643,-1,692,643,693,-1,693,643,632,-1,632,631,693,-1,693,631,605,-1,693,605,606,-1,694,695,696,-1,696,695,697,-1,696,697,698,-1,698,697,699,-1,698,699,700,-1,701,702,703,-1,703,702,704,-1,705,701,706,-1,706,701,703,-1,707,705,708,-1,708,705,706,-1,709,710,711,-1,711,710,712,-1,713,709,714,-1,714,709,711,-1,715,713,716,-1,716,713,714,-1,717,718,719,-1,719,718,720,-1,721,717,722,-1,722,717,719,-1,723,721,724,-1,724,721,722,-1,725,726,727,-1,727,726,728,-1,729,725,730,-1,730,725,727,-1,731,729,732,-1,732,729,730,-1,733,734,735,-1,735,734,736,-1,737,733,738,-1,738,733,735,-1,739,737,740,-1,740,737,738,-1,741,742,743,-1,743,742,744,-1,745,741,746,-1,746,741,743,-1,747,745,748,-1,748,745,746,-1,749,750,751,-1,751,750,752,-1,753,749,754,-1,754,749,751,-1,755,753,756,-1,756,753,754,-1,757,758,759,-1,759,758,760,-1,761,757,762,-1,762,757,759,-1,763,761,764,-1,764,761,762,-1,702,707,704,-1,704,707,708,-1,710,715,712,-1,712,715,716,-1,718,723,720,-1,720,723,724,-1,726,731,728,-1,728,731,732,-1,734,739,736,-1,736,739,740,-1,742,747,744,-1,744,747,748,-1,750,755,752,-1,752,755,756,-1,758,763,760,-1,760,763,764,-1,765,602,601,-1,601,654,765,-1,765,654,653,-1,765,653,766,-1,766,653,659,-1,659,658,766,-1,766,658,663,-1,766,663,587,-1,767,598,657,-1,657,650,767,-1,767,650,649,-1,767,649,768,-1,768,649,630,-1,630,629,768,-1,768,629,646,-1,768,646,645,-1,606,607,67,-1,67,607,684,-1,769,693,606,-1,694,696,770,-1,770,696,771,-1,53,39,769,-1,769,39,37,-1,769,37,771,-1,771,37,34,-1,771,34,770,-1,770,34,535,-1,770,535,772,-1,772,535,688,-1,772,688,687,-1,606,67,769,-1,769,67,69,-1,769,69,53,-1,773,774,775,-1,773,775,776,-1,776,775,777,-1,776,777,682,-1,645,602,778,-1,778,602,765,-1,779,780,781,-1,781,780,782,-1,781,782,4,-1,4,782,773,-1,773,782,783,-1,773,783,774,-1,768,645,6,-1,6,645,778,-1,6,778,7,-1,7,778,433,-1,4,3,781,-1,781,3,431,-1,781,431,778,-1,778,431,432,-1,778,432,433,-1,784,785,786,-1,786,785,787,-1,788,784,789,-1,789,784,786,-1,790,788,791,-1,791,788,789,-1,792,793,794,-1,794,793,795,-1,796,792,797,-1,797,792,794,-1,798,796,799,-1,799,796,797,-1,800,801,802,-1,802,801,803,-1,804,800,805,-1,805,800,802,-1,806,804,807,-1,807,804,805,-1,808,809,810,-1,810,809,811,-1,812,808,813,-1,813,808,810,-1,814,812,815,-1,815,812,813,-1,816,817,818,-1,818,817,819,-1,820,816,821,-1,821,816,818,-1,822,820,823,-1,823,820,821,-1,824,825,826,-1,826,825,827,-1,828,824,829,-1,829,824,826,-1,830,828,831,-1,831,828,829,-1,832,833,834,-1,834,833,835,-1,836,832,837,-1,837,832,834,-1,838,836,839,-1,839,836,837,-1,840,841,842,-1,842,841,843,-1,844,840,845,-1,845,840,842,-1,846,844,847,-1,847,844,845,-1,848,849,850,-1,850,849,851,-1,852,848,853,-1,853,848,850,-1,854,852,855,-1,855,852,853,-1,856,857,858,-1,858,857,859,-1,860,856,861,-1,861,856,858,-1,862,860,863,-1,863,860,861,-1,864,865,866,-1,866,865,867,-1,868,864,869,-1,869,864,866,-1,870,868,871,-1,871,868,869,-1,872,873,874,-1,874,873,875,-1,876,872,877,-1,877,872,874,-1,878,876,879,-1,879,876,877,-1,785,790,787,-1,787,790,791,-1,793,798,795,-1,795,798,799,-1,801,806,803,-1,803,806,807,-1,809,814,811,-1,811,814,815,-1,817,822,819,-1,819,822,823,-1,825,830,827,-1,827,830,831,-1,833,838,835,-1,835,838,839,-1,841,846,843,-1,843,846,847,-1,849,854,851,-1,851,854,855,-1,857,862,859,-1,859,862,863,-1,865,870,867,-1,867,870,871,-1,873,878,875,-1,875,878,879,-1,880,881,882,-1,880,882,779,-1,779,882,883,-1,779,883,780,-1,673,664,668,-1,884,682,885,-1,885,682,777,-1,885,777,886,-1,886,777,775,-1,886,775,887,-1,887,775,774,-1,887,774,783,-1,668,669,888,-1,888,669,678,-1,888,678,884,-1,884,678,680,-1,884,680,682,-1,668,888,673,-1,673,888,889,-1,673,889,674,-1,674,889,890,-1,674,890,690,-1,690,890,891,-1,690,891,691,-1,691,891,892,-1,691,892,686,-1,790,782,788,-1,788,782,780,-1,788,780,784,-1,784,780,883,-1,784,883,785,-1,785,883,893,-1,785,893,790,-1,790,893,782,-1,806,893,804,-1,804,893,883,-1,804,883,800,-1,800,883,882,-1,800,882,801,-1,801,882,894,-1,801,894,806,-1,806,894,893,-1,822,894,820,-1,820,894,882,-1,820,882,816,-1,816,882,881,-1,816,881,817,-1,817,881,895,-1,817,895,822,-1,822,895,894,-1,707,895,705,-1,705,895,881,-1,705,881,701,-1,701,881,896,-1,701,896,702,-1,702,896,897,-1,702,897,707,-1,707,897,895,-1,718,898,723,-1,723,898,897,-1,723,897,721,-1,721,897,896,-1,721,896,717,-1,717,896,899,-1,717,899,718,-1,733,737,899,-1,718,899,898,-1,898,899,737,-1,898,737,739,-1,899,700,733,-1,733,700,753,-1,733,753,734,-1,734,753,755,-1,734,755,900,-1,900,755,750,-1,900,750,700,-1,700,750,749,-1,700,749,753,-1,838,900,836,-1,836,900,700,-1,836,700,832,-1,832,700,699,-1,832,699,833,-1,833,699,901,-1,833,901,838,-1,838,901,900,-1,854,901,852,-1,852,901,699,-1,852,699,848,-1,848,699,697,-1,848,697,849,-1,849,697,902,-1,849,902,854,-1,854,902,901,-1,903,865,864,-1,865,903,870,-1,870,903,902,-1,870,902,868,-1,868,902,697,-1,868,697,864,-1,864,697,695,-1,864,695,903,-1,798,783,796,-1,796,783,782,-1,796,782,792,-1,792,782,893,-1,792,893,793,-1,793,893,887,-1,793,887,798,-1,798,887,783,-1,814,887,812,-1,812,887,893,-1,812,893,808,-1,808,893,894,-1,808,894,809,-1,809,894,886,-1,809,886,814,-1,814,886,887,-1,830,886,828,-1,828,886,894,-1,828,894,824,-1,824,894,895,-1,824,895,825,-1,825,895,885,-1,825,885,830,-1,830,885,886,-1,715,885,713,-1,713,885,895,-1,713,895,709,-1,709,895,897,-1,709,897,710,-1,710,897,884,-1,710,884,715,-1,715,884,885,-1,731,884,729,-1,729,884,897,-1,729,897,725,-1,725,897,898,-1,725,898,726,-1,726,898,888,-1,726,888,731,-1,731,888,884,-1,742,889,747,-1,747,889,888,-1,747,888,745,-1,745,888,898,-1,745,898,741,-1,739,734,898,-1,898,734,900,-1,898,900,741,-1,741,900,761,-1,741,761,742,-1,742,761,763,-1,742,763,889,-1,889,763,758,-1,889,758,900,-1,900,758,757,-1,900,757,761,-1,846,889,844,-1,844,889,900,-1,844,900,840,-1,840,900,901,-1,840,901,841,-1,841,901,890,-1,841,890,846,-1,846,890,889,-1,862,890,860,-1,860,890,901,-1,860,901,856,-1,856,901,902,-1,856,902,857,-1,857,902,891,-1,857,891,862,-1,862,891,890,-1,878,891,876,-1,876,891,902,-1,876,902,872,-1,872,902,903,-1,872,903,873,-1,873,903,892,-1,873,892,878,-1,878,892,891,-1,695,694,903,-1,903,694,770,-1,903,770,892,-1,892,770,772,-1,892,772,686,-1,686,772,687,-1,6,492,768,-1,768,492,493,-1,768,493,494,-1,494,495,768,-1,768,495,496,-1,768,496,497,-1,497,498,768,-1,768,498,499,-1,768,499,767,-1,767,499,500,-1,500,502,767,-1,767,502,65,-1,767,65,685,-1,685,65,67,-1,685,67,684,-1,688,535,689,-1,689,535,534,-1,689,534,776,-1,776,534,533,-1,776,533,773,-1,773,533,532,-1,532,531,773,-1,773,531,530,-1,773,530,529,-1,529,528,773,-1,773,528,527,-1,773,527,526,-1,526,525,773,-1,773,525,5,-1,773,5,4,-1,692,693,769,-1,692,769,766,-1,766,769,778,-1,766,778,765,-1,781,778,771,-1,771,778,769,-1,880,779,781,-1,880,781,698,-1,698,781,771,-1,698,771,696,-1,599,598,767,-1,683,671,682,-1,682,671,599,-1,682,599,776,-1,776,599,767,-1,615,616,685,-1,685,616,689,-1,665,676,616,-1,616,676,674,-1,616,674,689,-1,640,642,692,-1,904,905,700,-1,700,905,640,-1,700,640,698,-1,698,640,692,-1,587,585,766,-1,766,585,880,-1,906,907,585,-1,585,907,881,-1,585,881,880,-1,585,584,906,-1,906,584,590,-1,590,589,906,-1,906,589,661,-1,906,661,905,-1,905,661,662,-1,905,662,626,-1,626,625,905,-1,905,625,641,-1,905,641,640,-1,880,698,766,-1,766,698,692,-1,904,700,899,-1,904,899,907,-1,907,899,896,-1,907,896,881,-1,906,905,907,-1,907,905,904,-1,689,776,685,-1,685,776,767,-1,677,667,675,-1,675,667,666,-1,675,666,673,-1,673,666,664,-1,678,669,679,-1,679,669,670,-1,679,670,681,-1,681,670,672,-1,
        ]
    }
}
Shape{
    appearance Appearance {
        material  Material 	{
            diffuseColor 1.0 1.0 1.0
            specularColor 0.5019607843137255 0.5019607843137255 0.5019607843137255
            ambientIntensity 1.0
            transparency 0.0
            shininess 0.5
        }
    }
    geometry IndexedFaceSet {
        ccw TRUE
        solid FALSE
        coord DEF co Coordinate {
            point [
                1.7602 -0.5789 0.6748, 1.7602 -0.5789 0.6641, 1.7602 -0.575 0.6748, 1.7602 -0.575 0.6641, 1.723 -0.5789 0.6748, 1.723 -0.575 0.6748, 1.723 -0.5789 0.7575, 1.723 -0.575 0.7575, 1.7109 -0.5789 0.7575, 1.7109 -0.575 0.7575, 1.7109 -0.5789 0.6641, 1.7109 -0.575 0.6641
            ]
        }
        coordIndex [
            0,1,2,-1,2,1,3,-1,4,0,5,-1,5,0,2,-1,6,4,7,-1,7,4,5,-1,8,6,9,-1,9,6,7,-1,10,8,11,-1,11,8,9,-1,1,10,3,-1,3,10,11,-1,6,8,4,-1,4,8,10,-1,4,10,0,-1,0,10,1,-1,
        ]
    }
}
Shape{
    appearance Appearance {
        material  Material 	{
            diffuseColor 0.6705882352941176 0.6705882352941176 0.6705882352941176
            specularColor 0.5882352941176471 0.5882352941176471 0.5882352941176471
            ambientIntensity 0.6706
            transparency 0.0
            shininess 0.5
        }
    }
    geometry IndexedFaceSet {
        ccw TRUE
        solid FALSE
        coord DEF co Coordinate {
            point [
                -0.83 0.4032 0.0, -0.83 1.15 0.0, -0.67 0.4032 0.0, -0.67 1.15 0.0, -0.83 1.15 0.16, -0.67 1.15 0.16, -0.67 1.0 0.16, -0.83 1.0 0.16, -0.67 0.2381 0.0623, -0.67 0.2876 0.0284, -0.67 0.1982 0.107, -0.67 0.17 0.16, -0.67 0.3437 0.0072, -0.83 0.17 0.16, -0.83 0.3437 0.0072, -0.83 0.2876 0.0284, -0.83 0.2381 0.0623, -0.83 0.1982 0.107, -0.33 0.4032 0.0, -0.33 1.15 0.0, -0.17 0.4032 0.0, -0.17 1.15 0.0, -0.33 1.15 0.16, -0.17 1.15 0.16, -0.17 1.0 0.16, -0.33 1.0 0.16, -0.17 0.2381 0.0623, -0.17 0.2876 0.0284, -0.17 0.1982 0.107, -0.17 0.17 0.16, -0.17 0.3437 0.0072, -0.33 0.17 0.16, -0.33 0.3437 0.0072, -0.33 0.2876 0.0284, -0.33 0.2381 0.0623, -0.33 0.1982 0.107, 0.17 0.4032 0.0, 0.17 1.15 0.0, 0.33 0.4032 0.0, 0.33 1.15 0.0, 0.17 1.15 0.16, 0.33 1.15 0.16, 0.33 1.0 0.16, 0.17 1.0 0.16, 0.33 0.2381 0.0623, 0.33 0.2876 0.0284, 0.33 0.1982 0.107, 0.33 0.17 0.16, 0.33 0.3437 0.0072, 0.17 0.17 0.16, 0.17 0.3437 0.0072, 0.17 0.2876 0.0284, 0.17 0.2381 0.0623, 0.17 0.1982 0.107, 0.67 0.4032 0.0, 0.67 1.15 0.0, 0.83 0.4032 0.0, 0.83 1.15 0.0, 0.67 1.15 0.16, 0.83 1.15 0.16, 0.83 1.0 0.16, 0.67 1.0 0.16, 0.83 0.2381 0.0623, 0.83 0.2876 0.0284, 0.83 0.1982 0.107, 0.83 0.17 0.16, 0.83 0.3437 0.0072, 0.67 0.17 0.16, 0.67 0.3437 0.0072, 0.67 0.2876 0.0284, 0.67 0.2381 0.0623, 0.67 0.1982 0.107, 1.67 -1.15 0.0, 1.67 -0.4032 0.0, 1.83 -1.15 0.0, 1.83 -0.4032 0.0, 1.67 -1.15 0.16, 1.83 -1.15 0.16, 1.67 -0.17 0.16, 1.67 -0.1982 0.107, 1.67 -0.675 0.16, 1.67 -0.2381 0.0623, 1.67 -0.2876 0.0284, 1.67 -0.3437 0.0072, 1.83 -0.675 0.16, 1.83 -0.3437 0.0072, 1.83 -0.2876 0.0284, 1.83 -0.2381 0.0623, 1.83 -0.1982 0.107, 1.83 -0.17 0.16, 2.33 -1.15 0.0, 2.33 -1.15 0.16, 2.17 -1.15 0.0, 2.17 -1.15 0.16, 2.33 -0.4032 0.0, 2.17 -0.4032 0.0, 2.33 -0.675 0.16, 2.33 -0.3437 0.0072, 2.33 -0.2876 0.0284, 2.33 -0.2381 0.0623, 2.33 -0.1982 0.107, 2.33 -0.17 0.16, 2.17 -0.17 0.16, 2.17 -0.1982 0.107, 2.17 -0.675 0.16, 2.17 -0.2381 0.0623, 2.17 -0.2876 0.0284, 2.17 -0.3437 0.0072, 1.17 -1.15 0.0, 1.17 -0.4032 0.0, 1.33 -1.15 0.0, 1.33 -0.4032 0.0, 1.17 -1.15 0.16, 1.33 -1.15 0.16, 1.17 -0.17 0.16, 1.17 -0.1982 0.107, 1.17 -0.675 0.16, 1.17 -0.2381 0.0623, 1.17 -0.2876 0.0284, 1.17 -0.3437 0.0072, 1.33 -0.675 0.16, 1.33 -0.3437 0.0072, 1.33 -0.2876 0.0284, 1.33 -0.2381 0.0623, 1.33 -0.1982 0.107, 1.33 -0.17 0.16, 0.67 -1.15 0.0, 0.67 -0.4032 0.0, 0.83 -1.15 0.0, 0.83 -0.4032 0.0, 0.67 -1.15 0.16, 0.83 -1.15 0.16, 0.67 -1.0 0.16, 0.67 -0.1982 0.107, 0.67 -0.2381 0.0623, 0.67 -0.2876 0.0284, 0.67 -0.17 0.16, 0.67 -0.3437 0.0072, 0.83 -0.17 0.16, 0.83 -1.0 0.16, 0.83 -0.3437 0.0072, 0.83 -0.2876 0.0284, 0.83 -0.1982 0.107, 0.83 -0.2381 0.0623, 0.17 -1.15 0.0, 0.17 -0.4032 0.0, 0.33 -1.15 0.0, 0.33 -0.4032 0.0, 0.17 -1.15 0.16, 0.33 -1.15 0.16, 0.17 -1.0 0.16, 0.17 -0.1982 0.107, 0.17 -0.2381 0.0623, 0.17 -0.2876 0.0284, 0.17 -0.17 0.16, 0.17 -0.3437 0.0072, 0.33 -0.17 0.16, 0.33 -1.0 0.16, 0.33 -0.3437 0.0072, 0.33 -0.2876 0.0284, 0.33 -0.1982 0.107, 0.33 -0.2381 0.0623, -0.33 -1.15 0.0, -0.33 -0.4032 0.0, -0.17 -1.15 0.0, -0.17 -0.4032 0.0, -0.33 -1.15 0.16, -0.17 -1.15 0.16, -0.33 -1.0 0.16, -0.33 -0.1982 0.107, -0.33 -0.2381 0.0623, -0.33 -0.2876 0.0284, -0.33 -0.17 0.16, -0.33 -0.3437 0.0072, -0.17 -0.17 0.16, -0.17 -1.0 0.16, -0.17 -0.3437 0.0072, -0.17 -0.2876 0.0284, -0.17 -0.1982 0.107, -0.17 -0.2381 0.0623, -0.83 -1.15 0.0, -0.83 -0.4032 0.0, -0.67 -1.15 0.0, -0.67 -0.4032 0.0, -0.83 -1.15 0.16, -0.67 -1.15 0.16, -0.83 -1.0 0.16, -0.83 -0.1982 0.107, -0.83 -0.2381 0.0623, -0.83 -0.2876 0.0284, -0.83 -0.17 0.16, -0.83 -0.3437 0.0072, -0.67 -0.17 0.16, -0.67 -1.0 0.16, -0.67 -0.3437 0.0072, -0.67 -0.2876 0.0284, -0.67 -0.1982 0.107, -0.67 -0.2381 0.0623, -1.33 -1.15 0.0, -1.33 -0.4032 0.0, -1.17 -1.15 0.0, -1.17 -0.4032 0.0, -1.33 -1.15 0.16, -1.17 -1.15 0.16, -1.33 -0.17 0.16, -1.33 -0.1982 0.107, -1.33 -0.675 0.16, -1.33 -0.2381 0.0623, -1.33 -0.2876 0.0284, -1.33 -0.3437 0.0072, -1.17 -0.675 0.16, -1.17 -0.3437 0.0072, -1.17 -0.2876 0.0284, -1.17 -0.2381 0.0623, -1.17 -0.1982 0.107, -1.17 -0.17 0.16, -1.83 -1.15 0.0, -1.83 -0.4032 0.0, -1.67 -1.15 0.0, -1.67 -0.4032 0.0, -1.83 -1.15 0.16, -1.67 -1.15 0.16, -1.83 -0.17 0.16, -1.83 -0.1982 0.107, -1.83 -0.675 0.16, -1.83 -0.2381 0.0623, -1.83 -0.2876 0.0284, -1.83 -0.3437 0.0072, -1.67 -0.675 0.16, -1.67 -0.3437 0.0072, -1.67 -0.2876 0.0284, -1.67 -0.2381 0.0623, -1.67 -0.1982 0.107, -1.67 -0.17 0.16, -2.33 -1.15 0.0, -2.33 -0.4032 0.0, -2.17 -1.15 0.0, -2.17 -0.4032 0.0, -2.33 -1.15 0.16, -2.17 -1.15 0.16, -2.33 -0.17 0.16, -2.33 -0.1982 0.107, -2.33 -0.675 0.16, -2.33 -0.2381 0.0623, -2.33 -0.2876 0.0284, -2.33 -0.3437 0.0072, -2.17 -0.675 0.16, -2.17 -0.3437 0.0072, -2.17 -0.2876 0.0284, -2.17 -0.2381 0.0623, -2.17 -0.1982 0.107, -2.17 -0.17 0.16, 2.33 1.15 0.0, 2.33 0.4032 0.0, 2.17 1.15 0.0, 2.17 0.4032 0.0, 2.33 1.15 0.16, 2.17 1.15 0.16, 2.17 0.17 0.26, 2.33 0.17 0.26, 2.17 0.165 0.26, 2.33 0.165 0.26, 2.33 0.17 0.16, 2.17 0.17 0.16, 2.17 0.1982 0.107, 2.33 0.1982 0.107, 2.17 0.2381 0.0623, 2.33 0.2381 0.0623, 2.17 0.2876 0.0284, 2.33 0.2876 0.0284, 2.17 0.3437 0.0072, 2.33 0.3437 0.0072, 2.17 0.675 0.16, 2.33 0.675 0.16, 1.67 1.15 0.0, 1.67 1.15 0.16, 1.83 1.15 0.0, 1.83 1.15 0.16, 1.67 0.4032 0.0, 1.83 0.4032 0.0, 1.67 0.17 0.26, 1.83 0.17 0.26, 1.67 0.165 0.26, 1.83 0.165 0.26, 1.67 0.17 0.16, 1.83 0.17 0.16, 1.67 0.1982 0.107, 1.83 0.1982 0.107, 1.67 0.2381 0.0623, 1.83 0.2381 0.0623, 1.67 0.2876 0.0284, 1.83 0.2876 0.0284, 1.67 0.3437 0.0072, 1.83 0.3437 0.0072, 1.67 0.675 0.16, 1.83 0.675 0.16, 1.17 1.15 0.0, 1.17 1.15 0.16, 1.33 1.15 0.0, 1.33 1.15 0.16, 1.17 0.4032 0.0, 1.33 0.4032 0.0, 1.17 0.17 0.26, 1.33 0.17 0.26, 1.17 0.165 0.26, 1.33 0.165 0.26, 1.17 0.17 0.16, 1.33 0.17 0.16, 1.17 0.1982 0.107, 1.33 0.1982 0.107, 1.17 0.2381 0.0623, 1.33 0.2381 0.0623, 1.17 0.2876 0.0284, 1.33 0.2876 0.0284, 1.17 0.3437 0.0072, 1.33 0.3437 0.0072, 1.17 0.675 0.16, 1.33 0.675 0.16, -1.33 1.15 0.0, -1.33 1.15 0.16, -1.17 1.15 0.0, -1.17 1.15 0.16, -1.33 0.4032 0.0, -1.17 0.4032 0.0, -1.33 0.17 0.26, -1.17 0.17 0.26, -1.33 0.165 0.26, -1.17 0.165 0.26, -1.33 0.17 0.16, -1.17 0.17 0.16, -1.33 0.1982 0.107, -1.17 0.1982 0.107, -1.33 0.2381 0.0623, -1.17 0.2381 0.0623, -1.33 0.2876 0.0284, -1.17 0.2876 0.0284, -1.33 0.3437 0.0072, -1.17 0.3437 0.0072, -1.33 0.675 0.16, -1.17 0.675 0.16, -1.83 1.15 0.0, -1.83 1.15 0.16, -1.67 1.15 0.0, -1.67 1.15 0.16, -1.83 0.4032 0.0, -1.67 0.4032 0.0, -1.83 0.17 0.26, -1.67 0.17 0.26, -1.83 0.165 0.26, -1.67 0.165 0.26, -1.83 0.17 0.16, -1.67 0.17 0.16, -1.83 0.1982 0.107, -1.67 0.1982 0.107, -1.83 0.2381 0.0623, -1.67 0.2381 0.0623, -1.83 0.2876 0.0284, -1.67 0.2876 0.0284, -1.83 0.3437 0.0072, -1.67 0.3437 0.0072, -1.83 0.675 0.16, -1.67 0.675 0.16, -2.17 0.165 0.26, -2.33 0.165 0.26, -2.17 0.17 0.26, -2.33 0.17 0.26, -2.33 0.17 0.16, -2.17 0.17 0.16, -2.33 0.1982 0.107, -2.17 0.1982 0.107, -2.33 0.2381 0.0623, -2.17 0.2381 0.0623, -2.33 0.2876 0.0284, -2.17 0.2876 0.0284, -2.33 0.3437 0.0072, -2.17 0.3437 0.0072, -2.33 0.4032 0.0, -2.17 0.4032 0.0, -2.33 1.15 0.0, -2.17 1.15 0.0, -2.33 1.15 0.16, -2.17 1.15 0.16, -2.17 0.675 0.16, -2.33 0.675 0.16, -2.33 -0.175 0.626, -2.33 -0.335 0.4723, -2.17 -0.175 0.626, -2.17 -0.335 0.4723, -2.33 0.325 0.4819, -2.33 0.165 0.6356, -2.17 0.325 0.4819, -2.17 0.165 0.6356, -1.83 -0.335 0.4723, -1.67 -0.335 0.4723, -1.83 -0.175 0.626, -1.67 -0.175 0.626, -1.83 0.165 0.6356, -1.67 0.165 0.6356, -1.83 0.325 0.4819, -1.67 0.325 0.4819, -1.33 -0.335 0.4723, -1.17 -0.335 0.4723, -1.33 -0.175 0.626, -1.17 -0.175 0.626, -1.33 0.165 0.6356, -1.17 0.165 0.6356, -1.33 0.325 0.4819, -1.17 0.325 0.4819, 1.17 -0.335 0.4723, 1.33 -0.335 0.4723, 1.17 -0.175 0.626, 1.33 -0.175 0.626, 1.17 0.165 0.6356, 1.33 0.165 0.6356, 1.17 0.325 0.4819, 1.33 0.325 0.4819, 1.67 -0.335 0.4723, 1.83 -0.335 0.4723, 1.67 -0.175 0.626, 1.83 -0.175 0.626, 1.67 0.165 0.6356, 1.83 0.165 0.6356, 1.67 0.325 0.4819, 1.83 0.325 0.4819, 2.17 -0.175 0.626, 2.17 -0.335 0.4723, 2.33 -0.175 0.626, 2.33 -0.335 0.4723, 2.17 0.325 0.4819, 2.17 0.165 0.6356, 2.33 0.325 0.4819, 2.33 0.165 0.6356, -0.83 -0.335 0.4723, -0.67 -0.335 0.4723, -0.83 -0.175 0.626, -0.67 -0.175 0.626, -0.83 0.165 0.6356, -0.67 0.165 0.6356, -0.83 0.325 0.4819, -0.67 0.325 0.4819, -0.33 -0.335 0.4723, -0.17 -0.335 0.4723, -0.33 -0.175 0.626, -0.17 -0.175 0.626, -0.33 0.165 0.6356, -0.17 0.165 0.6356, -0.33 0.325 0.4819, -0.17 0.325 0.4819, 0.17 -0.335 0.4723, 0.33 -0.335 0.4723, 0.17 -0.175 0.626, 0.33 -0.175 0.626, 0.17 0.165 0.6356, 0.33 0.165 0.6356, 0.17 0.325 0.4819, 0.33 0.325 0.4819, 0.67 -0.335 0.4723, 0.83 -0.335 0.4723, 0.67 -0.175 0.626, 0.83 -0.175 0.626, 0.67 0.165 0.6356, 0.83 0.165 0.6356, 0.67 0.325 0.4819, 0.83 0.325 0.4819
            ]
        }
        coordIndex [
            0,1,2,-1,2,1,3,-1,1,4,3,-1,3,4,5,-1,6,5,7,-1,7,5,4,-1,8,9,10,-1,10,9,11,-1,9,12,11,-1,11,12,2,-1,11,2,6,-1,6,2,3,-1,6,3,5,-1,7,4,1,-1,7,1,13,-1,13,1,0,-1,13,0,14,-1,14,15,13,-1,13,15,16,-1,13,16,17,-1,11,13,17,-1,11,17,10,-1,10,17,16,-1,10,16,8,-1,8,16,15,-1,8,15,9,-1,9,15,14,-1,9,14,12,-1,12,14,0,-1,12,0,2,-1,18,19,20,-1,20,19,21,-1,19,22,21,-1,21,22,23,-1,24,23,25,-1,25,23,22,-1,26,27,28,-1,28,27,29,-1,27,30,29,-1,29,30,20,-1,29,20,24,-1,24,20,21,-1,24,21,23,-1,25,22,19,-1,25,19,31,-1,31,19,18,-1,31,18,32,-1,32,33,31,-1,31,33,34,-1,31,34,35,-1,29,31,35,-1,29,35,28,-1,28,35,34,-1,28,34,26,-1,26,34,33,-1,26,33,27,-1,27,33,32,-1,27,32,30,-1,30,32,18,-1,30,18,20,-1,36,37,38,-1,38,37,39,-1,37,40,39,-1,39,40,41,-1,42,41,43,-1,43,41,40,-1,44,45,46,-1,46,45,47,-1,45,48,47,-1,47,48,38,-1,47,38,42,-1,42,38,39,-1,42,39,41,-1,43,40,37,-1,43,37,49,-1,49,37,36,-1,49,36,50,-1,50,51,49,-1,49,51,52,-1,49,52,53,-1,47,49,53,-1,47,53,46,-1,46,53,52,-1,46,52,44,-1,44,52,51,-1,44,51,45,-1,45,51,50,-1,45,50,48,-1,48,50,36,-1,48,36,38,-1,54,55,56,-1,56,55,57,-1,55,58,57,-1,57,58,59,-1,60,59,61,-1,61,59,58,-1,62,63,64,-1,64,63,65,-1,63,66,65,-1,65,66,56,-1,65,56,60,-1,60,56,57,-1,60,57,59,-1,61,58,55,-1,61,55,67,-1,67,55,54,-1,67,54,68,-1,68,69,67,-1,67,69,70,-1,67,70,71,-1,65,67,71,-1,65,71,64,-1,64,71,70,-1,64,70,62,-1,62,70,69,-1,62,69,63,-1,63,69,68,-1,63,68,66,-1,66,68,54,-1,66,54,56,-1,72,73,74,-1,74,73,75,-1,76,72,77,-1,77,72,74,-1,78,79,80,-1,80,79,81,-1,80,81,82,-1,72,76,73,-1,73,76,80,-1,73,80,83,-1,83,80,82,-1,84,77,74,-1,74,75,84,-1,84,75,85,-1,84,85,86,-1,86,87,84,-1,84,87,88,-1,84,88,89,-1,75,73,83,-1,75,83,85,-1,85,83,82,-1,85,82,86,-1,86,82,81,-1,86,81,87,-1,87,81,79,-1,87,79,88,-1,88,79,78,-1,88,78,89,-1,76,77,80,-1,80,77,84,-1,90,91,92,-1,92,91,93,-1,94,90,95,-1,95,90,92,-1,96,91,90,-1,90,94,96,-1,96,94,97,-1,96,97,98,-1,98,99,96,-1,96,99,100,-1,96,100,101,-1,102,103,104,-1,104,103,105,-1,104,105,106,-1,92,93,95,-1,95,93,104,-1,95,104,107,-1,107,104,106,-1,94,95,107,-1,94,107,97,-1,97,107,106,-1,97,106,98,-1,98,106,105,-1,98,105,99,-1,99,105,103,-1,99,103,100,-1,100,103,102,-1,100,102,101,-1,93,91,104,-1,104,91,96,-1,108,109,110,-1,110,109,111,-1,112,108,113,-1,113,108,110,-1,114,115,116,-1,116,115,117,-1,116,117,118,-1,108,112,109,-1,109,112,116,-1,109,116,119,-1,119,116,118,-1,120,113,110,-1,110,111,120,-1,120,111,121,-1,120,121,122,-1,122,123,120,-1,120,123,124,-1,120,124,125,-1,111,109,119,-1,111,119,121,-1,121,119,118,-1,121,118,122,-1,122,118,117,-1,122,117,123,-1,123,117,115,-1,123,115,124,-1,124,115,114,-1,124,114,125,-1,112,113,116,-1,116,113,120,-1,126,127,128,-1,128,127,129,-1,130,126,131,-1,131,126,128,-1,127,126,132,-1,132,126,130,-1,133,134,135,-1,132,136,127,-1,127,136,133,-1,127,133,137,-1,137,133,135,-1,129,138,128,-1,128,138,139,-1,128,139,131,-1,129,140,138,-1,138,140,141,-1,138,141,142,-1,142,141,143,-1,129,127,137,-1,129,137,140,-1,140,137,135,-1,140,135,141,-1,141,135,134,-1,141,134,143,-1,143,134,133,-1,143,133,142,-1,142,133,136,-1,142,136,138,-1,132,130,139,-1,139,130,131,-1,144,145,146,-1,146,145,147,-1,148,144,149,-1,149,144,146,-1,145,144,150,-1,150,144,148,-1,151,152,153,-1,150,154,145,-1,145,154,151,-1,145,151,155,-1,155,151,153,-1,147,156,146,-1,146,156,157,-1,146,157,149,-1,147,158,156,-1,156,158,159,-1,156,159,160,-1,160,159,161,-1,147,145,155,-1,147,155,158,-1,158,155,153,-1,158,153,159,-1,159,153,152,-1,159,152,161,-1,161,152,151,-1,161,151,160,-1,160,151,154,-1,160,154,156,-1,150,148,157,-1,157,148,149,-1,162,163,164,-1,164,163,165,-1,166,162,167,-1,167,162,164,-1,163,162,168,-1,168,162,166,-1,169,170,171,-1,168,172,163,-1,163,172,169,-1,163,169,173,-1,173,169,171,-1,165,174,164,-1,164,174,175,-1,164,175,167,-1,165,176,174,-1,174,176,177,-1,174,177,178,-1,178,177,179,-1,165,163,173,-1,165,173,176,-1,176,173,171,-1,176,171,177,-1,177,171,170,-1,177,170,179,-1,179,170,169,-1,179,169,178,-1,178,169,172,-1,178,172,174,-1,168,166,175,-1,175,166,167,-1,180,181,182,-1,182,181,183,-1,184,180,185,-1,185,180,182,-1,181,180,186,-1,186,180,184,-1,187,188,189,-1,186,190,181,-1,181,190,187,-1,181,187,191,-1,191,187,189,-1,183,192,182,-1,182,192,193,-1,182,193,185,-1,183,194,192,-1,192,194,195,-1,192,195,196,-1,196,195,197,-1,183,181,191,-1,183,191,194,-1,194,191,189,-1,194,189,195,-1,195,189,188,-1,195,188,197,-1,197,188,187,-1,197,187,196,-1,196,187,190,-1,196,190,192,-1,186,184,193,-1,193,184,185,-1,198,199,200,-1,200,199,201,-1,202,198,203,-1,203,198,200,-1,204,205,206,-1,206,205,207,-1,206,207,208,-1,198,202,199,-1,199,202,206,-1,199,206,209,-1,209,206,208,-1,210,203,200,-1,200,201,210,-1,210,201,211,-1,210,211,212,-1,212,213,210,-1,210,213,214,-1,210,214,215,-1,201,199,209,-1,201,209,211,-1,211,209,208,-1,211,208,212,-1,212,208,207,-1,212,207,213,-1,213,207,205,-1,213,205,214,-1,214,205,204,-1,214,204,215,-1,202,203,206,-1,206,203,210,-1,216,217,218,-1,218,217,219,-1,220,216,221,-1,221,216,218,-1,222,223,224,-1,224,223,225,-1,224,225,226,-1,216,220,217,-1,217,220,224,-1,217,224,227,-1,227,224,226,-1,228,221,218,-1,218,219,228,-1,228,219,229,-1,228,229,230,-1,230,231,228,-1,228,231,232,-1,228,232,233,-1,219,217,227,-1,219,227,229,-1,229,227,226,-1,229,226,230,-1,230,226,225,-1,230,225,231,-1,231,225,223,-1,231,223,232,-1,232,223,222,-1,232,222,233,-1,220,221,224,-1,224,221,228,-1,234,235,236,-1,236,235,237,-1,238,234,239,-1,239,234,236,-1,240,241,242,-1,242,241,243,-1,242,243,244,-1,234,238,235,-1,235,238,242,-1,235,242,245,-1,245,242,244,-1,246,239,236,-1,236,237,246,-1,246,237,247,-1,246,247,248,-1,248,249,246,-1,246,249,250,-1,246,250,251,-1,237,235,245,-1,237,245,247,-1,247,245,244,-1,247,244,248,-1,248,244,243,-1,248,243,249,-1,249,243,241,-1,249,241,250,-1,250,241,240,-1,250,240,251,-1,238,239,242,-1,242,239,246,-1,252,253,254,-1,254,253,255,-1,256,252,257,-1,257,252,254,-1,258,259,260,-1,260,259,261,-1,262,259,263,-1,263,259,258,-1,262,263,264,-1,262,264,265,-1,265,264,266,-1,265,266,267,-1,267,266,268,-1,267,268,269,-1,269,268,270,-1,269,270,271,-1,271,270,255,-1,271,255,253,-1,272,257,254,-1,254,255,272,-1,272,255,270,-1,272,270,268,-1,268,266,272,-1,272,266,264,-1,272,264,263,-1,252,256,253,-1,253,256,273,-1,253,273,271,-1,273,262,265,-1,265,267,273,-1,273,267,269,-1,273,269,271,-1,256,257,273,-1,273,257,272,-1,274,275,276,-1,276,275,277,-1,278,274,279,-1,279,274,276,-1,280,281,282,-1,282,281,283,-1,280,284,281,-1,281,284,285,-1,285,284,286,-1,285,286,287,-1,287,286,288,-1,287,288,289,-1,289,288,290,-1,289,290,291,-1,291,290,292,-1,291,292,293,-1,293,292,278,-1,293,278,279,-1,294,275,274,-1,274,278,294,-1,294,278,292,-1,294,292,290,-1,290,288,294,-1,294,288,286,-1,294,286,284,-1,276,277,279,-1,279,277,295,-1,279,295,293,-1,295,285,287,-1,287,289,295,-1,295,289,291,-1,295,291,293,-1,277,275,295,-1,295,275,294,-1,296,297,298,-1,298,297,299,-1,300,296,301,-1,301,296,298,-1,302,303,304,-1,304,303,305,-1,302,306,303,-1,303,306,307,-1,307,306,308,-1,307,308,309,-1,309,308,310,-1,309,310,311,-1,311,310,312,-1,311,312,313,-1,313,312,314,-1,313,314,315,-1,315,314,300,-1,315,300,301,-1,316,297,296,-1,296,300,316,-1,316,300,314,-1,316,314,312,-1,312,310,316,-1,316,310,308,-1,316,308,306,-1,298,299,301,-1,301,299,317,-1,301,317,315,-1,317,307,309,-1,309,311,317,-1,317,311,313,-1,317,313,315,-1,299,297,317,-1,317,297,316,-1,318,319,320,-1,320,319,321,-1,322,318,323,-1,323,318,320,-1,324,325,326,-1,326,325,327,-1,324,328,325,-1,325,328,329,-1,329,328,330,-1,329,330,331,-1,331,330,332,-1,331,332,333,-1,333,332,334,-1,333,334,335,-1,335,334,336,-1,335,336,337,-1,337,336,322,-1,337,322,323,-1,338,319,318,-1,318,322,338,-1,338,322,336,-1,338,336,334,-1,334,332,338,-1,338,332,330,-1,338,330,328,-1,320,321,323,-1,323,321,339,-1,323,339,337,-1,339,329,331,-1,331,333,339,-1,339,333,335,-1,339,335,337,-1,321,319,339,-1,339,319,338,-1,340,341,342,-1,342,341,343,-1,344,340,345,-1,345,340,342,-1,346,347,348,-1,348,347,349,-1,346,350,347,-1,347,350,351,-1,351,350,352,-1,351,352,353,-1,353,352,354,-1,353,354,355,-1,355,354,356,-1,355,356,357,-1,357,356,358,-1,357,358,359,-1,359,358,344,-1,359,344,345,-1,360,341,340,-1,340,344,360,-1,360,344,358,-1,360,358,356,-1,356,354,360,-1,360,354,352,-1,360,352,350,-1,342,343,345,-1,345,343,361,-1,345,361,359,-1,361,351,353,-1,353,355,361,-1,361,355,357,-1,361,357,359,-1,343,341,361,-1,361,341,360,-1,362,363,364,-1,364,363,365,-1,365,366,364,-1,364,366,367,-1,367,366,368,-1,367,368,369,-1,369,368,370,-1,369,370,371,-1,371,370,372,-1,371,372,373,-1,373,372,374,-1,373,374,375,-1,375,374,376,-1,375,376,377,-1,376,378,377,-1,377,378,379,-1,378,380,379,-1,379,380,381,-1,379,381,377,-1,377,381,382,-1,377,382,375,-1,382,367,369,-1,369,371,382,-1,382,371,373,-1,382,373,375,-1,383,380,378,-1,378,376,383,-1,383,376,374,-1,383,374,372,-1,372,370,383,-1,383,370,368,-1,383,368,366,-1,381,380,382,-1,382,380,383,-1,384,385,386,-1,386,385,387,-1,388,389,390,-1,390,389,391,-1,392,393,394,-1,394,393,395,-1,396,397,398,-1,398,397,399,-1,400,401,402,-1,402,401,403,-1,404,405,406,-1,406,405,407,-1,408,409,410,-1,410,409,411,-1,412,413,414,-1,414,413,415,-1,416,417,418,-1,418,417,419,-1,420,421,422,-1,422,421,423,-1,424,425,426,-1,426,425,427,-1,428,429,430,-1,430,429,431,-1,432,433,434,-1,434,433,435,-1,436,437,438,-1,438,437,439,-1,440,441,442,-1,442,441,443,-1,444,445,446,-1,446,445,447,-1,448,449,450,-1,450,449,451,-1,452,453,454,-1,454,453,455,-1,456,457,458,-1,458,457,459,-1,460,461,462,-1,462,461,463,-1,
        ]
    }
}
Shape{
    appearance Appearance {
        material  Material 	{
            diffuseColor 1.0 1.0 1.0
            specularColor 0.5019607843137255 0.5019607843137255 0.5019607843137255
            ambientIntensity 1.0
            transparency 0.0
            shininess 0.5
        }
    }
    geometry IndexedFaceSet {
        ccw TRUE
        solid FALSE
        coord DEF co Coordinate {
            point [
                1.8081 -0.5789 0.6625, 1.8081 -0.575 0.6625, 1.8223 -0.575 0.6639, 1.83 -0.575 0.6664, 1.8324 -0.5789 0.6672, 1.8223 -0.5789 0.6639, 1.8324 -0.575 0.6672, 1.834 -0.575 0.668, 1.834 -0.5789 0.668, 1.834 -0.5789 0.6795, 1.834 -0.575 0.6795, 1.83 -0.575 0.6778, 1.8247 -0.5789 0.6754, 1.8247 -0.575 0.6754, 1.8142 -0.575 0.6734, 1.8142 -0.5789 0.6734, 1.8098 -0.575 0.6733, 1.8098 -0.5789 0.6733, 1.8015 -0.575 0.6742, 1.8015 -0.5789 0.6742, 1.7946 -0.575 0.6766, 1.7946 -0.5789 0.6766, 1.7883 -0.575 0.6807, 1.7883 -0.5789 0.6807, 1.7858 -0.575 0.6831, 1.7858 -0.5789 0.6831, 1.7815 -0.575 0.6891, 1.7815 -0.5789 0.6891, 1.7784 -0.575 0.6966, 1.7784 -0.5789 0.6966, 1.7768 -0.575 0.7058, 1.7768 -0.5789 0.7058, 1.7767 -0.575 0.7098, 1.7767 -0.5789 0.7098, 1.7782 -0.575 0.7226, 1.7782 -0.5789 0.7226, 1.7813 -0.575 0.7306, 1.7813 -0.5789 0.7306, 1.7858 -0.575 0.7371, 1.7858 -0.5789 0.7371, 1.7865 -0.575 0.7379, 1.7865 -0.5789 0.7379, 1.7924 -0.575 0.7428, 1.7924 -0.5789 0.7428, 1.7997 -0.575 0.7464, 1.7997 -0.5789 0.7464, 1.8078 -0.575 0.748, 1.8078 -0.5789 0.748, 1.8119 -0.575 0.7482, 1.8119 -0.5789 0.7482, 1.8234 -0.575 0.7468, 1.83 -0.575 0.7444, 1.8329 -0.5789 0.7432, 1.8234 -0.5789 0.7468, 1.8329 -0.575 0.7432, 1.834 -0.575 0.7427, 1.834 -0.5789 0.7427, 1.834 -0.5789 0.7553, 1.834 -0.575 0.7553, 1.83 -0.575 0.7564, 1.8241 -0.5789 0.7581, 1.8118 -0.575 0.7591, 1.8118 -0.5789 0.7591, 1.8219 -0.575 0.7583, 1.8241 -0.575 0.7581, 1.8053 -0.575 0.7583, 1.7984 -0.5789 0.7575, 1.7984 -0.575 0.7575, 1.7886 -0.575 0.7537, 1.7886 -0.5789 0.7537, 1.7798 -0.575 0.7476, 1.7798 -0.5789 0.7476, 1.7775 -0.575 0.7454, 1.7775 -0.5789 0.7454, 1.7707 -0.575 0.7365, 1.7682 -0.575 0.7306, 1.7663 -0.5789 0.7261, 1.7707 -0.5789 0.7365, 1.7663 -0.575 0.7261, 1.7642 -0.575 0.7139, 1.7642 -0.5789 0.7139, 1.764 -0.575 0.7091, 1.764 -0.5789 0.7091, 1.7658 -0.575 0.6939, 1.7682 -0.575 0.6879, 1.7696 -0.5789 0.6841, 1.7658 -0.5789 0.6939, 1.7696 -0.575 0.6841, 1.7752 -0.575 0.6762, 1.7752 -0.5789 0.6762, 1.776 -0.575 0.6753, 1.776 -0.5789 0.6753, 1.7824 -0.575 0.6698, 1.7824 -0.5789 0.6698, 1.791 -0.575 0.6653, 1.791 -0.5789 0.6653, 1.8009 -0.575 0.663, 1.8009 -0.5789 0.663, 1.9029 -0.5789 0.6748, 1.9029 -0.5789 0.6641, 1.9029 -0.575 0.6748, 1.9029 -0.575 0.6641, 1.8647 -0.575 0.6748, 1.8647 -0.5789 0.6748, 1.8899 -0.575 0.6748, 1.8647 -0.5789 0.7062, 1.8647 -0.575 0.7062, 1.8981 -0.5789 0.7062, 1.8899 -0.575 0.7062, 1.8981 -0.575 0.7062, 1.8981 -0.5789 0.7169, 1.8981 -0.575 0.7169, 1.8647 -0.575 0.7169, 1.8647 -0.5789 0.7169, 1.8899 -0.575 0.7169, 1.8647 -0.5789 0.7468, 1.8647 -0.575 0.7468, 1.9008 -0.5789 0.7468, 1.8899 -0.575 0.7468, 1.9008 -0.575 0.7468, 1.9008 -0.5789 0.7575, 1.9008 -0.575 0.7575, 1.8527 -0.575 0.7575, 1.8527 -0.5789 0.7575, 1.8899 -0.575 0.7575, 1.8527 -0.5789 0.6641, 1.8527 -0.575 0.6641, 1.8899 -0.575 0.6641, 1.9785 -0.5789 0.6901, 1.9739 -0.5789 0.6845, 1.9825 -0.5789 0.6772, 1.9728 -0.5789 0.6835, 1.9727 -0.5789 0.6702, 1.9668 -0.5789 0.6793, 1.9621 -0.5789 0.666, 1.9591 -0.5789 0.6763, 1.9462 -0.5789 0.6641, 1.9462 -0.5789 0.6748, 1.9205 -0.5789 0.6641, 1.9326 -0.5789 0.6748, 1.9205 -0.5789 0.7575, 1.9326 -0.5789 0.7468, 1.9472 -0.5789 0.7575, 1.9467 -0.5789 0.7468, 1.9615 -0.5789 0.756, 1.9594 -0.5789 0.7453, 1.9727 -0.5789 0.7518, 1.9674 -0.5789 0.7423, 1.9825 -0.5789 0.7452, 1.9737 -0.5789 0.738, 1.9858 -0.5789 0.7419, 1.9763 -0.5789 0.7354, 1.9916 -0.5789 0.7338, 1.9799 -0.5789 0.7302, 1.9951 -0.5789 0.7248, 1.9826 -0.5789 0.7233, 1.9966 -0.5789 0.712, 1.9839 -0.5789 0.7117, 1.9963 -0.5789 0.7061, 1.9836 -0.5789 0.7055, 1.9941 -0.5789 0.6951, 1.9817 -0.5789 0.697, 1.9895 -0.5789 0.6855, 1.9462 -0.575 0.6641, 1.9205 -0.575 0.6641, 1.9621 -0.575 0.666, 1.9727 -0.575 0.6702, 1.9825 -0.575 0.6772, 1.9895 -0.575 0.6855, 1.9941 -0.575 0.6951, 1.9963 -0.575 0.7061, 1.9966 -0.575 0.712, 1.9951 -0.575 0.7248, 1.9916 -0.575 0.7338, 1.9858 -0.575 0.7419, 1.9825 -0.575 0.7452, 1.9727 -0.575 0.7518, 1.9615 -0.575 0.756, 1.9472 -0.575 0.7575, 1.9205 -0.575 0.7575, 1.9467 -0.575 0.7468, 1.9326 -0.575 0.7468, 1.9326 -0.575 0.6748, 1.9462 -0.575 0.6748, 1.9739 -0.575 0.6845, 1.9728 -0.575 0.6835, 1.9668 -0.575 0.6793, 1.9591 -0.575 0.6763, 1.9839 -0.575 0.7117, 1.9836 -0.575 0.7055, 1.9817 -0.575 0.697, 1.9785 -0.575 0.6901, 1.9737 -0.575 0.738, 1.9763 -0.575 0.7354, 1.9799 -0.575 0.7302, 1.9826 -0.575 0.7233, 1.9594 -0.575 0.7453, 1.9674 -0.575 0.7423
            ]
        }
        coordIndex [
            0,1,2,-1,3,4,2,-1,2,4,5,-1,2,5,0,-1,3,6,4,-1,4,6,7,-1,4,7,8,-1,9,8,10,-1,10,8,7,-1,9,10,11,-1,9,11,12,-1,11,13,12,-1,12,13,14,-1,12,14,15,-1,15,14,16,-1,15,16,17,-1,17,16,18,-1,17,18,19,-1,19,18,20,-1,19,20,21,-1,21,20,22,-1,21,22,23,-1,23,22,24,-1,23,24,25,-1,25,24,26,-1,25,26,27,-1,27,26,28,-1,27,28,29,-1,29,28,30,-1,29,30,31,-1,31,30,32,-1,31,32,33,-1,33,32,34,-1,33,34,35,-1,35,34,36,-1,35,36,37,-1,37,36,38,-1,37,38,39,-1,39,38,40,-1,39,40,41,-1,41,40,42,-1,41,42,43,-1,43,42,44,-1,43,44,45,-1,45,44,46,-1,45,46,47,-1,47,46,48,-1,47,48,49,-1,49,48,50,-1,51,52,50,-1,50,52,53,-1,50,53,49,-1,51,54,52,-1,52,54,55,-1,52,55,56,-1,57,56,58,-1,58,56,55,-1,57,58,59,-1,57,59,60,-1,61,62,63,-1,63,62,60,-1,63,60,64,-1,64,60,59,-1,62,61,65,-1,62,65,66,-1,65,67,66,-1,66,67,68,-1,66,68,69,-1,69,68,70,-1,69,70,71,-1,71,70,72,-1,71,72,73,-1,73,72,74,-1,75,76,74,-1,74,76,77,-1,74,77,73,-1,75,78,76,-1,76,78,79,-1,76,79,80,-1,80,79,81,-1,80,81,82,-1,82,81,83,-1,84,85,83,-1,83,85,86,-1,83,86,82,-1,84,87,85,-1,85,87,88,-1,85,88,89,-1,89,88,90,-1,89,90,91,-1,91,90,92,-1,91,92,93,-1,93,92,94,-1,93,94,95,-1,95,94,96,-1,95,96,97,-1,97,96,1,-1,97,1,0,-1,73,41,71,-1,71,41,43,-1,71,43,69,-1,82,33,80,-1,80,33,35,-1,80,35,76,-1,76,35,77,-1,77,35,37,-1,77,37,73,-1,73,37,39,-1,73,39,41,-1,69,43,66,-1,66,43,45,-1,66,45,62,-1,8,9,4,-1,4,9,12,-1,4,12,5,-1,5,12,15,-1,5,15,0,-1,0,15,17,-1,0,17,97,-1,97,17,19,-1,97,19,95,-1,95,19,21,-1,95,21,93,-1,93,21,23,-1,93,23,91,-1,91,23,25,-1,91,25,89,-1,89,25,27,-1,89,27,85,-1,85,27,86,-1,86,27,29,-1,86,29,82,-1,82,29,31,-1,82,31,33,-1,45,47,62,-1,62,47,49,-1,62,49,60,-1,60,49,53,-1,60,53,57,-1,57,53,52,-1,57,52,56,-1,98,99,100,-1,100,99,101,-1,102,103,104,-1,104,103,98,-1,104,98,100,-1,105,103,106,-1,106,103,102,-1,105,106,107,-1,107,106,108,-1,107,108,109,-1,110,107,111,-1,111,107,109,-1,112,113,114,-1,114,113,110,-1,114,110,111,-1,115,113,116,-1,116,113,112,-1,115,116,117,-1,117,116,118,-1,117,118,119,-1,120,117,121,-1,121,117,119,-1,122,123,124,-1,124,123,120,-1,124,120,121,-1,125,123,126,-1,126,123,122,-1,101,99,127,-1,127,99,125,-1,127,125,126,-1,125,99,98,-1,98,103,125,-1,125,103,105,-1,125,105,123,-1,117,120,115,-1,115,120,123,-1,115,123,113,-1,113,123,105,-1,113,105,110,-1,110,105,107,-1,128,129,130,-1,130,129,131,-1,130,131,132,-1,132,131,133,-1,132,133,134,-1,134,133,135,-1,134,135,136,-1,136,135,137,-1,136,137,138,-1,138,137,139,-1,138,139,140,-1,140,139,141,-1,140,141,142,-1,142,141,143,-1,142,143,144,-1,144,143,145,-1,144,145,146,-1,146,145,147,-1,146,147,148,-1,148,147,149,-1,148,149,150,-1,150,149,151,-1,150,151,152,-1,152,151,153,-1,152,153,154,-1,154,153,155,-1,154,155,156,-1,156,155,157,-1,156,157,158,-1,158,157,159,-1,158,159,160,-1,160,159,161,-1,160,161,162,-1,162,161,128,-1,162,128,130,-1,136,138,163,-1,163,138,164,-1,136,163,165,-1,136,165,134,-1,134,165,166,-1,134,166,132,-1,132,166,167,-1,132,167,130,-1,130,167,168,-1,130,168,162,-1,162,168,169,-1,162,169,160,-1,160,169,170,-1,160,170,158,-1,158,170,171,-1,158,171,156,-1,156,171,172,-1,156,172,154,-1,154,172,173,-1,154,173,152,-1,152,173,174,-1,152,174,150,-1,150,174,175,-1,150,175,148,-1,148,175,176,-1,148,176,146,-1,146,176,177,-1,146,177,144,-1,144,177,178,-1,144,178,142,-1,140,142,179,-1,179,142,178,-1,138,140,164,-1,164,140,179,-1,143,141,180,-1,180,141,181,-1,141,139,181,-1,181,139,182,-1,139,137,182,-1,182,137,183,-1,129,184,185,-1,129,185,131,-1,131,185,186,-1,131,186,133,-1,133,186,187,-1,133,187,135,-1,135,187,183,-1,135,183,137,-1,157,188,189,-1,157,189,159,-1,159,189,190,-1,159,190,161,-1,161,190,191,-1,161,191,128,-1,128,191,184,-1,128,184,129,-1,149,192,193,-1,149,193,151,-1,151,193,194,-1,151,194,153,-1,153,194,195,-1,153,195,155,-1,155,195,188,-1,155,188,157,-1,143,180,196,-1,143,196,145,-1,145,196,197,-1,145,197,147,-1,147,197,192,-1,147,192,149,-1,
        ]
    }
}
Shape{
    appearance Appearance {
        material  Material 	{
            diffuseColor 0.054901960784313725 0.054901960784313725 0.054901960784313725
            specularColor 0.047058823529411764 0.047058823529411764 0.047058823529411764
            ambientIntensity 0.0549
            transparency 0.0
            shininess 0.5
        }
    }
    geometry IndexedFaceSet {
        ccw TRUE
        solid FALSE
        coord DEF co Coordinate {
            point [
                1.9326 -0.575 0.7468, 1.9326 -0.575 0.6748, 1.9467 -0.575 0.7468, 1.9462 -0.575 0.6748, 1.9591 -0.575 0.6763, 1.9668 -0.575 0.6793, 1.9728 -0.575 0.6835, 1.9739 -0.575 0.6845, 1.9785 -0.575 0.6901, 1.9817 -0.575 0.697, 1.9839 -0.575 0.7117, 1.9737 -0.575 0.738, 1.9674 -0.575 0.7423, 1.9826 -0.575 0.7233, 1.9799 -0.575 0.7302, 1.9763 -0.575 0.7354, 1.9836 -0.575 0.7055, 1.9594 -0.575 0.7453
            ]
        }
        coordIndex [
            0,1,2,-1,2,1,3,-1,3,4,2,-1,2,4,5,-1,2,5,6,-1,6,7,2,-1,2,7,8,-1,2,8,9,-1,10,11,12,-1,13,14,10,-1,10,14,15,-1,10,15,11,-1,9,16,2,-1,2,16,10,-1,2,10,17,-1,17,10,12,-1,
        ]
    }
}
Shape{
    appearance Appearance {
        material  Material 	{
            diffuseColor 1.0 1.0 1.0
            specularColor 0.5019607843137255 0.5019607843137255 0.5019607843137255
            ambientIntensity 1.0
            transparency 0.0
            shininess 0.5
        }
    }
    geometry IndexedFaceSet {
        ccw TRUE
        solid FALSE
        coord DEF co Coordinate {
            point [
                2.0279 -0.5789 0.7002, 2.0241 -0.5789 0.6897, 2.0593 -0.5789 0.7002, 2.063 -0.5789 0.6897, 2.0419 -0.5789 0.7391, 2.0374 -0.5789 0.7575, 2.0018 -0.5789 0.6641, 2.0151 -0.5789 0.6641, 2.0427 -0.5789 0.7418, 2.0434 -0.5789 0.7456, 2.0503 -0.5789 0.7575, 2.0437 -0.5789 0.7456, 2.0444 -0.5789 0.7416, 2.0451 -0.5789 0.7391, 2.0858 -0.5789 0.6641, 2.0725 -0.5789 0.6641, 2.0503 -0.575 0.7575, 2.0858 -0.575 0.6641, 2.0374 -0.575 0.7575, 2.0018 -0.575 0.6641, 2.0287 -0.575 0.7348, 2.0151 -0.575 0.6641, 2.0241 -0.575 0.6897, 2.063 -0.575 0.6897, 2.0287 -0.575 0.6897, 2.0725 -0.575 0.6641, 2.0279 -0.575 0.7002, 2.0593 -0.575 0.7002, 2.0451 -0.575 0.7391, 2.0437 -0.575 0.7456, 2.0444 -0.575 0.7416, 2.0434 -0.575 0.7456, 2.0419 -0.575 0.7391, 2.0427 -0.575 0.7418
            ]
        }
        coordIndex [
            0,1,2,-1,2,1,3,-1,4,5,0,-1,0,5,6,-1,0,6,1,-1,1,6,7,-1,4,8,5,-1,5,8,9,-1,5,9,10,-1,10,9,11,-1,10,11,12,-1,12,13,10,-1,10,13,2,-1,10,2,14,-1,14,2,3,-1,14,3,15,-1,10,14,16,-1,16,14,17,-1,5,10,18,-1,18,10,16,-1,19,6,20,-1,20,6,5,-1,20,5,18,-1,7,6,21,-1,21,6,19,-1,1,7,22,-1,22,7,21,-1,23,3,24,-1,24,3,1,-1,24,1,22,-1,15,3,25,-1,25,3,23,-1,14,15,17,-1,17,15,25,-1,0,2,26,-1,26,2,27,-1,2,13,27,-1,27,13,28,-1,11,29,30,-1,11,30,12,-1,12,30,28,-1,12,28,13,-1,11,9,29,-1,29,9,31,-1,4,32,33,-1,4,33,8,-1,8,33,31,-1,8,31,9,-1,4,0,32,-1,32,0,26,-1,
        ]
    }
}
Shape{
    appearance Appearance {
        material  Material 	{
            diffuseColor 0.054901960784313725 0.054901960784313725 0.054901960784313725
            specularColor 0.047058823529411764 0.047058823529411764 0.047058823529411764
            ambientIntensity 0.0549
            transparency 0.0
            shininess 0.5
        }
    }
    geometry IndexedFaceSet {
        ccw TRUE
        solid FALSE
        coord DEF co Coordinate {
            point [
                2.0437 -0.575 0.7456, 2.0434 -0.575 0.7456, 2.0444 -0.575 0.7416, 2.0427 -0.575 0.7418, 2.0451 -0.575 0.7391, 2.0419 -0.575 0.7391, 2.0593 -0.575 0.7002, 2.0279 -0.575 0.7002
            ]
        }
        coordIndex [
            0,1,2,-1,2,1,3,-1,2,3,4,-1,4,3,5,-1,4,5,6,-1,6,5,7,-1,
        ]
    }
}
Shape{
    appearance Appearance {
        material  Material 	{
            diffuseColor 1.0 1.0 1.0
            specularColor 0.5019607843137255 0.5019607843137255 0.5019607843137255
            ambientIntensity 1.0
            transparency 0.0
            shininess 0.5
        }
    }
    geometry IndexedFaceSet {
        ccw TRUE
        solid FALSE
        coord DEF co Coordinate {
            point [
                1.7612 -0.5789 0.5266, 1.7612 -0.5789 0.5159, 1.7612 -0.575 0.5266, 1.7612 -0.575 0.5159, 1.723 -0.5789 0.5266, 1.723 -0.575 0.5266, 1.723 -0.5789 0.558, 1.723 -0.575 0.558, 1.7564 -0.5789 0.558, 1.7564 -0.575 0.558, 1.7564 -0.5789 0.5687, 1.7564 -0.575 0.5687, 1.723 -0.5789 0.5687, 1.723 -0.575 0.5687, 1.723 -0.5789 0.5986, 1.723 -0.575 0.5986, 1.7591 -0.5789 0.5986, 1.7591 -0.575 0.5986, 1.7591 -0.5789 0.6093, 1.7591 -0.575 0.6093, 1.7109 -0.5789 0.6093, 1.7109 -0.575 0.6093, 1.7109 -0.5789 0.5159, 1.7109 -0.575 0.5159, 1.814 -0.5789 0.5262, 1.8143 -0.5789 0.5262, 1.8135 -0.5789 0.537, 1.8143 -0.5789 0.5422, 1.826 -0.5789 0.5589, 1.8143 -0.5789 0.543, 1.8143 -0.5789 0.5494, 1.8143 -0.5789 0.5159, 1.826 -0.5789 0.5159, 1.7843 -0.5789 0.5366, 1.7849 -0.5789 0.5393, 1.7748 -0.5789 0.5445, 1.8118 -0.5789 0.5328, 1.8093 -0.5789 0.5294, 1.8121 -0.5789 0.5234, 1.8078 -0.5789 0.528, 1.8084 -0.5789 0.5194, 1.8045 -0.5789 0.5257, 1.8043 -0.5789 0.5167, 1.8009 -0.5789 0.5244, 1.7996 -0.5789 0.515, 1.7966 -0.5789 0.5239, 1.7935 -0.5789 0.5144, 1.7926 -0.5789 0.5244, 1.7865 -0.5789 0.5152, 1.79 -0.5789 0.5254, 1.7821 -0.5789 0.5169, 1.7876 -0.5789 0.527, 1.7781 -0.5789 0.5196, 1.7866 -0.5789 0.528, 1.7772 -0.5789 0.5478, 1.786 -0.5789 0.5415, 1.7808 -0.5789 0.5509, 1.7874 -0.5789 0.5432, 1.7859 -0.5789 0.5535, 1.7888 -0.5789 0.5443, 1.7915 -0.5789 0.5456, 1.7945 -0.5789 0.5556, 1.7987 -0.5789 0.5473, 1.8143 -0.5789 0.5583, 1.7732 -0.5789 0.5404, 1.7724 -0.5789 0.5354, 1.7842 -0.5789 0.5347, 1.7724 -0.5789 0.5338, 1.7845 -0.5789 0.5321, 1.773 -0.5789 0.5285, 1.7853 -0.5789 0.5299, 1.7744 -0.5789 0.5245, 1.7768 -0.5789 0.5209, 1.7789 -0.5789 0.578, 1.7789 -0.5789 0.5666, 1.7813 -0.5789 0.5794, 1.786 -0.5789 0.5712, 1.7901 -0.5789 0.5827, 1.7933 -0.5789 0.5738, 1.8019 -0.5789 0.5842, 1.8008 -0.5789 0.5747, 1.809 -0.5789 0.5835, 1.8047 -0.5789 0.5743, 1.8139 -0.5789 0.582, 1.8074 -0.5789 0.5733, 1.8178 -0.5789 0.5798, 1.8095 -0.5789 0.572, 1.8209 -0.5789 0.5768, 1.8113 -0.5789 0.5701, 1.8233 -0.5789 0.573, 1.8127 -0.5789 0.5677, 1.8251 -0.5789 0.5677, 1.8139 -0.5789 0.5635, 1.8019 -0.575 0.5842, 1.7901 -0.575 0.5827, 1.7813 -0.575 0.5794, 1.7789 -0.575 0.578, 1.7789 -0.575 0.5666, 1.786 -0.575 0.5712, 1.7933 -0.575 0.5738, 1.8008 -0.575 0.5747, 1.8047 -0.575 0.5743, 1.8074 -0.575 0.5733, 1.8095 -0.575 0.572, 1.8113 -0.575 0.5701, 1.8127 -0.575 0.5677, 1.8139 -0.575 0.5635, 1.8143 -0.575 0.5583, 1.7945 -0.575 0.5556, 1.7859 -0.575 0.5535, 1.7808 -0.575 0.5509, 1.7772 -0.575 0.5478, 1.7748 -0.575 0.5445, 1.7732 -0.575 0.5404, 1.7724 -0.575 0.5354, 1.7724 -0.575 0.5338, 1.773 -0.575 0.5285, 1.7744 -0.575 0.5245, 1.7768 -0.575 0.5209, 1.7781 -0.575 0.5196, 1.7935 -0.575 0.5144, 1.7868 -0.575 0.5151, 1.7865 -0.575 0.5152, 1.7821 -0.575 0.5169, 1.7996 -0.575 0.515, 1.7999 -0.575 0.5151, 1.8043 -0.575 0.5167, 1.8084 -0.575 0.5194, 1.8121 -0.575 0.5234, 1.814 -0.575 0.5262, 1.8143 -0.575 0.5262, 1.8143 -0.575 0.5159, 1.826 -0.575 0.5159, 1.826 -0.575 0.5589, 1.8251 -0.575 0.5677, 1.8233 -0.575 0.573, 1.8209 -0.575 0.5768, 1.8178 -0.575 0.5798, 1.8139 -0.575 0.582, 1.809 -0.575 0.5835, 1.7874 -0.575 0.5432, 1.7888 -0.575 0.5443, 1.7915 -0.575 0.5456, 1.7987 -0.575 0.5473, 1.7842 -0.575 0.5347, 1.7843 -0.575 0.5366, 1.7849 -0.575 0.5393, 1.786 -0.575 0.5415, 1.7876 -0.575 0.527, 1.7866 -0.575 0.528, 1.7853 -0.575 0.5299, 1.7845 -0.575 0.5321, 1.7966 -0.575 0.5239, 1.7926 -0.575 0.5244, 1.79 -0.575 0.5254, 1.8093 -0.575 0.5294, 1.8078 -0.575 0.528, 1.8045 -0.575 0.5257, 1.8009 -0.575 0.5244, 1.8143 -0.575 0.543, 1.8143 -0.575 0.5422, 1.8135 -0.575 0.537, 1.8118 -0.575 0.5328, 1.8143 -0.575 0.5494
            ]
        }
        coordIndex [
            0,1,2,-1,2,1,3,-1,4,0,5,-1,5,0,2,-1,6,4,7,-1,7,4,5,-1,8,6,9,-1,9,6,7,-1,10,8,11,-1,11,8,9,-1,12,10,13,-1,13,10,11,-1,14,12,15,-1,15,12,13,-1,16,14,17,-1,17,14,15,-1,18,16,19,-1,19,16,17,-1,20,18,21,-1,21,18,19,-1,22,20,23,-1,23,20,21,-1,1,22,3,-1,3,22,23,-1,22,1,0,-1,0,4,22,-1,22,4,6,-1,22,6,20,-1,16,18,14,-1,14,18,20,-1,14,20,12,-1,12,20,6,-1,12,6,10,-1,10,6,8,-1,24,25,26,-1,27,28,29,-1,29,28,30,-1,31,32,25,-1,25,32,28,-1,25,28,26,-1,26,28,27,-1,33,34,35,-1,26,36,24,-1,24,36,37,-1,24,37,38,-1,38,37,39,-1,38,39,40,-1,40,39,41,-1,40,41,42,-1,42,41,43,-1,42,43,44,-1,44,43,45,-1,44,45,46,-1,46,45,47,-1,46,47,48,-1,48,47,49,-1,48,49,50,-1,50,49,51,-1,50,51,52,-1,52,51,53,-1,35,34,54,-1,54,34,55,-1,54,55,56,-1,56,55,57,-1,56,57,58,-1,57,59,58,-1,58,59,60,-1,58,60,61,-1,61,60,62,-1,61,62,63,-1,35,64,33,-1,33,64,65,-1,33,65,66,-1,66,65,67,-1,66,67,68,-1,68,67,69,-1,68,69,70,-1,70,69,71,-1,70,71,53,-1,53,71,72,-1,53,72,52,-1,73,74,75,-1,75,74,76,-1,75,76,77,-1,77,76,78,-1,77,78,79,-1,79,78,80,-1,79,80,81,-1,81,80,82,-1,81,82,83,-1,83,82,84,-1,83,84,85,-1,85,84,86,-1,85,86,87,-1,87,86,88,-1,87,88,89,-1,89,88,90,-1,89,90,91,-1,91,90,92,-1,91,92,28,-1,28,92,63,-1,28,63,30,-1,30,63,62,-1,79,93,94,-1,79,94,77,-1,77,94,95,-1,77,95,75,-1,75,95,96,-1,75,96,73,-1,74,73,97,-1,97,73,96,-1,74,97,98,-1,74,98,76,-1,76,98,99,-1,76,99,78,-1,78,99,100,-1,78,100,80,-1,80,100,101,-1,80,101,82,-1,82,101,102,-1,82,102,84,-1,84,102,103,-1,84,103,86,-1,86,103,104,-1,86,104,88,-1,88,104,105,-1,88,105,90,-1,90,105,106,-1,90,106,92,-1,92,106,107,-1,92,107,63,-1,61,63,108,-1,108,63,107,-1,61,108,109,-1,61,109,58,-1,58,109,110,-1,58,110,56,-1,56,110,111,-1,56,111,54,-1,54,111,112,-1,54,112,35,-1,35,112,113,-1,35,113,64,-1,64,113,114,-1,64,114,65,-1,65,114,115,-1,65,115,67,-1,67,115,116,-1,67,116,69,-1,69,116,117,-1,69,117,71,-1,71,117,118,-1,71,118,72,-1,72,118,119,-1,72,119,52,-1,120,46,121,-1,121,46,48,-1,121,48,122,-1,122,48,50,-1,122,50,123,-1,123,50,52,-1,123,52,119,-1,46,120,124,-1,46,124,44,-1,44,124,125,-1,44,125,42,-1,125,126,42,-1,42,126,127,-1,42,127,40,-1,40,127,128,-1,40,128,38,-1,38,128,129,-1,38,129,24,-1,25,24,130,-1,130,24,129,-1,31,25,131,-1,131,25,130,-1,32,31,132,-1,132,31,131,-1,28,32,133,-1,133,32,132,-1,28,133,134,-1,28,134,91,-1,91,134,135,-1,91,135,89,-1,89,135,136,-1,89,136,87,-1,87,136,137,-1,87,137,85,-1,85,137,138,-1,85,138,83,-1,83,138,139,-1,83,139,81,-1,81,139,93,-1,81,93,79,-1,57,140,141,-1,57,141,59,-1,59,141,142,-1,59,142,60,-1,60,142,143,-1,60,143,62,-1,66,144,145,-1,66,145,33,-1,33,145,146,-1,33,146,34,-1,34,146,147,-1,34,147,55,-1,55,147,140,-1,55,140,57,-1,51,148,149,-1,51,149,53,-1,53,149,150,-1,53,150,70,-1,70,150,151,-1,70,151,68,-1,68,151,144,-1,68,144,66,-1,45,152,153,-1,45,153,47,-1,47,153,154,-1,47,154,49,-1,49,154,148,-1,49,148,51,-1,37,155,156,-1,37,156,39,-1,39,156,157,-1,39,157,41,-1,41,157,158,-1,41,158,43,-1,43,158,152,-1,43,152,45,-1,29,159,160,-1,29,160,27,-1,27,160,161,-1,27,161,26,-1,26,161,162,-1,26,162,36,-1,36,162,155,-1,36,155,37,-1,29,30,159,-1,159,30,163,-1,30,62,163,-1,163,62,143,-1,
        ]
    }
}
Shape{
    appearance Appearance {
        material  Material 	{
            diffuseColor 0.054901960784313725 0.054901960784313725 0.054901960784313725
            specularColor 0.047058823529411764 0.047058823529411764 0.047058823529411764
            ambientIntensity 0.0549
            transparency 0.0
            shininess 0.5
        }
    }
    geometry IndexedFaceSet {
        ccw TRUE
        solid FALSE
        coord DEF co Coordinate {
            point [
                1.8143 -0.575 0.5422, 1.8143 -0.575 0.543, 1.7874 -0.575 0.5432, 1.8143 -0.575 0.5494, 1.7987 -0.575 0.5473, 1.7915 -0.575 0.5456, 1.7888 -0.575 0.5443, 1.8135 -0.575 0.537, 1.786 -0.575 0.5415, 1.8118 -0.575 0.5328, 1.7866 -0.575 0.528, 1.7876 -0.575 0.527, 1.8078 -0.575 0.528, 1.7853 -0.575 0.5299, 1.8045 -0.575 0.5257, 1.8009 -0.575 0.5244, 1.7966 -0.575 0.5239, 1.7849 -0.575 0.5393, 1.7843 -0.575 0.5366, 1.8093 -0.575 0.5294, 1.7842 -0.575 0.5347, 1.7845 -0.575 0.5321, 1.79 -0.575 0.5254, 1.7926 -0.575 0.5244
            ]
        }
        coordIndex [
            0,1,2,-1,1,3,4,-1,4,5,1,-1,1,5,6,-1,1,6,2,-1,0,2,7,-1,7,2,8,-1,7,8,9,-1,10,11,12,-1,10,12,13,-1,14,12,15,-1,15,12,16,-1,8,17,9,-1,9,17,18,-1,9,18,19,-1,19,18,20,-1,19,20,12,-1,12,20,21,-1,12,21,13,-1,11,22,12,-1,12,22,23,-1,12,23,16,-1,
        ]
    }
}
Shape{
    appearance Appearance {
        material  Material 	{
            diffuseColor 1.0 1.0 1.0
            specularColor 0.5019607843137255 0.5019607843137255 0.5019607843137255
            ambientIntensity 1.0
            transparency 0.0
            shininess 0.5
        }
    }
    geometry IndexedFaceSet {
        ccw TRUE
        solid FALSE
        coord DEF co Coordinate {
            point [
                1.8418 -0.575 0.5303, 1.8418 -0.5789 0.5303, 1.8463 -0.5789 0.5276, 1.8611 -0.5789 0.5239, 1.8611 -0.575 0.5239, 1.8537 -0.575 0.5248, 1.8537 -0.5789 0.5248, 1.8473 -0.575 0.5272, 1.8463 -0.575 0.5276, 1.8418 -0.5789 0.5183, 1.8418 -0.575 0.5183, 1.8473 -0.575 0.5163, 1.8492 -0.5789 0.5156, 1.8599 -0.575 0.5144, 1.8599 -0.5789 0.5144, 1.8531 -0.575 0.5151, 1.8492 -0.575 0.5156, 1.8679 -0.575 0.5151, 1.869 -0.5789 0.5152, 1.869 -0.575 0.5152, 1.8755 -0.575 0.5174, 1.8755 -0.5789 0.5174, 1.8794 -0.575 0.5197, 1.8794 -0.5789 0.5197, 1.8827 -0.575 0.5226, 1.8827 -0.5789 0.5226, 1.8849 -0.575 0.5257, 1.8849 -0.5789 0.5257, 1.8863 -0.575 0.5294, 1.8863 -0.5789 0.5294, 1.8869 -0.575 0.5341, 1.8869 -0.5789 0.5341, 1.8864 -0.575 0.5384, 1.8864 -0.5789 0.5384, 1.8852 -0.575 0.5419, 1.8852 -0.5789 0.5419, 1.883 -0.575 0.5451, 1.883 -0.5789 0.5451, 1.8802 -0.575 0.5476, 1.8802 -0.5789 0.5476, 1.8724 -0.575 0.5519, 1.8724 -0.5789 0.5519, 1.8679 -0.575 0.5538, 1.8679 -0.5789 0.5538, 1.8607 -0.575 0.5569, 1.8607 -0.5789 0.5569, 1.8565 -0.575 0.5595, 1.8565 -0.5789 0.5595, 1.8554 -0.575 0.5607, 1.8554 -0.5789 0.5607, 1.8545 -0.575 0.5623, 1.8545 -0.5789 0.5623, 1.8541 -0.575 0.5641, 1.8541 -0.5789 0.5641, 1.854 -0.575 0.5657, 1.854 -0.5789 0.5657, 1.8542 -0.575 0.5676, 1.8542 -0.5789 0.5676, 1.8548 -0.575 0.5691, 1.8548 -0.5789 0.5691, 1.8558 -0.575 0.5706, 1.8558 -0.5789 0.5706, 1.8575 -0.575 0.5722, 1.8575 -0.5789 0.5722, 1.8602 -0.575 0.5736, 1.8602 -0.5789 0.5736, 1.8633 -0.575 0.5744, 1.8633 -0.5789 0.5744, 1.8667 -0.575 0.5747, 1.8667 -0.5789 0.5747, 1.8744 -0.575 0.5738, 1.8744 -0.5789 0.5738, 1.881 -0.575 0.5714, 1.881 -0.5789 0.5714, 1.8837 -0.575 0.5698, 1.8837 -0.5789 0.5698, 1.8837 -0.5789 0.5812, 1.8837 -0.575 0.5812, 1.8759 -0.575 0.5835, 1.8759 -0.5789 0.5835, 1.8679 -0.575 0.5842, 1.8679 -0.5789 0.5842, 1.8595 -0.575 0.5833, 1.8595 -0.5789 0.5833, 1.853 -0.575 0.581, 1.853 -0.5789 0.581, 1.8494 -0.575 0.5789, 1.8494 -0.5789 0.5789, 1.8473 -0.575 0.5769, 1.8459 -0.5789 0.5758, 1.8459 -0.575 0.5758, 1.8438 -0.575 0.5726, 1.8438 -0.5789 0.5726, 1.8424 -0.575 0.5688, 1.8424 -0.5789 0.5688, 1.8419 -0.575 0.5646, 1.8419 -0.5789 0.5646, 1.8424 -0.575 0.5601, 1.8424 -0.5789 0.5601, 1.8437 -0.575 0.5565, 1.8437 -0.5789 0.5565, 1.8452 -0.575 0.5541, 1.8452 -0.5789 0.5541, 1.8596 -0.575 0.5452, 1.8596 -0.5789 0.5452, 1.8527 -0.5789 0.5484, 1.8471 -0.575 0.5521, 1.8471 -0.5789 0.5521, 1.8473 -0.575 0.552, 1.8527 -0.575 0.5484, 1.8673 -0.575 0.542, 1.8673 -0.5789 0.542, 1.8719 -0.575 0.5393, 1.8719 -0.5789 0.5393, 1.8733 -0.575 0.5378, 1.8733 -0.5789 0.5378, 1.8742 -0.575 0.5362, 1.8742 -0.5789 0.5362, 1.8748 -0.575 0.5344, 1.8748 -0.5789 0.5344, 1.8749 -0.575 0.5329, 1.8749 -0.5789 0.5329, 1.8746 -0.575 0.5307, 1.8746 -0.5789 0.5307, 1.8741 -0.575 0.529, 1.8741 -0.5789 0.529, 1.873 -0.575 0.5275, 1.873 -0.5789 0.5275, 1.8717 -0.575 0.5263, 1.8717 -0.5789 0.5263, 1.8706 -0.575 0.5257, 1.8706 -0.5789 0.5257, 1.8676 -0.575 0.5246, 1.8676 -0.5789 0.5246, 1.8616 -0.575 0.5239, 1.8616 -0.5789 0.5239, 1.9449 -0.5789 0.5826, 1.957 -0.5789 0.5826, 1.9449 -0.575 0.5826, 1.957 -0.575 0.5826, 1.9267 -0.5789 0.5324, 1.9267 -0.575 0.5324, 1.9258 -0.575 0.5293, 1.9258 -0.5789 0.5293, 1.9253 -0.575 0.527, 1.9253 -0.5789 0.527, 1.9249 -0.5789 0.527, 1.9249 -0.575 0.527, 1.9235 -0.5789 0.5325, 1.9235 -0.575 0.5325, 1.9061 -0.575 0.5826, 1.9061 -0.5789 0.5826, 1.9117 -0.575 0.5664, 1.893 -0.5789 0.5826, 1.893 -0.575 0.5826, 1.9192 -0.575 0.5161, 1.9192 -0.5789 0.5161, 1.9117 -0.575 0.535, 1.914 -0.575 0.5039, 1.914 -0.5789 0.5039, 1.9188 -0.575 0.5151, 1.9117 -0.575 0.4997, 1.9117 -0.5789 0.4997, 1.9117 -0.575 0.4997, 1.9095 -0.575 0.4973, 1.9095 -0.5789 0.4973, 1.9075 -0.575 0.4958, 1.9075 -0.5789 0.4958, 1.9049 -0.575 0.4949, 1.9049 -0.5789 0.4949, 1.902 -0.575 0.4945, 1.902 -0.5789 0.4945, 1.8978 -0.575 0.4951, 1.8978 -0.5789 0.4951, 1.8954 -0.575 0.4959, 1.8954 -0.5789 0.4959, 1.8954 -0.5789 0.4855, 1.8954 -0.575 0.4855, 1.9004 -0.575 0.4846, 1.9004 -0.5789 0.4846, 1.9029 -0.575 0.4845, 1.9029 -0.5789 0.4845, 1.9077 -0.575 0.485, 1.9077 -0.5789 0.485, 1.9117 -0.575 0.4866, 1.9123 -0.5789 0.4868, 1.9123 -0.575 0.4868, 1.9164 -0.575 0.4897, 1.9164 -0.5789 0.4897, 1.9172 -0.575 0.4904, 1.9172 -0.5789 0.4904, 1.9215 -0.575 0.4955, 1.9215 -0.5789 0.4955, 1.9268 -0.575 0.5058, 1.9268 -0.5789 0.5058, 1.9304 -0.575 0.5151, 2.0199 -0.5789 0.5266, 2.0199 -0.5789 0.5159, 2.0199 -0.575 0.5266, 2.0199 -0.575 0.5159, 1.9817 -0.575 0.5266, 1.9817 -0.5789 0.5266, 1.9992 -0.575 0.5266, 1.9817 -0.5789 0.558, 1.9817 -0.575 0.558, 2.0151 -0.575 0.558, 2.0151 -0.5789 0.558, 1.9992 -0.575 0.558, 2.0151 -0.5789 0.5687, 2.0151 -0.575 0.5687, 1.9817 -0.575 0.5687, 1.9817 -0.5789 0.5687, 1.9992 -0.575 0.5687, 1.9817 -0.5789 0.5986, 1.9817 -0.575 0.5986, 2.0178 -0.575 0.5986, 2.0178 -0.5789 0.5986, 1.9992 -0.575 0.5986, 2.0178 -0.5789 0.6093, 2.0178 -0.575 0.6093, 1.9696 -0.575 0.6093, 1.9696 -0.5789 0.6093, 1.9992 -0.575 0.6093, 1.9696 -0.5789 0.5159, 1.9696 -0.575 0.5159, 1.9992 -0.575 0.5159, 2.0955 -0.5789 0.5419, 2.0909 -0.5789 0.5363, 2.0995 -0.5789 0.529, 2.0898 -0.5789 0.5353, 2.0897 -0.5789 0.522, 2.0838 -0.5789 0.5311, 2.079 -0.5789 0.5178, 2.076 -0.5789 0.5281, 2.0632 -0.5789 0.5159, 2.0632 -0.5789 0.5266, 2.0375 -0.5789 0.5159, 2.0496 -0.5789 0.5266, 2.0375 -0.5789 0.6093, 2.0496 -0.5789 0.5986, 2.0642 -0.5789 0.6093, 2.0637 -0.5789 0.5986, 2.0784 -0.5789 0.6078, 2.0764 -0.5789 0.5971, 2.0897 -0.5789 0.6036, 2.0844 -0.5789 0.5941, 2.0995 -0.5789 0.597, 2.0907 -0.5789 0.5898, 2.1028 -0.5789 0.5937, 2.0933 -0.5789 0.5872, 2.1086 -0.5789 0.5856, 2.0969 -0.5789 0.582, 2.112 -0.5789 0.5767, 2.0995 -0.5789 0.5751, 2.1136 -0.5789 0.5638, 2.1009 -0.5789 0.5635, 2.1133 -0.5789 0.5579, 2.1006 -0.5789 0.5574, 2.111 -0.5789 0.5469, 2.0987 -0.5789 0.5488, 2.1064 -0.5789 0.5373, 2.0632 -0.575 0.5159, 2.0375 -0.575 0.5159, 2.079 -0.575 0.5178, 2.0897 -0.575 0.522, 2.0995 -0.575 0.529, 2.1064 -0.575 0.5373, 2.111 -0.575 0.5469, 2.1133 -0.575 0.5579, 2.1136 -0.575 0.5638, 2.112 -0.575 0.5767, 2.1086 -0.575 0.5856, 2.1028 -0.575 0.5937, 2.0995 -0.575 0.597, 2.0897 -0.575 0.6036, 2.0784 -0.575 0.6078, 2.0642 -0.575 0.6093, 2.0375 -0.575 0.6093, 2.0637 -0.575 0.5986, 2.0496 -0.575 0.5986, 2.0496 -0.575 0.5266, 2.0632 -0.575 0.5266, 2.0909 -0.575 0.5363, 2.0898 -0.575 0.5353, 2.0838 -0.575 0.5311, 2.076 -0.575 0.5281, 2.1009 -0.575 0.5635, 2.1006 -0.575 0.5574, 2.0987 -0.575 0.5488, 2.0955 -0.575 0.5419, 2.0907 -0.575 0.5898, 2.0933 -0.575 0.5872, 2.0969 -0.575 0.582, 2.0995 -0.575 0.5751, 2.0764 -0.575 0.5971, 2.0844 -0.575 0.5941
            ]
        }
        coordIndex [
            0,1,2,-1,3,4,5,-1,3,5,6,-1,6,5,7,-1,6,7,2,-1,2,7,8,-1,2,8,0,-1,9,1,10,-1,10,1,0,-1,10,11,9,-1,9,11,12,-1,13,14,15,-1,15,14,12,-1,15,12,16,-1,16,12,11,-1,13,17,14,-1,14,17,18,-1,17,19,18,-1,18,19,20,-1,18,20,21,-1,21,20,22,-1,21,22,23,-1,23,22,24,-1,23,24,25,-1,25,24,26,-1,25,26,27,-1,27,26,28,-1,27,28,29,-1,29,28,30,-1,29,30,31,-1,31,30,32,-1,31,32,33,-1,33,32,34,-1,33,34,35,-1,35,34,36,-1,35,36,37,-1,37,36,38,-1,37,38,39,-1,39,38,40,-1,39,40,41,-1,41,40,42,-1,41,42,43,-1,43,42,44,-1,43,44,45,-1,45,44,46,-1,45,46,47,-1,47,46,48,-1,47,48,49,-1,49,48,50,-1,49,50,51,-1,51,50,52,-1,51,52,53,-1,53,52,54,-1,53,54,55,-1,55,54,56,-1,55,56,57,-1,57,56,58,-1,57,58,59,-1,59,58,60,-1,59,60,61,-1,61,60,62,-1,61,62,63,-1,63,62,64,-1,63,64,65,-1,65,64,66,-1,65,66,67,-1,67,66,68,-1,67,68,69,-1,69,68,70,-1,69,70,71,-1,71,70,72,-1,71,72,73,-1,73,72,74,-1,73,74,75,-1,76,75,77,-1,77,75,74,-1,76,77,78,-1,76,78,79,-1,79,78,80,-1,79,80,81,-1,81,80,82,-1,81,82,83,-1,83,82,84,-1,83,84,85,-1,85,84,86,-1,85,86,87,-1,86,88,87,-1,87,88,89,-1,88,90,89,-1,89,90,91,-1,89,91,92,-1,92,91,93,-1,92,93,94,-1,94,93,95,-1,94,95,96,-1,96,95,97,-1,96,97,98,-1,98,97,99,-1,98,99,100,-1,100,99,101,-1,100,101,102,-1,103,104,105,-1,102,101,106,-1,102,106,107,-1,107,106,108,-1,107,108,105,-1,105,108,109,-1,105,109,103,-1,104,103,110,-1,104,110,111,-1,111,110,112,-1,111,112,113,-1,113,112,114,-1,113,114,115,-1,115,114,116,-1,115,116,117,-1,117,116,118,-1,117,118,119,-1,119,118,120,-1,119,120,121,-1,121,120,122,-1,121,122,123,-1,123,122,124,-1,123,124,125,-1,125,124,126,-1,125,126,127,-1,127,126,128,-1,127,128,129,-1,129,128,130,-1,129,130,131,-1,131,130,132,-1,131,132,133,-1,133,132,134,-1,133,134,135,-1,135,134,4,-1,135,4,3,-1,61,63,85,-1,85,63,83,-1,45,104,43,-1,43,104,111,-1,43,111,41,-1,14,3,12,-1,12,3,6,-1,12,6,9,-1,9,6,2,-1,9,2,1,-1,63,65,83,-1,83,65,67,-1,83,67,81,-1,81,67,69,-1,81,69,79,-1,79,69,71,-1,79,71,76,-1,76,71,73,-1,76,73,75,-1,41,111,39,-1,39,111,113,-1,39,113,37,-1,37,113,115,-1,37,115,35,-1,35,115,117,-1,35,117,33,-1,33,117,119,-1,33,119,31,-1,31,119,121,-1,31,121,29,-1,29,121,123,-1,29,123,27,-1,27,123,125,-1,27,125,25,-1,25,125,127,-1,25,127,23,-1,23,127,129,-1,23,129,21,-1,21,129,131,-1,21,131,18,-1,18,131,133,-1,18,133,14,-1,14,133,135,-1,14,135,3,-1,85,87,61,-1,61,87,89,-1,61,89,59,-1,59,89,92,-1,59,92,57,-1,57,92,94,-1,57,94,55,-1,55,94,96,-1,55,96,53,-1,53,96,98,-1,53,98,51,-1,51,98,100,-1,51,100,49,-1,49,100,102,-1,49,102,47,-1,47,102,107,-1,47,107,45,-1,45,107,105,-1,45,105,104,-1,136,137,138,-1,138,137,139,-1,140,136,141,-1,141,136,138,-1,140,141,142,-1,140,142,143,-1,143,142,144,-1,143,144,145,-1,146,145,147,-1,147,145,144,-1,148,146,149,-1,149,146,147,-1,150,151,152,-1,152,151,148,-1,152,148,149,-1,153,151,154,-1,154,151,150,-1,155,156,157,-1,157,156,153,-1,157,153,154,-1,158,159,160,-1,160,159,156,-1,160,156,155,-1,158,161,159,-1,159,161,162,-1,161,163,162,-1,162,163,164,-1,162,164,165,-1,165,164,166,-1,165,166,167,-1,167,166,168,-1,167,168,169,-1,169,168,170,-1,169,170,171,-1,171,170,172,-1,171,172,173,-1,173,172,174,-1,173,174,175,-1,176,175,177,-1,177,175,174,-1,176,177,178,-1,176,178,179,-1,179,178,180,-1,179,180,181,-1,181,180,182,-1,181,182,183,-1,183,182,184,-1,183,184,185,-1,184,186,185,-1,185,186,187,-1,185,187,188,-1,188,187,189,-1,188,189,190,-1,190,189,191,-1,190,191,192,-1,192,191,193,-1,192,193,194,-1,139,137,195,-1,195,137,194,-1,195,194,193,-1,143,145,194,-1,137,136,194,-1,194,136,140,-1,194,140,143,-1,151,153,148,-1,148,153,156,-1,148,156,146,-1,175,176,173,-1,173,176,179,-1,173,179,171,-1,171,179,181,-1,171,181,169,-1,169,181,183,-1,169,183,167,-1,167,183,185,-1,167,185,165,-1,145,146,194,-1,194,146,156,-1,194,156,192,-1,156,159,192,-1,192,159,162,-1,192,162,190,-1,190,162,165,-1,190,165,188,-1,188,165,185,-1,196,197,198,-1,198,197,199,-1,200,201,202,-1,202,201,196,-1,202,196,198,-1,203,201,204,-1,204,201,200,-1,205,206,207,-1,207,206,203,-1,207,203,204,-1,208,206,209,-1,209,206,205,-1,210,211,212,-1,212,211,208,-1,212,208,209,-1,213,211,214,-1,214,211,210,-1,215,216,217,-1,217,216,213,-1,217,213,214,-1,218,216,219,-1,219,216,215,-1,220,221,222,-1,222,221,218,-1,222,218,219,-1,223,221,224,-1,224,221,220,-1,199,197,225,-1,225,197,223,-1,225,223,224,-1,223,197,196,-1,196,201,223,-1,223,201,203,-1,223,203,221,-1,216,218,213,-1,213,218,221,-1,213,221,211,-1,211,221,203,-1,211,203,208,-1,208,203,206,-1,226,227,228,-1,228,227,229,-1,228,229,230,-1,230,229,231,-1,230,231,232,-1,232,231,233,-1,232,233,234,-1,234,233,235,-1,234,235,236,-1,236,235,237,-1,236,237,238,-1,238,237,239,-1,238,239,240,-1,240,239,241,-1,240,241,242,-1,242,241,243,-1,242,243,244,-1,244,243,245,-1,244,245,246,-1,246,245,247,-1,246,247,248,-1,248,247,249,-1,248,249,250,-1,250,249,251,-1,250,251,252,-1,252,251,253,-1,252,253,254,-1,254,253,255,-1,254,255,256,-1,256,255,257,-1,256,257,258,-1,258,257,259,-1,258,259,260,-1,260,259,226,-1,260,226,228,-1,234,236,261,-1,261,236,262,-1,234,261,263,-1,234,263,232,-1,232,263,264,-1,232,264,230,-1,230,264,265,-1,230,265,228,-1,228,265,266,-1,228,266,260,-1,260,266,267,-1,260,267,258,-1,258,267,268,-1,258,268,256,-1,256,268,269,-1,256,269,254,-1,254,269,270,-1,254,270,252,-1,252,270,271,-1,252,271,250,-1,250,271,272,-1,250,272,248,-1,248,272,273,-1,248,273,246,-1,246,273,274,-1,246,274,244,-1,244,274,275,-1,244,275,242,-1,242,275,276,-1,242,276,240,-1,238,240,277,-1,277,240,276,-1,236,238,262,-1,262,238,277,-1,241,239,278,-1,278,239,279,-1,239,237,279,-1,279,237,280,-1,237,235,280,-1,280,235,281,-1,227,282,283,-1,227,283,229,-1,229,283,284,-1,229,284,231,-1,231,284,285,-1,231,285,233,-1,233,285,281,-1,233,281,235,-1,255,286,287,-1,255,287,257,-1,257,287,288,-1,257,288,259,-1,259,288,289,-1,259,289,226,-1,226,289,282,-1,226,282,227,-1,247,290,291,-1,247,291,249,-1,249,291,292,-1,249,292,251,-1,251,292,293,-1,251,293,253,-1,253,293,286,-1,253,286,255,-1,241,278,294,-1,241,294,243,-1,243,294,295,-1,243,295,245,-1,245,295,290,-1,245,290,247,-1,
        ]
    }
}
Shape{
    appearance Appearance {
        material  Material 	{
            diffuseColor 0.054901960784313725 0.054901960784313725 0.054901960784313725
            specularColor 0.047058823529411764 0.047058823529411764 0.047058823529411764
            ambientIntensity 0.0549
            transparency 0.0
            shininess 0.5
        }
    }
    geometry IndexedFaceSet {
        ccw TRUE
        solid FALSE
        coord DEF co Coordinate {
            point [
                2.0496 -0.575 0.5986, 2.0496 -0.575 0.5266, 2.0637 -0.575 0.5986, 2.0632 -0.575 0.5266, 2.076 -0.575 0.5281, 2.0838 -0.575 0.5311, 2.0898 -0.575 0.5353, 2.0909 -0.575 0.5363, 2.0955 -0.575 0.5419, 2.0987 -0.575 0.5488, 2.1009 -0.575 0.5635, 2.0907 -0.575 0.5898, 2.0844 -0.575 0.5941, 2.0995 -0.575 0.5751, 2.0969 -0.575 0.582, 2.0933 -0.575 0.5872, 2.1006 -0.575 0.5574, 2.0764 -0.575 0.5971
            ]
        }
        coordIndex [
            0,1,2,-1,2,1,3,-1,3,4,2,-1,2,4,5,-1,2,5,6,-1,6,7,2,-1,2,7,8,-1,2,8,9,-1,10,11,12,-1,13,14,10,-1,10,14,15,-1,10,15,11,-1,9,16,2,-1,2,16,10,-1,2,10,17,-1,17,10,12,-1,
        ]
    }
}
Shape{
    appearance Appearance {
        material  Material 	{
            diffuseColor 1.0 1.0 1.0
            specularColor 0.5019607843137255 0.5019607843137255 0.5019607843137255
            ambientIntensity 1.0
            transparency 0.0
            shininess 0.5
        }
    }
    geometry IndexedFaceSet {
        ccw TRUE
        solid FALSE
        coord DEF co Coordinate {
            point [
                2.1449 -0.5789 0.552, 2.1411 -0.5789 0.5415, 2.1762 -0.5789 0.552, 2.18 -0.5789 0.5415, 2.1589 -0.5789 0.5909, 2.1543 -0.5789 0.6093, 2.1188 -0.5789 0.5159, 2.1321 -0.5789 0.5159, 2.1597 -0.5789 0.5936, 2.1604 -0.5789 0.5974, 2.1672 -0.5789 0.6093, 2.1607 -0.5789 0.5974, 2.1614 -0.5789 0.5934, 2.1621 -0.5789 0.5909, 2.2028 -0.5789 0.5159, 2.1895 -0.5789 0.5159, 2.1672 -0.575 0.6093, 2.2028 -0.575 0.5159, 2.1543 -0.575 0.6093, 2.1188 -0.575 0.5159, 2.1321 -0.575 0.5159, 2.1411 -0.575 0.5415, 2.18 -0.575 0.5415, 2.1895 -0.575 0.5159, 2.1449 -0.575 0.552, 2.1762 -0.575 0.552, 2.1621 -0.575 0.5909, 2.1607 -0.575 0.5974, 2.1614 -0.575 0.5934, 2.1604 -0.575 0.5974, 2.1589 -0.575 0.5909, 2.1597 -0.575 0.5936
            ]
        }
        coordIndex [
            0,1,2,-1,2,1,3,-1,4,5,0,-1,0,5,6,-1,0,6,1,-1,1,6,7,-1,4,8,5,-1,5,8,9,-1,5,9,10,-1,10,9,11,-1,10,11,12,-1,12,13,10,-1,10,13,2,-1,10,2,14,-1,14,2,3,-1,14,3,15,-1,10,14,16,-1,16,14,17,-1,5,10,18,-1,18,10,16,-1,6,5,19,-1,19,5,18,-1,7,6,20,-1,20,6,19,-1,1,7,21,-1,21,7,20,-1,3,1,22,-1,22,1,21,-1,15,3,23,-1,23,3,22,-1,14,15,17,-1,17,15,23,-1,0,2,24,-1,24,2,25,-1,2,13,25,-1,25,13,26,-1,11,27,28,-1,11,28,12,-1,12,28,26,-1,12,26,13,-1,11,9,27,-1,27,9,29,-1,4,30,31,-1,4,31,8,-1,8,31,29,-1,8,29,9,-1,4,0,30,-1,30,0,24,-1,
        ]
    }
}
Shape{
    appearance Appearance {
        material  Material 	{
            diffuseColor 0.054901960784313725 0.054901960784313725 0.054901960784313725
            specularColor 0.047058823529411764 0.047058823529411764 0.047058823529411764
            ambientIntensity 0.0549
            transparency 0.0
            shininess 0.5
        }
    }
    geometry IndexedFaceSet {
        ccw TRUE
        solid FALSE
        coord DEF co Coordinate {
            point [
                2.1607 -0.575 0.5974, 2.1604 -0.575 0.5974, 2.1614 -0.575 0.5934, 2.1597 -0.575 0.5936, 2.1621 -0.575 0.5909, 2.1589 -0.575 0.5909, 2.1762 -0.575 0.552, 2.1449 -0.575 0.552
            ]
        }
        coordIndex [
            0,1,2,-1,2,1,3,-1,2,3,4,-1,4,3,5,-1,4,5,6,-1,6,5,7,-1,
        ]
    }
}
Shape{
    appearance Appearance {
        material  Material 	{
            diffuseColor 1.0 1.0 1.0
            specularColor 0.5019607843137255 0.5019607843137255 0.5019607843137255
            ambientIntensity 1.0
            transparency 0.0
            shininess 0.5
        }
    }
    geometry IndexedFaceSet {
        ccw TRUE
        solid FALSE
        coord DEF co Coordinate {
            point [
                1.2808 -0.5789 0.6768, 1.2956 -0.5789 0.6847, 1.2921 -0.5789 0.7256, 1.4091 -0.5789 0.5001, 1.417 -0.5789 0.5149, 1.4209 -0.5789 0.5313, 1.3336 -0.5789 0.7275, 1.3542 -0.5789 0.679, 1.3643 -0.5789 0.7, 1.3296 -0.5789 0.5293, 1.3283 -0.5789 0.5356, 1.2924 -0.5789 0.5614, 1.2917 -0.5789 0.5169, 1.2833 -0.5789 0.5194, 1.2779 -0.5789 0.5703, 1.3183 -0.5789 0.7288, 1.5142 -0.5789 0.594, 1.4936 -0.5789 0.6292, 1.4212 -0.5789 0.5448, 1.4046 -0.5789 0.5827, 1.4212 -0.5789 0.5382, 1.3857 -0.5789 0.4794, 1.3989 -0.5789 0.4886, 1.3781 -0.5789 0.5475, 1.3798 -0.5789 0.5414, 1.3799 -0.5789 0.5349, 1.3784 -0.5789 0.5285, 1.3754 -0.5789 0.5228, 1.3322 -0.5789 0.5238, 1.3083 -0.5789 0.4905, 1.2984 -0.5789 0.5027, 1.5361 -0.5789 0.6597, 1.5415 -0.5789 0.6597, 1.5687 -0.5789 0.6956, 1.5541 -0.5789 0.6582, 1.5719 -0.5789 0.6945, 1.5657 -0.5789 0.6537, 1.5917 -0.5789 0.6847, 1.6097 -0.5789 0.6694, 1.3472 -0.5789 0.7433, 1.3792 -0.5789 0.7178, 1.3628 -0.5789 0.7567, 1.397 -0.5789 0.7308, 1.3809 -0.5789 0.7677, 1.312 -0.5789 0.6886, 1.319 -0.5789 0.6889, 1.3259 -0.5789 0.7284, 1.3345 -0.5789 0.687, 1.3494 -0.5789 0.6816, 1.3715 -0.5789 0.5183, 1.3665 -0.5789 0.5147, 1.3709 -0.5789 0.4737, 1.3607 -0.5789 0.5124, 1.3548 -0.5789 0.4718, 1.3542 -0.5789 0.5116, 1.3523 -0.5789 0.4718, 1.353 -0.5789 0.5116, 1.3366 -0.5789 0.4743, 1.3471 -0.5789 0.5126, 1.3213 -0.5789 0.4807, 1.3411 -0.5789 0.5152, 1.336 -0.5789 0.5191, 1.6099 -0.5789 0.5455, 1.5789 -0.5789 0.5719, 1.5918 -0.5789 0.5302, 1.5691 -0.5789 0.5638, 1.5715 -0.5789 0.5203, 1.5574 -0.5789 0.5584, 1.5494 -0.5789 0.5156, 1.5454 -0.5789 0.5561, 1.5102 -0.5789 0.5156, 1.5155 -0.5789 0.5561, 1.5065 -0.5789 0.5162, 1.576 -0.5789 0.6465, 1.5836 -0.5789 0.638, 1.6233 -0.5789 0.6506, 1.5898 -0.5789 0.6265, 1.6314 -0.5789 0.6303, 1.5929 -0.5789 0.6138, 1.6344 -0.5789 0.6086, 1.5933 -0.5789 0.6079, 1.6314 -0.5789 0.5849, 1.5917 -0.5789 0.595, 1.623 -0.5789 0.5639, 1.5871 -0.5789 0.5831, 1.5798 -0.5789 0.5728, 1.5328 -0.5789 0.7481, 1.5068 -0.5789 0.7175, 1.5553 -0.5789 0.7219, 1.5218 -0.5789 0.6996, 1.5321 -0.5789 0.6782, 1.2545 -0.5789 0.6386, 1.2109 -0.5789 0.6276, 1.2525 -0.5789 0.6225, 1.2107 -0.5789 0.6212, 1.2533 -0.5789 0.6123, 1.2139 -0.5789 0.5952, 1.2581 -0.5789 0.596, 1.2234 -0.5789 0.5705, 1.266 -0.5789 0.5826, 1.2386 -0.5789 0.5488, 1.2593 -0.5789 0.5311, 1.3286 -0.5789 0.542, 1.3306 -0.5789 0.5483, 1.2997 -0.5789 0.5757, 1.334 -0.5789 0.5538, 1.3107 -0.5789 0.5883, 1.3367 -0.5789 0.5566, 1.3243 -0.5789 0.5977, 1.3419 -0.5789 0.5603, 1.339 -0.5789 0.6033, 1.3477 -0.5789 0.5626, 1.3548 -0.5789 0.6053, 1.3542 -0.5789 0.5634, 1.3629 -0.5789 0.6048, 1.3589 -0.5789 0.563, 1.3789 -0.5789 0.6008, 1.3652 -0.5789 0.5609, 1.393 -0.5789 0.5933, 1.3706 -0.5789 0.5575, 1.375 -0.5789 0.5528, 1.4116 -0.5789 0.779, 1.4187 -0.5789 0.7396, 1.4425 -0.5789 0.7826, 1.4432 -0.5789 0.7427, 1.473 -0.5789 0.779, 1.4657 -0.5789 0.74, 1.5061 -0.5789 0.7665, 1.4865 -0.5789 0.732, 1.5052 -0.5789 0.719, 1.2675 -0.5789 0.716, 1.2464 -0.5789 0.7012, 1.2694 -0.5789 0.6667, 1.2419 -0.5789 0.6969, 1.2602 -0.5789 0.6534, 1.2259 -0.5789 0.6765, 1.2153 -0.5789 0.6525, 1.5122 -0.5789 0.5567, 1.4962 -0.5789 0.5226, 1.4978 -0.5789 0.521, 1.5142 -0.5789 0.5563, 1.5021 -0.5789 0.5179, 1.491 -0.5789 0.5362, 1.4916 -0.5789 0.5312, 1.4934 -0.5789 0.5267, 1.5064 -0.5789 0.5561, 1.5019 -0.5789 0.5543, 1.4911 -0.5789 0.5388, 1.4978 -0.5789 0.5514, 1.495 -0.5789 0.5484, 1.4925 -0.5789 0.5439, 1.5116 -0.5789 0.5568, 1.6344 -0.575 0.6086, 1.6314 -0.575 0.6303, 1.6291 -0.575 0.6359, 1.6233 -0.575 0.6506, 1.6097 -0.575 0.6694, 1.5917 -0.575 0.6847, 1.5719 -0.575 0.6945, 1.5687 -0.575 0.6956, 1.5553 -0.575 0.7219, 1.5328 -0.575 0.7481, 1.5179 -0.575 0.7583, 1.5061 -0.575 0.7665, 1.473 -0.575 0.779, 1.4425 -0.575 0.7826, 1.4116 -0.575 0.779, 1.3809 -0.575 0.7677, 1.3655 -0.575 0.7583, 1.3628 -0.575 0.7567, 1.3472 -0.575 0.7433, 1.3336 -0.575 0.7275, 1.3259 -0.575 0.7284, 1.3183 -0.575 0.7288, 1.2921 -0.575 0.7256, 1.2675 -0.575 0.716, 1.2464 -0.575 0.7012, 1.2419 -0.575 0.6969, 1.2153 -0.575 0.6525, 1.2259 -0.575 0.6765, 1.2124 -0.575 0.6359, 1.2109 -0.575 0.6276, 1.2107 -0.575 0.6212, 1.2139 -0.575 0.5952, 1.2234 -0.575 0.5705, 1.2386 -0.575 0.5488, 1.2593 -0.575 0.5311, 1.2833 -0.575 0.5194, 1.2917 -0.575 0.5169, 1.2926 -0.575 0.5151, 1.2984 -0.575 0.5027, 1.3083 -0.575 0.4905, 1.3213 -0.575 0.4807, 1.3274 -0.575 0.4781, 1.3366 -0.575 0.4743, 1.3523 -0.575 0.4718, 1.3548 -0.575 0.4718, 1.4212 -0.575 0.5382, 1.3709 -0.575 0.4737, 1.3823 -0.575 0.4781, 1.3857 -0.575 0.4794, 1.3989 -0.575 0.4886, 1.4091 -0.575 0.5001, 1.417 -0.575 0.5149, 1.4171 -0.575 0.5151, 1.4209 -0.575 0.5313, 1.4212 -0.575 0.5448, 1.5142 -0.575 0.594, 1.4936 -0.575 0.6292, 1.4046 -0.575 0.5827, 1.393 -0.575 0.5933, 1.3789 -0.575 0.6008, 1.3629 -0.575 0.6048, 1.3548 -0.575 0.6053, 1.339 -0.575 0.6033, 1.3243 -0.575 0.5977, 1.3107 -0.575 0.5883, 1.2997 -0.575 0.5757, 1.2924 -0.575 0.5614, 1.2779 -0.575 0.5703, 1.266 -0.575 0.5826, 1.2581 -0.575 0.596, 1.2533 -0.575 0.6123, 1.2525 -0.575 0.6225, 1.2542 -0.575 0.6359, 1.2545 -0.575 0.6386, 1.2602 -0.575 0.6534, 1.2694 -0.575 0.6667, 1.2808 -0.575 0.6768, 1.2956 -0.575 0.6847, 1.312 -0.575 0.6886, 1.319 -0.575 0.6889, 1.3345 -0.575 0.687, 1.3494 -0.575 0.6816, 1.3542 -0.575 0.679, 1.3643 -0.575 0.7, 1.3792 -0.575 0.7178, 1.397 -0.575 0.7308, 1.4187 -0.575 0.7396, 1.4432 -0.575 0.7427, 1.4657 -0.575 0.74, 1.4865 -0.575 0.732, 1.5052 -0.575 0.719, 1.5068 -0.575 0.7175, 1.5218 -0.575 0.6996, 1.5321 -0.575 0.6782, 1.5361 -0.575 0.6597, 1.5415 -0.575 0.6597, 1.5541 -0.575 0.6582, 1.5657 -0.575 0.6537, 1.576 -0.575 0.6465, 1.5836 -0.575 0.638, 1.5847 -0.575 0.6359, 1.5898 -0.575 0.6265, 1.5929 -0.575 0.6138, 1.5933 -0.575 0.6079, 1.5917 -0.575 0.595, 1.5871 -0.575 0.5831, 1.5798 -0.575 0.5728, 1.5789 -0.575 0.5719, 1.5691 -0.575 0.5638, 1.5574 -0.575 0.5584, 1.5454 -0.575 0.5561, 1.5155 -0.575 0.5561, 1.5142 -0.575 0.5563, 1.5122 -0.575 0.5567, 1.5116 -0.575 0.5568, 1.5064 -0.575 0.5561, 1.5019 -0.575 0.5543, 1.4978 -0.575 0.5514, 1.495 -0.575 0.5484, 1.4925 -0.575 0.5439, 1.4911 -0.575 0.5388, 1.491 -0.575 0.5362, 1.4916 -0.575 0.5312, 1.4934 -0.575 0.5267, 1.4962 -0.575 0.5226, 1.4978 -0.575 0.521, 1.5021 -0.575 0.5179, 1.5065 -0.575 0.5162, 1.5102 -0.575 0.5156, 1.5494 -0.575 0.5156, 1.5715 -0.575 0.5203, 1.5918 -0.575 0.5302, 1.6099 -0.575 0.5455, 1.623 -0.575 0.5639, 1.6314 -0.575 0.5849, 1.3542 -0.575 0.5634, 1.3589 -0.575 0.563, 1.3652 -0.575 0.5609, 1.3706 -0.575 0.5575, 1.375 -0.575 0.5528, 1.3781 -0.575 0.5475, 1.3798 -0.575 0.5414, 1.3799 -0.575 0.5349, 1.3784 -0.575 0.5285, 1.3754 -0.575 0.5228, 1.3715 -0.575 0.5183, 1.3665 -0.575 0.5147, 1.3607 -0.575 0.5124, 1.3542 -0.575 0.5116, 1.353 -0.575 0.5116, 1.3471 -0.575 0.5126, 1.3411 -0.575 0.5152, 1.336 -0.575 0.5191, 1.3322 -0.575 0.5238, 1.3296 -0.575 0.5293, 1.3283 -0.575 0.5356, 1.3286 -0.575 0.542, 1.3306 -0.575 0.5483, 1.334 -0.575 0.5538, 1.3367 -0.575 0.5566, 1.3419 -0.575 0.5603, 1.3477 -0.575 0.5626
            ]
        }
        coordIndex [
            0,1,2,-1,3,4,5,-1,6,7,8,-1,9,10,11,-1,12,11,13,-1,13,11,14,-1,2,1,15,-1,16,17,18,-1,18,17,19,-1,18,19,20,-1,20,19,21,-1,20,21,5,-1,5,21,22,-1,5,22,3,-1,23,24,19,-1,19,24,25,-1,19,25,21,-1,21,25,26,-1,21,26,27,-1,28,9,29,-1,29,9,11,-1,29,11,30,-1,30,11,12,-1,31,32,33,-1,33,32,34,-1,33,34,35,-1,35,34,36,-1,35,36,37,-1,37,36,38,-1,6,8,39,-1,39,8,40,-1,39,40,41,-1,41,40,42,-1,41,42,43,-1,1,44,15,-1,15,44,45,-1,15,45,46,-1,46,45,47,-1,46,47,6,-1,6,47,48,-1,6,48,7,-1,27,49,21,-1,21,49,50,-1,21,50,51,-1,51,50,52,-1,51,52,53,-1,53,52,54,-1,53,54,55,-1,55,54,56,-1,55,56,57,-1,57,56,58,-1,57,58,59,-1,59,58,60,-1,59,60,29,-1,29,60,61,-1,29,61,28,-1,62,63,64,-1,64,63,65,-1,64,65,66,-1,66,65,67,-1,66,67,68,-1,68,67,69,-1,68,69,70,-1,70,69,71,-1,70,71,72,-1,36,73,38,-1,38,73,74,-1,38,74,75,-1,75,74,76,-1,75,76,77,-1,77,76,78,-1,77,78,79,-1,79,78,80,-1,79,80,81,-1,81,80,82,-1,81,82,83,-1,83,82,84,-1,83,84,62,-1,62,84,85,-1,62,85,63,-1,86,87,88,-1,88,87,89,-1,88,89,33,-1,33,89,90,-1,33,90,31,-1,91,92,93,-1,93,92,94,-1,93,94,95,-1,95,94,96,-1,95,96,97,-1,97,96,98,-1,97,98,99,-1,99,98,100,-1,99,100,14,-1,14,100,101,-1,14,101,13,-1,10,102,11,-1,11,102,103,-1,11,103,104,-1,104,103,105,-1,104,105,106,-1,106,105,107,-1,106,107,108,-1,108,107,109,-1,108,109,110,-1,110,109,111,-1,110,111,112,-1,112,111,113,-1,112,113,114,-1,114,113,115,-1,114,115,116,-1,116,115,117,-1,116,117,118,-1,118,117,119,-1,118,119,19,-1,19,119,120,-1,19,120,23,-1,43,42,121,-1,121,42,122,-1,121,122,123,-1,123,122,124,-1,123,124,125,-1,125,124,126,-1,125,126,127,-1,127,126,128,-1,127,128,86,-1,86,128,129,-1,86,129,87,-1,2,130,0,-1,0,130,131,-1,0,131,132,-1,132,131,133,-1,132,133,134,-1,134,133,135,-1,134,135,91,-1,91,135,136,-1,91,136,92,-1,137,138,139,-1,71,140,72,-1,72,140,137,-1,72,137,141,-1,141,137,139,-1,142,143,137,-1,137,143,144,-1,137,144,138,-1,145,146,147,-1,146,148,147,-1,147,148,149,-1,147,149,150,-1,142,137,147,-1,147,137,151,-1,147,151,145,-1,79,152,153,-1,79,153,77,-1,77,153,154,-1,77,154,75,-1,154,155,75,-1,75,155,156,-1,75,156,38,-1,38,156,157,-1,38,157,37,-1,37,157,158,-1,37,158,35,-1,35,158,159,-1,35,159,33,-1,33,159,160,-1,33,160,88,-1,88,160,161,-1,88,161,86,-1,127,86,162,-1,162,86,161,-1,162,163,127,-1,127,163,164,-1,127,164,125,-1,125,164,165,-1,125,165,123,-1,123,165,166,-1,123,166,121,-1,121,166,167,-1,121,167,43,-1,43,167,41,-1,41,167,168,-1,41,168,169,-1,41,169,170,-1,41,170,39,-1,39,170,171,-1,39,171,6,-1,6,171,172,-1,6,172,46,-1,46,172,173,-1,46,173,15,-1,15,173,174,-1,15,174,2,-1,2,174,175,-1,2,175,130,-1,130,175,176,-1,130,176,131,-1,131,176,177,-1,131,177,133,-1,178,135,179,-1,179,135,133,-1,179,133,177,-1,180,92,178,-1,178,92,136,-1,178,136,135,-1,180,181,92,-1,92,181,182,-1,92,182,94,-1,94,182,183,-1,94,183,96,-1,96,183,184,-1,96,184,98,-1,98,184,185,-1,98,185,100,-1,100,185,186,-1,100,186,101,-1,101,186,187,-1,101,187,13,-1,13,187,188,-1,13,188,12,-1,12,188,189,-1,12,189,30,-1,189,190,30,-1,30,190,191,-1,30,191,29,-1,29,191,192,-1,29,192,59,-1,59,192,193,-1,59,193,57,-1,193,194,57,-1,57,194,195,-1,57,195,55,-1,55,195,196,-1,55,196,53,-1,197,20,5,-1,53,196,198,-1,199,21,198,-1,198,21,51,-1,198,51,53,-1,199,200,21,-1,21,200,201,-1,21,201,22,-1,22,201,202,-1,22,202,3,-1,3,202,203,-1,3,203,4,-1,4,203,204,-1,4,204,5,-1,5,204,205,-1,5,205,197,-1,18,20,206,-1,206,20,197,-1,16,18,207,-1,207,18,206,-1,17,16,208,-1,208,16,207,-1,19,17,209,-1,209,17,208,-1,19,209,210,-1,19,210,118,-1,118,210,211,-1,118,211,116,-1,116,211,212,-1,116,212,114,-1,114,212,213,-1,114,213,112,-1,112,213,214,-1,112,214,110,-1,110,214,215,-1,110,215,108,-1,108,215,216,-1,108,216,106,-1,106,216,217,-1,106,217,104,-1,104,217,218,-1,104,218,11,-1,11,218,219,-1,11,219,14,-1,14,219,220,-1,14,220,99,-1,99,220,221,-1,99,221,97,-1,97,221,222,-1,97,222,95,-1,95,222,223,-1,95,223,93,-1,93,223,91,-1,91,223,224,-1,224,225,91,-1,91,225,226,-1,91,226,134,-1,134,226,227,-1,134,227,132,-1,132,227,228,-1,132,228,0,-1,0,228,229,-1,0,229,1,-1,1,229,230,-1,1,230,44,-1,44,230,231,-1,44,231,45,-1,45,231,232,-1,45,232,47,-1,47,232,233,-1,47,233,48,-1,48,233,234,-1,48,234,7,-1,7,234,235,-1,7,235,8,-1,8,235,236,-1,8,236,40,-1,40,236,237,-1,40,237,42,-1,42,237,238,-1,42,238,122,-1,122,238,239,-1,122,239,124,-1,124,239,240,-1,124,240,126,-1,126,240,241,-1,126,241,128,-1,128,241,242,-1,128,242,129,-1,129,242,243,-1,129,243,87,-1,87,243,244,-1,87,244,89,-1,89,244,245,-1,89,245,90,-1,90,245,246,-1,90,246,31,-1,32,31,247,-1,247,31,246,-1,32,247,248,-1,32,248,34,-1,34,248,249,-1,34,249,36,-1,36,249,250,-1,36,250,73,-1,73,250,251,-1,73,251,74,-1,74,251,252,-1,74,252,76,-1,252,253,76,-1,76,253,254,-1,76,254,78,-1,78,254,255,-1,78,255,80,-1,80,255,256,-1,80,256,82,-1,82,256,257,-1,82,257,84,-1,84,257,258,-1,84,258,85,-1,85,258,259,-1,85,259,63,-1,63,259,260,-1,63,260,65,-1,65,260,261,-1,65,261,67,-1,67,261,262,-1,67,262,69,-1,71,69,263,-1,263,69,262,-1,71,263,264,-1,71,264,140,-1,140,264,265,-1,140,265,137,-1,137,265,266,-1,137,266,151,-1,151,266,267,-1,151,267,145,-1,145,267,268,-1,145,268,146,-1,146,268,269,-1,146,269,148,-1,148,269,270,-1,148,270,149,-1,149,270,271,-1,149,271,150,-1,150,271,272,-1,150,272,147,-1,147,272,273,-1,147,273,142,-1,142,273,274,-1,142,274,143,-1,143,274,275,-1,143,275,144,-1,144,275,276,-1,144,276,138,-1,138,276,277,-1,138,277,139,-1,139,277,278,-1,139,278,141,-1,141,278,279,-1,141,279,72,-1,72,279,280,-1,72,280,70,-1,68,70,281,-1,281,70,280,-1,68,281,282,-1,68,282,66,-1,66,282,283,-1,66,283,64,-1,64,283,284,-1,64,284,62,-1,62,284,285,-1,62,285,83,-1,83,285,286,-1,83,286,81,-1,81,286,152,-1,81,152,79,-1,113,287,288,-1,113,288,115,-1,115,288,289,-1,115,289,117,-1,117,289,290,-1,117,290,119,-1,119,290,291,-1,119,291,120,-1,120,291,292,-1,120,292,23,-1,23,292,293,-1,23,293,24,-1,24,293,294,-1,24,294,25,-1,25,294,295,-1,25,295,26,-1,26,295,296,-1,26,296,27,-1,27,296,297,-1,27,297,49,-1,49,297,298,-1,49,298,50,-1,50,298,299,-1,50,299,52,-1,52,299,300,-1,52,300,54,-1,54,300,301,-1,54,301,56,-1,56,301,302,-1,56,302,58,-1,58,302,303,-1,58,303,60,-1,60,303,304,-1,60,304,61,-1,61,304,305,-1,61,305,28,-1,28,305,306,-1,28,306,9,-1,9,306,307,-1,9,307,10,-1,10,307,308,-1,10,308,102,-1,102,308,309,-1,102,309,103,-1,103,309,310,-1,103,310,105,-1,105,310,311,-1,105,311,107,-1,107,311,312,-1,107,312,109,-1,109,312,313,-1,109,313,111,-1,111,313,287,-1,111,287,113,-1,
        ]
    }
}
Shape{
    appearance Appearance {
        material  Material 	{
            diffuseColor 0.054901960784313725 0.054901960784313725 0.054901960784313725
            specularColor 0.047058823529411764 0.047058823529411764 0.047058823529411764
            ambientIntensity 0.0549
            transparency 0.0
            shininess 0.5
        }
    }
    geometry IndexedFaceSet {
        ccw TRUE
        solid FALSE
        coord DEF co Coordinate {
            point [
                1.353 -0.575 0.5116, 1.3367 -0.575 0.5566, 1.334 -0.575 0.5538, 1.3607 -0.575 0.5124, 1.3665 -0.575 0.5147, 1.3589 -0.575 0.563, 1.3542 -0.575 0.5634, 1.3477 -0.575 0.5626, 1.3419 -0.575 0.5603, 1.3296 -0.575 0.5293, 1.3322 -0.575 0.5238, 1.336 -0.575 0.5191, 1.3542 -0.575 0.5116, 1.3781 -0.575 0.5475, 1.375 -0.575 0.5528, 1.3754 -0.575 0.5228, 1.3706 -0.575 0.5575, 1.3306 -0.575 0.5483, 1.3286 -0.575 0.542, 1.3283 -0.575 0.5356, 1.3411 -0.575 0.5152, 1.3471 -0.575 0.5126, 1.3715 -0.575 0.5183, 1.3652 -0.575 0.5609, 1.3784 -0.575 0.5285, 1.3799 -0.575 0.5349, 1.3798 -0.575 0.5414, -0.83 0.17 0.21, -0.83 0.165 0.21, -0.67 0.17 0.21, -0.67 0.165 0.21, -0.67 0.165 0.26, -0.83 0.165 0.26, -0.67 0.17 0.26, -0.83 0.17 0.26
            ]
        }
        coordIndex [
            0,1,2,-1,3,4,5,-1,6,7,0,-1,0,7,8,-1,0,8,1,-1,9,10,2,-1,2,10,11,-1,6,0,5,-1,5,0,12,-1,5,12,3,-1,13,14,15,-1,15,14,16,-1,17,18,2,-1,2,18,19,-1,2,19,9,-1,11,20,2,-1,2,20,21,-1,2,21,0,-1,4,22,5,-1,5,22,15,-1,5,15,23,-1,23,15,16,-1,24,25,15,-1,15,25,26,-1,15,26,13,-1,27,28,29,-1,29,28,30,-1,30,28,31,-1,31,28,32,-1,30,31,29,-1,29,31,33,-1,32,28,34,-1,34,28,27,-1,
        ]
    }
}
Shape{
    appearance Appearance {
        material  Material 	{
            diffuseColor 0.6705882352941176 0.6705882352941176 0.6705882352941176
            specularColor 0.5882352941176471 0.5882352941176471 0.5882352941176471
            ambientIntensity 0.6706
            transparency 0.0
            shininess 0.5
        }
    }
    geometry IndexedFaceSet {
        ccw TRUE
        solid FALSE
        coord DEF co Coordinate {
            point [
                -0.67 0.17 0.26, -0.83 0.17 0.26, -0.67 0.17 0.21, -0.83 0.17 0.21, -0.83 0.165 0.26, -0.67 0.165 0.26
            ]
        }
        coordIndex [
            0,1,2,-1,2,1,3,-1,1,0,4,-1,4,0,5,-1,
        ]
    }
}
Shape{
    appearance Appearance {
        material  Material 	{
            diffuseColor 0.054901960784313725 0.054901960784313725 0.054901960784313725
            specularColor 0.047058823529411764 0.047058823529411764 0.047058823529411764
            ambientIntensity 0.0549
            transparency 0.0
            shininess 0.5
        }
    }
    geometry IndexedFaceSet {
        ccw TRUE
        solid FALSE
        coord DEF co Coordinate {
            point [
                -0.33 0.17 0.21, -0.33 0.165 0.21, -0.17 0.17 0.21, -0.17 0.165 0.21, -0.17 0.165 0.26, -0.33 0.165 0.26, -0.17 0.17 0.26, -0.33 0.17 0.26
            ]
        }
        coordIndex [
            0,1,2,-1,2,1,3,-1,3,1,4,-1,4,1,5,-1,3,4,2,-1,2,4,6,-1,5,1,7,-1,7,1,0,-1,
        ]
    }
}
Shape{
    appearance Appearance {
        material  Material 	{
            diffuseColor 0.6705882352941176 0.6705882352941176 0.6705882352941176
            specularColor 0.5882352941176471 0.5882352941176471 0.5882352941176471
            ambientIntensity 0.6706
            transparency 0.0
            shininess 0.5
        }
    }
    geometry IndexedFaceSet {
        ccw TRUE
        solid FALSE
        coord DEF co Coordinate {
            point [
                -0.17 0.17 0.26, -0.33 0.17 0.26, -0.17 0.17 0.21, -0.33 0.17 0.21, -0.33 0.165 0.26, -0.17 0.165 0.26
            ]
        }
        coordIndex [
            0,1,2,-1,2,1,3,-1,1,0,4,-1,4,0,5,-1,
        ]
    }
}
Shape{
    appearance Appearance {
        material  Material 	{
            diffuseColor 0.054901960784313725 0.054901960784313725 0.054901960784313725
            specularColor 0.047058823529411764 0.047058823529411764 0.047058823529411764
            ambientIntensity 0.0549
            transparency 0.0
            shininess 0.5
        }
    }
    geometry IndexedFaceSet {
        ccw TRUE
        solid FALSE
        coord DEF co Coordinate {
            point [
                0.17 0.17 0.21, 0.17 0.165 0.21, 0.33 0.17 0.21, 0.33 0.165 0.21, 0.33 0.165 0.26, 0.17 0.165 0.26, 0.33 0.17 0.26, 0.17 0.17 0.26
            ]
        }
        coordIndex [
            0,1,2,-1,2,1,3,-1,3,1,4,-1,4,1,5,-1,3,4,2,-1,2,4,6,-1,5,1,7,-1,7,1,0,-1,
        ]
    }
}
Shape{
    appearance Appearance {
        material  Material 	{
            diffuseColor 0.6705882352941176 0.6705882352941176 0.6705882352941176
            specularColor 0.5882352941176471 0.5882352941176471 0.5882352941176471
            ambientIntensity 0.6706
            transparency 0.0
            shininess 0.5
        }
    }
    geometry IndexedFaceSet {
        ccw TRUE
        solid FALSE
        coord DEF co Coordinate {
            point [
                0.33 0.17 0.26, 0.17 0.17 0.26, 0.33 0.17 0.21, 0.17 0.17 0.21, 0.17 0.165 0.26, 0.33 0.165 0.26
            ]
        }
        coordIndex [
            0,1,2,-1,2,1,3,-1,1,0,4,-1,4,0,5,-1,
        ]
    }
}
Shape{
    appearance Appearance {
        material  Material 	{
            diffuseColor 0.054901960784313725 0.054901960784313725 0.054901960784313725
            specularColor 0.047058823529411764 0.047058823529411764 0.047058823529411764
            ambientIntensity 0.0549
            transparency 0.0
            shininess 0.5
        }
    }
    geometry IndexedFaceSet {
        ccw TRUE
        solid FALSE
        coord DEF co Coordinate {
            point [
                0.67 0.17 0.21, 0.67 0.165 0.21, 0.83 0.17 0.21, 0.83 0.165 0.21, 0.83 0.165 0.26, 0.67 0.165 0.26, 0.83 0.17 0.26, 0.67 0.17 0.26
            ]
        }
        coordIndex [
            0,1,2,-1,2,1,3,-1,3,1,4,-1,4,1,5,-1,3,4,2,-1,2,4,6,-1,5,1,7,-1,7,1,0,-1,
        ]
    }
}
Shape{
    appearance Appearance {
        material  Material 	{
            diffuseColor 0.6705882352941176 0.6705882352941176 0.6705882352941176
            specularColor 0.5882352941176471 0.5882352941176471 0.5882352941176471
            ambientIntensity 0.6706
            transparency 0.0
            shininess 0.5
        }
    }
    geometry IndexedFaceSet {
        ccw TRUE
        solid FALSE
        coord DEF co Coordinate {
            point [
                0.83 0.17 0.26, 0.67 0.17 0.26, 0.83 0.17 0.21, 0.67 0.17 0.21, 0.67 0.165 0.26, 0.83 0.165 0.26
            ]
        }
        coordIndex [
            0,1,2,-1,2,1,3,-1,1,0,4,-1,4,0,5,-1,
        ]
    }
}