#VRML V2.0 utf8
# 3D model generated by easyeda2kicad.py (https://github.com/uPesy/easyeda2kicad.py)

Shape{
    appearance Appearance {
        material  Material 	{
            diffuseColor 0.2235294117647059 0.2235294117647059 0.2235294117647059
            specularColor 0.11372549019607843 0.11372549019607843 0.11372549019607843
            ambientIntensity 0.2235
            transparency 0.0
            shininess 0.5
        }
    }
    geometry IndexedFaceSet {
        ccw TRUE
        solid FALSE
        coord DEF co Coordinate {
            point [
                0.3942 -0.5244 0.3583, 0.3942 0.0404 0.3583, 0.33 0.0404 0.3583, 0.3942 0.7874 0.3583, 0.33 0.7874 0.3583, 0.7874 0.0404 0.3583, 0.7874 0.7874 0.3583, 0.5843 0.7874 0.3583, 0.4707 -0.6979 0.3583, 0.469 -0.6981 0.3583, 0.4852 -0.6981 0.3583, 0.4196 -0.5251 0.3583, 0.4248 -0.5244 0.3583, 0.3982 -0.5244 0.3583, 0.4369 -0.5919 0.3583, 0.4326 -0.5923 0.3583, 0.4547 -0.5923 0.3583, 0.1475 -0.6978 0.3583, 0.1474 -0.6981 0.3583, 0.33 -0.6981 0.3583, 0.272 -0.5769 0.3583, 0.2849 -0.5878 0.3583, 0.33 -0.5244 0.3583, 0.33 -0.5923 0.3583, 0.2089 -0.5175 0.3583, 0.2192 -0.5244 0.3583, 0.2301 -0.5317 0.3583, 0.2457 -0.5498 0.3583, 0.2557 -0.5692 0.3583, 0.2579 -0.57 0.3583, 0.1202 -0.5184 0.3583, 0.142 -0.51 0.3583, -0.2803 0.0404 0.3583, 0.1655 -0.5071 0.3583, 0.1851 -0.5091 0.3583, 0.1105 -0.5244 0.3583, -0.2803 -0.5244 0.3583, 0.1086 -0.5256 0.3583, -0.2803 -0.5923 0.3583, 0.0067 -0.5923 0.3583, 0.0108 -0.583 0.3583, 0.0223 -0.5683 0.3583, 0.0581 -0.5478 0.3583, 0.0768 -0.5455 0.3583, 0.0975 -0.5351 0.3583, 0.0823 -0.5458 0.3583, 0.0877 -0.5464 0.3583, 0.0254 -0.5653 0.3583, 0.0405 -0.5547 0.3583, 0.0347 -0.6867 0.3583, 0.0199 -0.6741 0.3583, -0.2803 -0.6981 0.3583, 0.0518 -0.695 0.3583, 0.0091 -0.6587 0.3583, 0.0023 -0.6411 0.3583, -0.2803 -0.6118 0.3583, -0.0 -0.6224 0.3583, 0.0001 -0.6179 0.3583, 0.0012 -0.6118 0.3583, 0.0033 -0.6001 0.3583, 0.0579 -0.6968 0.3583, 0.0585 -0.6981 0.3583, 0.0625 -0.7069 0.3583, -0.2803 -0.7245 0.3583, 0.0695 -0.7156 0.3583, 0.0788 -0.7226 0.3583, 0.1226 -0.7245 0.3583, 0.1141 -0.7278 0.3583, 0.33 -0.7874 0.3583, 0.1029 -0.7291 0.3583, 0.1009 -0.7291 0.3583, -0.2803 -0.7874 0.3583, 0.0897 -0.7273 0.3583, 0.0833 -0.7245 0.3583, 0.142 -0.7085 0.3583, 0.33 -0.7245 0.3583, 0.1342 -0.7173 0.3583, 0.1247 -0.7238 0.3583, 0.3004 -0.6157 0.3583, 0.3026 -0.6314 0.3583, 0.33 -0.6118 0.3583, 0.1385 -0.6499 0.3583, 0.2021 -0.6167 0.3583, 0.1303 -0.6424 0.3583, 0.1202 -0.637 0.3583, 0.2096 -0.6968 0.3583, 0.2063 -0.695 0.3583, 0.2035 -0.6923 0.3583, 0.273 -0.6278 0.3583, 0.2708 -0.6187 0.3583, 0.2671 -0.6118 0.3583, 0.031 -0.6118 0.3583, 0.0338 -0.6402 0.3583, 0.0399 -0.6504 0.3583, 0.0638 -0.6546 0.3583, 0.0485 -0.659 0.3583, 0.0583 -0.6651 0.3583, 0.2055 -0.6718 0.3583, 0.2085 -0.6698 0.3583, 0.2168 -0.6418 0.3583, 0.2118 -0.6687 0.3583, 0.0814 -0.639 0.3583, 0.0716 -0.6457 0.3583, 0.0299 -0.6214 0.3583, 0.0304 -0.6285 0.3583, 0.2946 -0.6632 0.3583, 0.2851 -0.6764 0.3583, 0.2722 -0.6873 0.3583, 0.2578 -0.6944 0.3583, 0.3005 -0.6482 0.3583, 0.2149 -0.6684 0.3583, 0.2153 -0.6684 0.3583, 0.2168 -0.6687 0.3583, 0.0919 -0.6351 0.3583, 0.1029 -0.6337 0.3583, 0.1088 -0.6341 0.3583, 0.2419 -0.6978 0.3583, 0.2139 -0.6978 0.3583, 0.2128 -0.6977 0.3583, 0.2002 -0.6831 0.3583, 0.2003 -0.6813 0.3583, 0.1504 -0.6769 0.3583, 0.2012 -0.6777 0.3583, 0.203 -0.6744 0.3583, 0.2016 -0.6893 0.3583, 0.2005 -0.6861 0.3583, 0.1502 -0.6861 0.3583, 0.1504 -0.6817 0.3583, 0.2636 -0.6569 0.3583, 0.2688 -0.6495 0.3583, 0.2721 -0.6411 0.3583, 0.2732 -0.6318 0.3583, 0.2177 -0.6688 0.3583, 0.2391 -0.6688 0.3583, 0.2475 -0.6672 0.3583, 0.2559 -0.6634 0.3583, 0.2629 -0.6577 0.3583, 0.0352 -0.5997 0.3583, 0.0312 -0.6103 0.3583, 0.2324 -0.5948 0.3583, 0.2362 -0.5948 0.3583, 0.2664 -0.6105 0.3583, 0.2609 -0.6043 0.3583, 0.2535 -0.5991 0.3583, 0.2452 -0.5959 0.3583, 0.222 -0.5661 0.3583, 0.2113 -0.5533 0.3583, 0.1025 -0.5811 0.3583, 0.2104 -0.5525 0.3583, 0.1971 -0.5433 0.3583, 0.1097 -0.566 0.3583, 0.0402 -0.5923 0.3583, 0.0987 -0.579 0.3583, 0.2319 -0.5923 0.3583, 0.2294 -0.5813 0.3583, 0.088 -0.5753 0.3583, 0.0773 -0.574 0.3583, 0.0729 -0.5742 0.3583, 0.1204 -0.5533 0.3583, 0.1822 -0.5375 0.3583, 0.133 -0.5441 0.3583, 0.166 -0.5355 0.3583, 0.1485 -0.5378 0.3583, 0.0612 -0.5768 0.3583, 0.0505 -0.5823 0.3583, 0.0417 -0.5902 0.3583, 0.2881 -0.5923 0.3583, 0.2946 -0.6013 0.3583, 0.2989 -0.6118 0.3583, 0.6088 -0.5735 0.3583, 0.5843 -0.5735 0.3583, 0.6156 -0.5917 0.3583, 0.5843 -0.5923 0.3583, 0.6251 -0.5917 0.3583, 0.7874 -0.5923 0.3583, 0.7874 -0.5244 0.3583, 0.5997 -0.525 0.3583, 0.5843 -0.5244 0.3583, 0.581 -0.5735 0.3583, 0.5746 -0.5917 0.3583, 0.5632 -0.5923 0.3583, 0.565 -0.5917 0.3583, 0.5632 -0.5244 0.3583, 0.5843 -0.5412 0.3583, 0.5905 -0.525 0.3583, 0.4852 -0.5616 0.3583, 0.4671 -0.5616 0.3583, 0.4852 -0.5841 0.3583, 0.4671 -0.5841 0.3583, 0.5007 -0.5244 0.3583, 0.4852 -0.5244 0.3583, 0.4929 -0.525 0.3583, 0.4852 -0.525 0.3583, 0.4929 -0.5327 0.3583, 0.4944 -0.5841 0.3583, 0.5007 -0.5923 0.3583, 0.4944 -0.5917 0.3583, 0.4852 -0.5923 0.3583, 0.491 -0.5616 0.3583, 0.491 -0.554 0.3583, 0.4852 -0.554 0.3583, 0.4852 -0.5327 0.3583, 0.4671 -0.5327 0.3583, 0.4671 -0.554 0.3583, 0.4585 -0.525 0.3583, 0.4547 -0.5244 0.3583, 0.4585 -0.5917 0.3583, 0.4452 -0.5266 0.3583, 0.4383 -0.5246 0.3583, 0.4364 -0.5244 0.3583, 0.4852 -0.5917 0.3583, 0.4452 -0.5356 0.3583, 0.444 -0.5895 0.3583, 0.4311 -0.585 0.3583, 0.4386 -0.5836 0.3583, 0.4452 -0.5807 0.3583, 0.4452 -0.5889 0.3583, 0.4076 -0.5736 0.3583, 0.4108 -0.5781 0.3583, 0.4121 -0.5794 0.3583, 0.4164 -0.5825 0.3583, 0.4212 -0.5843 0.3583, 0.4279 -0.5852 0.3583, 0.4377 -0.5326 0.3583, 0.4104 -0.54 0.3583, 0.4444 -0.5352 0.3583, 0.4073 -0.5447 0.3583, 0.4052 -0.5506 0.3583, 0.4294 -0.5316 0.3583, 0.4269 -0.5317 0.3583, 0.4113 -0.539 0.3583, 0.4211 -0.5328 0.3583, 0.4158 -0.5353 0.3583, 0.4043 -0.5591 0.3583, 0.4043 -0.5616 0.3583, 0.4054 -0.5682 0.3583, 0.3982 0.0404 0.3583, 0.4294 -0.5239 0.3583, 0.4547 0.0404 0.3583, 0.4296 -0.5239 0.3583, 0.3968 -0.5474 0.3583, 0.3982 -0.5442 0.3583, 0.4 -0.54 0.3583, 0.4048 -0.5337 0.3583, 0.4064 -0.5322 0.3583, 0.4126 -0.5278 0.3583, 0.3982 -0.5748 0.3583, 0.3963 -0.5696 0.3583, 0.3942 -0.5923 0.3583, 0.3952 -0.5596 0.3583, 0.3953 -0.5561 0.3583, 0.4155 -0.5912 0.3583, 0.4092 -0.5882 0.3583, 0.3982 -0.5923 0.3583, 0.4038 -0.5837 0.3583, 0.4027 -0.5825 0.3583, 0.3989 -0.5767 0.3583, 0.4209 -0.5923 0.3583, 0.3982 -0.6118 0.3583, 0.4227 -0.5926 0.3583, 0.4267 -0.5928 0.3583, 0.4547 -0.6118 0.3583, 0.5595 -0.5695 0.3583, 0.5563 -0.5764 0.3583, 0.5376 -0.5244 0.3583, 0.5376 -0.5266 0.3583, 0.5443 -0.529 0.3583, 0.5376 -0.59 0.3583, 0.5376 -0.5923 0.3583, 0.5443 -0.5873 0.3583, 0.5513 -0.5824 0.3583, 0.5513 -0.5338 0.3583, 0.5535 -0.536 0.3583, 0.5577 -0.5418 0.3583, 0.5602 -0.5481 0.3583, 0.5613 -0.5575 0.3583, 0.5611 -0.5617 0.3583, 0.5261 -0.525 0.3583, 0.5362 -0.5261 0.3583, 0.5367 -0.5903 0.3583, 0.5254 -0.5917 0.3583, 0.507 -0.5917 0.3583, 0.507 -0.525 0.3583, 0.4046 -0.6748 0.3583, 0.4058 -0.6614 0.3583, 0.4029 -0.6772 0.3583, 0.4017 -0.6802 0.3583, 0.4311 -0.6976 0.3583, 0.4209 -0.6981 0.3583, 0.4395 -0.6976 0.3583, 0.4547 -0.6981 0.3583, 0.4108 -0.698 0.3583, 0.4077 -0.6967 0.3583, 0.3982 -0.6981 0.3583, 0.4027 -0.6917 0.3583, 0.4017 -0.6889 0.3583, 0.4058 -0.6532 0.3583, 0.4075 -0.6523 0.3583, 0.4311 -0.6902 0.3583, 0.4309 -0.6902 0.3583, 0.4289 -0.693 0.3583, 0.4071 -0.6726 0.3583, 0.4107 -0.6708 0.3583, 0.4117 -0.6577 0.3583, 0.417 -0.6692 0.3583, 0.4169 -0.656 0.3583, 0.4262 -0.6956 0.3583, 0.4243 -0.6968 0.3583, 0.4053 -0.6949 0.3583, 0.4045 -0.6942 0.3583, 0.4335 -0.6519 0.3583, 0.4512 -0.6597 0.3583, 0.4308 -0.6503 0.3583, 0.4522 -0.657 0.3583, 0.4538 -0.6547 0.3583, 0.4311 -0.6673 0.3583, 0.4309 -0.6638 0.3583, 0.43 -0.6607 0.3583, 0.4012 -0.6848 0.3583, 0.4012 -0.6838 0.3583, 0.4358 -0.654 0.3583, 0.4375 -0.6567 0.3583, 0.4388 -0.6605 0.3583, 0.4137 -0.6499 0.3583, 0.4222 -0.6488 0.3583, 0.4272 -0.6492 0.3583, 0.4291 -0.659 0.3583, 0.4278 -0.6576 0.3583, 0.4263 -0.6566 0.3583, 0.4245 -0.6559 0.3583, 0.4215 -0.6556 0.3583, 0.4532 -0.6703 0.3583, 0.4521 -0.6685 0.3583, 0.4395 -0.6669 0.3583, 0.4512 -0.6659 0.3583, 0.4509 -0.6628 0.3583, 0.4546 -0.6717 0.3583, 0.4508 -0.6873 0.3583, 0.4547 -0.6718 0.3583, 0.4538 -0.6891 0.3583, 0.4547 -0.6895 0.3583, 0.4163 -0.6987 0.3583, 0.4146 -0.6986 0.3583, 0.3982 -0.7245 0.3583, 0.4117 -0.6981 0.3583, 0.4508 -0.6959 0.3583, 0.4547 -0.6972 0.3583, 0.4566 -0.6979 0.3583, 0.4584 -0.6981 0.3583, 0.4637 -0.6987 0.3583, 0.4547 -0.7245 0.3583, 0.4852 -0.7245 0.3583, 0.4807 -0.6509 0.3583, 0.4807 -0.659 0.3583, 0.4562 -0.6526 0.3583, 0.4582 -0.6514 0.3583, 0.4547 -0.654 0.3583, 0.4826 -0.688 0.3583, 0.4815 -0.6907 0.3583, 0.4799 -0.6929 0.3583, 0.4626 -0.6496 0.3583, 0.4694 -0.6488 0.3583, 0.4852 -0.6118 0.3583, 0.4753 -0.6493 0.3583, 0.4802 -0.6767 0.3583, 0.4818 -0.6791 0.3583, 0.4827 -0.6815 0.3583, 0.483 -0.6846 0.3583, 0.4776 -0.6949 0.3583, 0.4752 -0.6963 0.3583, 0.4686 -0.6556 0.3583, 0.4661 -0.6558 0.3583, 0.4595 -0.662 0.3583, 0.4639 -0.6564 0.3583, 0.462 -0.6574 0.3583, 0.4595 -0.6631 0.3583, 0.4599 -0.6644 0.3583, 0.4605 -0.6655 0.3583, 0.4613 -0.6664 0.3583, 0.4642 -0.6683 0.3583, 0.4745 -0.6563 0.3583, 0.4694 -0.6705 0.3583, 0.4792 -0.6582 0.3583, 0.4726 -0.6718 0.3583, 0.4782 -0.6749 0.3583, 0.4607 -0.6585 0.3583, 0.46 -0.6595 0.3583, 0.4596 -0.6607 0.3583, 0.459 -0.6912 0.3583, 0.4635 -0.6766 0.3583, 0.4585 -0.6743 0.3583, 0.4645 -0.6919 0.3583, 0.4649 -0.6919 0.3583, 0.469 -0.6789 0.3583, 0.4692 -0.6914 0.3583, 0.4744 -0.6854 0.3583, 0.4743 -0.6844 0.3583, 0.4714 -0.6906 0.3583, 0.4721 -0.6901 0.3583, 0.4731 -0.6893 0.3583, 0.4738 -0.6882 0.3583, 0.4742 -0.687 0.3583, 0.4739 -0.6831 0.3583, 0.4733 -0.682 0.3583, 0.4723 -0.6809 0.3583, 0.5244 -0.6499 0.3583, 0.5331 -0.6499 0.3583, 0.5376 -0.6118 0.3583, 0.5091 -0.6857 0.3583, 0.5102 -0.6896 0.3583, 0.5104 -0.6896 0.3583, 0.5007 -0.6118 0.3583, 0.5007 -0.6615 0.3583, 0.5114 -0.6858 0.3583, 0.5108 -0.688 0.3583, 0.5007 -0.6839 0.3583, 0.4873 -0.6499 0.3583, 0.4967 -0.6499 0.3583, 0.5057 -0.6981 0.3583, 0.506 -0.6975 0.3583, 0.5007 -0.7091 0.3583, 0.5007 -0.7091 0.3583, 0.5007 -0.6981 0.3583, 0.5024 -0.7061 0.3583, 0.4891 -0.7119 0.3583, 0.4891 -0.7193 0.3583, 0.491 -0.7125 0.3583, 0.4938 -0.7128 0.3583, 0.4957 -0.7126 0.3583, 0.5007 -0.7185 0.3583, 0.4976 -0.7197 0.3583, 0.5007 -0.7245 0.3583, 0.4944 -0.72 0.3583, 0.4915 -0.7198 0.3583, 0.4976 -0.712 0.3583, 0.4992 -0.7108 0.3583, 0.5115 -0.7048 0.3583, 0.5088 -0.7103 0.3583, 0.5376 -0.7245 0.3583, 0.5141 -0.6981 0.3583, 0.5052 -0.7152 0.3583, 0.5038 -0.7165 0.3583, 0.5009 -0.7185 0.3583, 0.5632 -0.6675 0.3583, 0.5507 -0.6675 0.3583, 0.5632 -0.6899 0.3583, 0.5507 -0.6899 0.3583, 0.5765 -0.6308 0.3583, 0.5765 -0.6385 0.3583, 0.5843 -0.6118 0.3583, 0.578 -0.6899 0.3583, 0.5843 -0.6981 0.3583, 0.578 -0.6976 0.3583, 0.5632 -0.6981 0.3583, 0.5746 -0.6675 0.3583, 0.5746 -0.6599 0.3583, 0.5632 -0.6599 0.3583, 0.5632 -0.6385 0.3583, 0.5507 -0.6385 0.3583, 0.5507 -0.6599 0.3583, 0.5632 -0.6976 0.3583, 0.5421 -0.6976 0.3583, 0.5376 -0.6981 0.3583, 0.5421 -0.6308 0.3583, 0.5632 -0.6308 0.3583, 0.5632 -0.6118 0.3583, 0.5843 0.0404 0.3583, 0.5632 0.7874 0.3583, 0.5632 0.0404 0.3583, 0.5376 0.7874 0.3583, 0.5376 0.0404 0.3583, 0.5007 0.7874 0.3583, 0.5007 0.0404 0.3583, 0.4852 0.7874 0.3583, 0.4852 0.0404 0.3583, 0.4547 0.7874 0.3583, 0.3982 0.7874 0.3583, -0.2803 0.7874 0.3583, -0.5607 0.6463 0.3583, -0.5627 0.6312 0.3583, -0.5899 0.5957 0.3583, -0.5778 0.605 0.3583, -0.5685 0.6171 0.3583, -0.604 0.5899 0.3583, -0.6191 0.5879 0.3583, -0.7874 0.0404 0.3583, -0.6342 0.5899 0.3583, -0.6483 0.5957 0.3583, -0.6604 0.605 0.3583, -0.5899 0.6969 0.3583, -0.5778 0.6876 0.3583, -0.5685 0.6755 0.3583, -0.5627 0.6614 0.3583, -0.6697 0.6171 0.3583, -0.6755 0.6312 0.3583, -0.7874 0.7874 0.3583, -0.6775 0.6463 0.3583, -0.6755 0.6614 0.3583, -0.6697 0.6755 0.3583, -0.6604 0.6876 0.3583, -0.6483 0.6969 0.3583, -0.6342 0.7027 0.3583, -0.6191 0.7047 0.3583, -0.604 0.7027 0.3583, 0.3925 -0.5841 0.3583, 0.3925 -0.5917 0.3583, 0.3573 -0.5917 0.3583, 0.3573 -0.525 0.3583, 0.3659 -0.525 0.3583, 0.3659 -0.5841 0.3583, 0.3942 -0.6118 0.3583, 0.6923 -0.6793 0.3583, 0.6645 -0.6793 0.3583, 0.6991 -0.6976 0.3583, 0.6581 -0.6976 0.3583, 0.7874 -0.6981 0.3583, 0.6486 -0.6976 0.3583, 0.7874 -0.6118 0.3583, 0.6832 -0.6308 0.3583, 0.7086 -0.6976 0.3583, 0.6431 -0.6754 0.3583, 0.6447 -0.6675 0.3583, 0.674 -0.6308 0.3583, 0.6449 -0.6633 0.3583, 0.6437 -0.654 0.3583, 0.6398 -0.6823 0.3583, 0.6348 -0.6882 0.3583, 0.6279 -0.6932 0.3583, 0.5906 -0.6308 0.3583, 0.5906 -0.6976 0.3583, 0.6089 -0.6976 0.3583, 0.6203 -0.6962 0.3583, 0.6348 -0.6397 0.3583, 0.6371 -0.6419 0.3583, 0.6413 -0.6477 0.3583, 0.6096 -0.6308 0.3583, 0.6198 -0.632 0.3583, 0.6278 -0.6349 0.3583, 0.3942 -0.6981 0.3583, 0.3573 -0.6976 0.3583, 0.3932 -0.6976 0.3583, 0.3932 -0.6899 0.3583, 0.3917 -0.6385 0.3583, 0.3573 -0.6308 0.3583, 0.3917 -0.6308 0.3583, 0.3659 -0.6675 0.3583, 0.3659 -0.6899 0.3583, 0.3898 -0.6675 0.3583, 0.3898 -0.6599 0.3583, 0.3659 -0.6599 0.3583, 0.3659 -0.6385 0.3583, 0.5632 -0.7245 0.3583, 0.5843 -0.7245 0.3583, 0.7874 -0.7245 0.3583, 0.3942 -0.7245 0.3583, 0.3942 -0.7874 0.3583, 0.3982 -0.7874 0.3583, 0.4547 -0.7874 0.3583, 0.4852 -0.7874 0.3583, 0.5007 -0.7874 0.3583, 0.5376 -0.7874 0.3583, 0.5632 -0.7874 0.3583, 0.5843 -0.7874 0.3583, 0.7874 -0.7874 0.3583, -0.7874 -0.5244 0.3583, -0.7874 -0.5923 0.3583, -0.7874 -0.6118 0.3583, -0.7874 -0.6981 0.3583, -0.7874 -0.7245 0.3583, -0.7874 -0.7874 0.3583, 0.7874 -0.7874 0.0039, 0.7874 -0.7221 0.0827, 0.7874 -0.6513 0.0827, 0.7874 0.6513 0.0827, 0.7874 0.7221 0.0827, 0.7874 0.7874 0.0039, 0.7874 0.7221 0.0433, 0.7874 0.5413 0.0039, 0.7874 0.6513 0.0433, 0.7874 0.5413 0.0827, 0.7874 -0.4429 0.0827, 0.7874 -0.5413 0.0827, 0.7874 -0.5413 0.0039, 0.7874 -0.6513 0.0433, 0.7874 -0.7221 0.0433, 0.7874 -0.4429 0.0039, 0.7874 -0.3445 0.0039, 0.7874 -0.3445 0.0827, 0.7874 -0.2461 0.0827, 0.7874 -0.2461 0.0039, 0.7874 -0.1476 0.0039, 0.7874 -0.1476 0.0827, 0.7874 -0.0492 0.0827, 0.7874 -0.0492 0.0039, 0.7874 0.0492 0.0039, 0.7874 0.0492 0.0827, 0.7874 0.1476 0.0827, 0.7874 0.1476 0.0039, 0.7874 0.2461 0.0039, 0.7874 0.2461 0.0827, 0.7874 0.3445 0.0827, 0.7874 0.3445 0.0039, 0.7874 0.4429 0.0039, 0.7874 0.4429 0.0827, 0.3445 -0.7874 0.0827, 0.3445 -0.7874 0.0039, 0.4429 -0.7874 0.0039, -0.7874 -0.7874 0.0039, -0.7221 -0.7874 0.0827, -0.6513 -0.7874 0.0827, -0.4429 -0.7874 0.0827, -0.5413 -0.7874 0.0827, -0.5413 -0.7874 0.0039, -0.6513 -0.7874 0.0433, -0.7221 -0.7874 0.0433, -0.4429 -0.7874 0.0039, -0.3445 -0.7874 0.0039, -0.3445 -0.7874 0.0827, -0.2461 -0.7874 0.0827, -0.2461 -0.7874 0.0039, -0.1476 -0.7874 0.0039, -0.1476 -0.7874 0.0827, -0.0492 -0.7874 0.0827, -0.0492 -0.7874 0.0039, 0.0492 -0.7874 0.0039, 0.0492 -0.7874 0.0827, 0.1476 -0.7874 0.0827, 0.4429 -0.7874 0.0827, 0.2461 -0.7874 0.0827, 0.2461 -0.7874 0.0039, 0.1476 -0.7874 0.0039, 0.6513 -0.7874 0.0827, 0.5413 -0.7874 0.0827, 0.6513 -0.7874 0.0433, 0.5413 -0.7874 0.0039, 0.7221 -0.7874 0.0433, 0.7221 -0.7874 0.0827, -0.7874 -0.6513 0.0827, -0.7874 -0.7221 0.0827, -0.7874 0.7874 0.0039, -0.7874 0.7221 0.0827, -0.7874 0.6513 0.0827, -0.7874 -0.7221 0.0433, -0.7874 -0.5413 0.0039, -0.7874 -0.6513 0.0433, -0.7874 -0.5413 0.0827, -0.7874 0.4429 0.0827, -0.7874 0.5413 0.0827, -0.7874 0.5413 0.0039, -0.7874 0.6513 0.0433, -0.7874 0.7221 0.0433, -0.7874 0.4429 0.0039, -0.7874 0.3445 0.0039, -0.7874 0.3445 0.0827, -0.7874 0.2461 0.0827, -0.7874 0.2461 0.0039, -0.7874 0.1476 0.0039, -0.7874 0.1476 0.0827, -0.7874 0.0492 0.0827, -0.7874 0.0492 0.0039, -0.7874 -0.0492 0.0039, -0.7874 -0.0492 0.0827, -0.7874 -0.1476 0.0827, -0.7874 -0.1476 0.0039, -0.7874 -0.2461 0.0039, -0.7874 -0.2461 0.0827, -0.7874 -0.3445 0.0827, -0.7874 -0.3445 0.0039, -0.7874 -0.4429 0.0039, -0.7874 -0.4429 0.0827, -0.3445 0.7874 0.0827, -0.3445 0.7874 0.0039, -0.4429 0.7874 0.0039, 0.7221 0.7874 0.0827, 0.6513 0.7874 0.0827, 0.4429 0.7874 0.0827, 0.5413 0.7874 0.0827, 0.5413 0.7874 0.0039, 0.6513 0.7874 0.0433, 0.7221 0.7874 0.0433, 0.4429 0.7874 0.0039, 0.3445 0.7874 0.0039, 0.3445 0.7874 0.0827, 0.2461 0.7874 0.0827, 0.2461 0.7874 0.0039, 0.1476 0.7874 0.0039, 0.1476 0.7874 0.0827, 0.0492 0.7874 0.0827, 0.0492 0.7874 0.0039, -0.0492 0.7874 0.0039, -0.0492 0.7874 0.0827, -0.1476 0.7874 0.0827, -0.4429 0.7874 0.0827, -0.2461 0.7874 0.0827, -0.2461 0.7874 0.0039, -0.1476 0.7874 0.0039, -0.6513 0.7874 0.0827, -0.5413 0.7874 0.0827, -0.6513 0.7874 0.0433, -0.5413 0.7874 0.0039, -0.7221 0.7874 0.0433, -0.7221 0.7874 0.0827, -0.4665 0.6441 0.0039, -0.4568 0.6516 0.0039, -0.4134 0.5315 0.0039, -0.6441 0.124 0.0039, -0.6516 0.1338 0.0039, -0.5315 0.4134 0.0039, 0.5397 0.6728 0.0039, 0.5413 0.685 0.0039, 0.6728 0.5397 0.0039, 0.685 0.5413 0.0039, -0.5315 0.0 0.0039, -0.6728 0.0508 0.0039, -0.6614 0.0555 0.0039, -0.6441 -0.0728 0.0039, -0.6516 -0.0631 0.0039, -0.6614 -0.0555 0.0039, -0.6728 -0.0508 0.0039, -0.685 -0.0492 0.0039, -0.6394 0.4779 0.0039, -0.6441 0.4665 0.0039, -0.6516 0.4568 0.0039, -0.685 0.0492 0.0039, 0.5413 -0.685 0.0039, -0.6614 0.1413 0.0039, -0.6728 0.2477 0.0039, -0.6614 0.2524 0.0039, -0.6516 0.2599 0.0039, 0.6394 -0.1126 0.0039, 0.6441 -0.124 0.0039, 0.6728 -0.2477 0.0039, 0.6516 -0.1338 0.0039, 0.6614 -0.1413 0.0039, 0.6441 0.2697 0.0039, 0.6516 0.2599 0.0039, 0.5305 -0.5009 0.0039, -0.5063 0.6394 0.0039, -0.4941 0.6378 0.0039, -0.4902 0.6378 0.0039, -0.4779 0.6394 0.0039, -0.6516 0.0631 0.0039, -0.6441 0.0728 0.0039, -0.6394 0.0842 0.0039, -0.685 0.1476 0.0039, -0.6516 0.3307 0.0039, -0.6614 0.3382 0.0039, -0.6614 0.4492 0.0039, -0.6728 0.4445 0.0039, -0.4429 0.685 0.0039, -0.4492 0.6614 0.0039, -0.3429 0.6728 0.0039, -0.3382 0.6614 0.0039, -0.3307 0.6516 0.0039, 0.685 0.4429 0.0039, -0.5397 -0.6728 0.0039, -0.685 -0.5413 0.0039, -0.6728 -0.5397 0.0039, -0.6614 -0.535 0.0039, -0.535 -0.6614 0.0039, -0.5413 -0.685 0.0039, 0.535 -0.6614 0.0039, 0.6614 -0.535 0.0039, 0.6728 -0.5397 0.0039, -0.6728 0.5397 0.0039, -0.685 0.5413 0.0039, -0.5397 0.6728 0.0039, -0.5413 0.685 0.0039, -0.6728 0.146 0.0039, -0.685 0.2461 0.0039, -0.6378 0.2972 0.0039, -0.6394 0.3095 0.0039, -0.6441 0.3209 0.0039, -0.4445 0.6728 0.0039, -0.3445 0.685 0.0039, -0.3209 0.6441 0.0039, -0.3095 0.6394 0.0039, -0.2972 0.6378 0.0039, 0.3445 0.685 0.0039, 0.5276 0.5092 0.0039, 0.4779 0.6394 0.0039, 0.4902 0.6378 0.0039, -0.685 -0.1476 0.0039, -0.6728 -0.146 0.0039, -0.5315 -0.2362 0.0039, 0.6614 0.4492 0.0039, 0.6728 0.4445 0.0039, 0.6728 0.3429 0.0039, 0.685 0.3445 0.0039, 0.6516 0.4568 0.0039, 0.6614 0.3382 0.0039, 0.6516 0.3307 0.0039, 0.6394 -0.4779 0.0039, 0.5092 -0.5276 0.0039, 0.6441 -0.4665 0.0039, 0.6516 -0.4568 0.0039, 0.5397 -0.6728 0.0039, 0.685 -0.5413 0.0039, -0.6378 0.4902 0.0039, -0.6378 0.4941 0.0039, -0.6394 0.5063 0.0039, -0.6441 0.5177 0.0039, -0.6614 0.535 0.0039, -0.535 0.6614 0.0039, -0.6516 0.5275 0.0039, -0.5275 0.6516 0.0039, -0.5177 0.6441 0.0039, -0.685 0.3445 0.0039, -0.2933 0.6378 0.0039, -0.2811 0.6394 0.0039, -0.1126 0.6394 0.0039, -0.2697 0.6441 0.0039, -0.2599 0.6516 0.0039, -0.1004 0.6378 0.0039, -0.0965 0.6378 0.0039, -0.0842 0.6394 0.0039, -0.0631 0.6516 0.0039, -0.0555 0.6614 0.0039, 0.0508 0.6728 0.0039, 0.1126 0.6394 0.0039, 0.2477 0.6728 0.0039, 0.2524 0.6614 0.0039, 0.3095 0.6394 0.0039, 0.3209 0.6441 0.0039, 0.4445 0.6728 0.0039, 0.3307 0.6516 0.0039, 0.3382 0.6614 0.0039, 0.3429 0.6728 0.0039, 0.4429 0.685 0.0039, 0.685 -0.1476 0.0039, 0.6441 0.0728 0.0039, 0.6516 0.0631 0.0039, 0.6516 -0.0631 0.0039, 0.685 -0.3445 0.0039, 0.6378 -0.4902 0.0039, 0.6378 -0.4941 0.0039, 0.6394 -0.5063 0.0039, 0.6516 -0.5275 0.0039, 0.5275 -0.6516 0.0039, 0.6441 -0.5177 0.0039, 0.5177 -0.6441 0.0039, -0.6441 0.2697 0.0039, -0.6394 0.2811 0.0039, -0.6378 0.2933 0.0039, -0.6728 0.3429 0.0039, -0.685 0.4429 0.0039, -0.2461 0.685 0.0039, -0.2524 0.6614 0.0039, -0.2477 0.6728 0.0039, -0.124 0.6441 0.0039, -0.1338 0.6516 0.0039, -0.0728 0.6441 0.0039, 0.0631 0.6516 0.0039, 0.0728 0.6441 0.0039, 0.0842 0.6394 0.0039, 0.0965 0.6378 0.0039, 0.4921 0.5315 0.0039, 0.5229 0.5167 0.0039, 0.5167 0.5229 0.0039, 0.4665 0.6441 0.0039, 0.4941 0.6378 0.0039, 0.5063 0.6394 0.0039, 0.5305 0.5009 0.0039, 0.6728 -0.146 0.0039, 0.685 -0.2461 0.0039, 0.6728 0.146 0.0039, 0.6614 0.2524 0.0039, 0.5167 -0.5229 0.0039, 0.5229 -0.5167 0.0039, 0.6728 -0.3429 0.0039, 0.685 -0.4429 0.0039, 0.6728 -0.4445 0.0039, 0.6614 -0.4492 0.0039, 0.5063 -0.6394 0.0039, 0.5009 -0.5305 0.0039, 0.4941 -0.6378 0.0039, 0.4921 -0.5315 0.0039, 0.4902 -0.6378 0.0039, 0.4779 -0.6394 0.0039, 0.4665 -0.6441 0.0039, 0.3429 -0.6728 0.0039, 0.4568 -0.6516 0.0039, 0.4492 -0.6614 0.0039, 0.4429 -0.685 0.0039, -0.6378 0.0965 0.0039, -0.6378 0.1004 0.0039, -0.6394 0.1126 0.0039, -0.1476 0.685 0.0039, -0.146 0.6728 0.0039, -0.1413 0.6614 0.0039, 0.0555 0.6614 0.0039, 0.124 0.6441 0.0039, 0.1338 0.6516 0.0039, 0.1413 0.6614 0.0039, 0.5092 0.5276 0.0039, 0.2972 0.6378 0.0039, 0.4568 0.6516 0.0039, 0.4492 0.6614 0.0039, -0.6614 -0.1413 0.0039, -0.6516 -0.1338 0.0039, -0.5305 -0.2275 0.0039, 0.685 0.2461 0.0039, 0.6614 0.1413 0.0039, 0.6516 0.1338 0.0039, 0.6441 0.124 0.0039, 0.4445 -0.6728 0.0039, 0.3445 -0.685 0.0039, -0.1126 -0.6394 0.0039, -0.124 -0.6441 0.0039, -0.2477 -0.6728 0.0039, -0.1338 -0.6516 0.0039, -0.1413 -0.6614 0.0039, -0.0492 0.685 0.0039, 0.1476 0.685 0.0039, 0.1004 0.6378 0.0039, 0.5009 0.5305 0.0039, 0.6728 0.2477 0.0039, 0.685 0.1476 0.0039, 0.6614 0.0555 0.0039, 0.6728 -0.0508 0.0039, 0.6614 -0.0555 0.0039, -0.1476 -0.685 0.0039, -0.3445 -0.685 0.0039, -0.0508 0.6728 0.0039, 0.0492 0.685 0.0039, 0.146 0.6728 0.0039, 0.2461 0.685 0.0039, -0.5092 -0.2007 0.0039, -0.6441 -0.124 0.0039, -0.5009 -0.1978 0.0039, -0.6394 -0.1126 0.0039, -0.4921 -0.1969 0.0039, 0.6441 0.3209 0.0039, 0.6394 0.3095 0.0039, 0.6378 0.2972 0.0039, 0.6378 0.2933 0.0039, 0.6394 0.2811 0.0039, 0.685 0.0492 0.0039, 0.6441 -0.0728 0.0039, 0.6378 0.0965 0.0039, 0.6394 0.0842 0.0039, -0.146 -0.6728 0.0039, -0.2461 -0.685 0.0039, -0.3095 -0.6394 0.0039, -0.3209 -0.6441 0.0039, -0.4445 -0.6728 0.0039, -0.3307 -0.6516 0.0039, -0.3382 -0.6614 0.0039, -0.3429 -0.6728 0.0039, -0.4429 -0.685 0.0039, 0.2599 0.6516 0.0039, 0.2697 0.6441 0.0039, 0.2811 0.6394 0.0039, 0.2933 0.6378 0.0039, 0.535 0.6614 0.0039, 0.6614 0.535 0.0039, 0.5275 0.6516 0.0039, 0.6516 0.5275 0.0039, 0.5177 0.6441 0.0039, 0.6441 0.5177 0.0039, 0.6394 0.5063 0.0039, 0.6728 0.0508 0.0039, 0.685 -0.0492 0.0039, 0.6441 -0.3209 0.0039, 0.5276 -0.5092 0.0039, 0.6516 -0.3307 0.0039, 0.6614 -0.3382 0.0039, 0.3307 -0.6516 0.0039, 0.3209 -0.6441 0.0039, 0.3095 -0.6394 0.0039, 0.2972 -0.6378 0.0039, -0.5063 -0.6394 0.0039, -0.5276 -0.5092 0.0039, -0.5229 -0.5167 0.0039, -0.5167 -0.5229 0.0039, -0.5092 -0.5276 0.0039, -0.5009 -0.5305 0.0039, -0.6516 -0.4568 0.0039, -0.6614 -0.4492 0.0039, -0.6728 -0.3429 0.0039, -0.5167 -0.2054 0.0039, -0.5229 -0.2117 0.0039, -0.5276 -0.2191 0.0039, 0.6614 -0.2524 0.0039, 0.6516 -0.2599 0.0039, 0.6378 -0.1004 0.0039, 0.6441 -0.2697 0.0039, 0.6394 -0.2811 0.0039, 0.3382 -0.6614 0.0039, 0.1126 -0.6394 0.0039, 0.1004 -0.6378 0.0039, 0.0965 -0.6378 0.0039, 0.0842 -0.6394 0.0039, -0.2524 -0.6614 0.0039, -0.2599 -0.6516 0.0039, -0.2697 -0.6441 0.0039, -0.2811 -0.6394 0.0039, -0.6614 -0.3382 0.0039, -0.6516 -0.3307 0.0039, -0.5315 -0.4921 0.0039, -0.6516 -0.2599 0.0039, -0.6614 -0.2524 0.0039, -0.6728 -0.2477 0.0039, -0.5167 -0.0308 0.0039, -0.5092 -0.0355 0.0039, -0.6394 -0.0842 0.0039, -0.5009 -0.0384 0.0039, -0.4921 -0.0394 0.0039, 0.2933 -0.6378 0.0039, 0.2811 -0.6394 0.0039, 0.2697 -0.6441 0.0039, 0.2599 -0.6516 0.0039, 0.0728 -0.6441 0.0039, 0.0631 -0.6516 0.0039, -0.0508 -0.6728 0.0039, 0.0555 -0.6614 0.0039, -0.4568 -0.6516 0.0039, -0.4921 -0.5315 0.0039, -0.4665 -0.6441 0.0039, -0.5177 -0.6441 0.0039, -0.6394 -0.5063 0.0039, -0.5305 -0.5009 0.0039, -0.685 -0.2461 0.0039, 0.5315 -0.4921 0.0039, 0.6441 0.4665 0.0039, 0.5315 -0.2362 0.0039, 0.5276 -0.0171 0.0039, 0.5305 -0.0088 0.0039, 0.2461 -0.685 0.0039, 0.2524 -0.6614 0.0039, 0.2477 -0.6728 0.0039, 0.124 -0.6441 0.0039, 0.1338 -0.6516 0.0039, -0.0555 -0.6614 0.0039, -0.0631 -0.6516 0.0039, -0.0728 -0.6441 0.0039, -0.0842 -0.6394 0.0039, -0.0965 -0.6378 0.0039, -0.4779 -0.6394 0.0039, -0.4902 -0.6378 0.0039, -0.4941 -0.6378 0.0039, -0.685 -0.4429 0.0039, -0.5275 -0.6516 0.0039, -0.6516 -0.5275 0.0039, -0.6441 -0.5177 0.0039, 0.6394 0.4779 0.0039, 0.5315 0.0 0.0039, 0.6378 0.4902 0.0039, 0.5315 0.4921 0.0039, 0.6378 0.4941 0.0039, -0.5305 -0.0088 0.0039, -0.5276 -0.0171 0.0039, -0.5229 -0.0245 0.0039, 0.1476 -0.685 0.0039, 0.146 -0.6728 0.0039, 0.1413 -0.6614 0.0039, -0.1004 -0.6378 0.0039, -0.2933 -0.6378 0.0039, -0.2972 -0.6378 0.0039, -0.4492 -0.6614 0.0039, -0.6728 -0.4445 0.0039, -0.685 -0.3445 0.0039, -0.6378 -0.2933 0.0039, -0.6394 -0.2811 0.0039, -0.6441 -0.2697 0.0039, 0.5305 -0.2275 0.0039, 0.5276 -0.2191 0.0039, 0.5229 -0.2117 0.0039, 0.5092 -0.2007 0.0039, 0.5092 -0.0355 0.0039, 0.5167 -0.0308 0.0039, 0.0492 -0.685 0.0039, -0.6378 -0.4941 0.0039, -0.6378 -0.4902 0.0039, -0.6394 -0.4779 0.0039, 0.5167 -0.2054 0.0039, 0.5229 -0.0245 0.0039, 0.0508 -0.6728 0.0039, -0.0492 -0.685 0.0039, -0.6441 -0.4665 0.0039, -0.6441 -0.3209 0.0039, -0.6394 -0.3095 0.0039, -0.6378 -0.2972 0.0039, 0.6394 0.1126 0.0039, 0.6378 0.1004 0.0039, 0.6378 -0.2933 0.0039, 0.6378 -0.2972 0.0039, 0.6394 -0.3095 0.0039, 0.6394 -0.0842 0.0039, 0.6378 -0.0965 0.0039, 0.4921 -0.1969 0.0039, -0.6378 -0.1004 0.0039, -0.6378 -0.0965 0.0039, 0.5009 -0.0384 0.0039, 0.5009 -0.1978 0.0039, 0.4921 -0.0394 0.0039
            ]
        }
        coordIndex [
            0,1,2,-1,1,3,4,-1,5,6,7,-1,8,9,10,-1,11,12,13,-1,14,15,16,-1,17,18,19,-1,20,21,22,-1,22,21,23,-1,24,25,22,-1,22,25,26,-1,22,26,27,-1,27,28,22,-1,22,28,29,-1,22,29,20,-1,30,31,32,-1,32,31,2,-1,2,31,33,-1,2,33,34,-1,30,32,35,-1,35,32,36,-1,35,36,37,-1,38,39,36,-1,36,39,40,-1,36,40,41,-1,36,42,37,-1,37,42,43,-1,37,43,44,-1,44,43,45,-1,44,45,46,-1,41,47,36,-1,36,47,48,-1,36,48,42,-1,49,50,51,-1,49,51,52,-1,50,53,51,-1,51,53,54,-1,51,54,55,-1,55,54,56,-1,56,57,55,-1,55,57,58,-1,55,58,38,-1,38,58,59,-1,38,59,39,-1,60,52,61,-1,61,52,51,-1,61,51,62,-1,62,51,63,-1,62,63,64,-1,64,63,65,-1,66,67,68,-1,67,69,68,-1,68,69,70,-1,68,70,71,-1,71,70,72,-1,71,72,63,-1,63,72,73,-1,63,73,65,-1,18,74,75,-1,74,76,75,-1,75,76,77,-1,75,77,66,-1,78,79,80,-1,81,82,83,-1,83,82,84,-1,85,86,17,-1,17,86,87,-1,88,89,82,-1,82,89,90,-1,82,90,91,-1,92,93,94,-1,94,93,95,-1,94,95,96,-1,97,98,99,-1,99,98,100,-1,101,91,102,-1,102,91,103,-1,102,103,94,-1,94,103,104,-1,94,104,92,-1,105,106,19,-1,19,106,107,-1,19,107,108,-1,80,79,19,-1,19,79,109,-1,19,109,105,-1,100,110,99,-1,99,110,111,-1,99,111,112,-1,101,113,91,-1,91,113,114,-1,91,114,82,-1,82,114,115,-1,82,115,84,-1,108,116,19,-1,19,116,117,-1,19,117,17,-1,17,117,118,-1,17,118,85,-1,119,120,121,-1,121,120,122,-1,121,122,99,-1,99,122,123,-1,99,123,97,-1,87,124,17,-1,17,124,125,-1,17,125,126,-1,126,125,119,-1,126,119,127,-1,127,119,121,-1,128,129,99,-1,99,129,130,-1,99,130,82,-1,82,130,131,-1,82,131,88,-1,112,132,99,-1,99,132,133,-1,99,133,134,-1,134,135,99,-1,99,135,136,-1,99,136,128,-1,137,138,139,-1,138,91,139,-1,139,91,90,-1,139,90,140,-1,140,90,141,-1,141,142,140,-1,140,142,143,-1,140,143,144,-1,145,146,147,-1,146,148,147,-1,147,148,149,-1,147,149,150,-1,151,147,152,-1,137,139,151,-1,151,139,153,-1,151,153,147,-1,147,153,154,-1,147,154,145,-1,152,155,151,-1,151,155,156,-1,151,156,157,-1,150,149,158,-1,158,149,159,-1,158,159,160,-1,160,159,161,-1,160,161,162,-1,163,164,157,-1,157,164,165,-1,157,165,151,-1,21,166,23,-1,23,166,167,-1,23,167,80,-1,80,167,168,-1,80,168,78,-1,169,170,171,-1,171,170,172,-1,171,172,173,-1,174,175,176,-1,176,175,177,-1,170,178,172,-1,172,178,179,-1,172,179,180,-1,180,179,181,-1,180,181,182,-1,182,181,183,-1,182,183,177,-1,177,183,184,-1,177,184,176,-1,185,186,187,-1,187,186,188,-1,189,190,191,-1,191,190,192,-1,191,193,189,-1,189,193,194,-1,189,194,195,-1,195,194,196,-1,195,196,197,-1,185,187,198,-1,198,187,194,-1,198,194,199,-1,199,194,193,-1,199,193,200,-1,193,201,200,-1,200,201,202,-1,200,202,203,-1,192,190,204,-1,204,190,205,-1,204,205,206,-1,207,205,208,-1,208,205,209,-1,196,210,197,-1,197,210,206,-1,197,206,16,-1,16,206,205,-1,16,205,211,-1,211,205,207,-1,14,16,212,-1,213,214,211,-1,211,214,215,-1,211,215,16,-1,16,215,216,-1,16,216,212,-1,217,218,211,-1,211,218,219,-1,211,219,220,-1,220,221,211,-1,211,221,222,-1,211,222,213,-1,223,224,225,-1,225,224,226,-1,225,226,227,-1,223,228,224,-1,224,228,229,-1,224,229,230,-1,230,229,231,-1,230,231,232,-1,227,233,225,-1,225,233,234,-1,225,234,211,-1,211,234,235,-1,211,235,217,-1,13,12,236,-1,236,12,237,-1,236,237,238,-1,238,237,239,-1,238,239,209,-1,240,241,13,-1,13,241,242,-1,13,242,243,-1,243,244,13,-1,13,244,245,-1,13,245,11,-1,246,247,248,-1,248,247,249,-1,249,250,0,-1,251,252,253,-1,252,254,253,-1,253,254,255,-1,253,255,256,-1,251,253,257,-1,257,253,258,-1,257,258,259,-1,259,258,260,-1,260,258,261,-1,260,261,15,-1,262,263,180,-1,264,265,182,-1,182,265,266,-1,267,268,269,-1,269,268,180,-1,269,180,270,-1,270,180,263,-1,266,271,182,-1,182,271,272,-1,182,272,273,-1,273,274,182,-1,182,274,275,-1,182,275,180,-1,180,275,276,-1,180,276,262,-1,189,277,264,-1,264,277,278,-1,264,278,265,-1,267,279,268,-1,268,279,280,-1,268,280,195,-1,195,280,281,-1,195,281,189,-1,189,281,282,-1,189,282,277,-1,283,284,285,-1,285,284,286,-1,287,288,289,-1,289,288,290,-1,291,292,293,-1,293,294,295,-1,258,296,297,-1,298,299,287,-1,287,299,300,-1,283,301,284,-1,284,301,302,-1,284,302,303,-1,303,302,304,-1,303,304,305,-1,300,306,287,-1,287,306,307,-1,287,307,288,-1,292,308,293,-1,293,308,309,-1,293,309,294,-1,310,311,312,-1,312,311,313,-1,312,313,314,-1,315,316,304,-1,304,316,317,-1,295,318,293,-1,293,318,319,-1,293,319,258,-1,258,319,286,-1,258,286,296,-1,296,286,284,-1,310,320,311,-1,311,320,321,-1,311,321,322,-1,297,323,258,-1,258,323,324,-1,258,324,325,-1,317,326,304,-1,304,326,327,-1,304,327,328,-1,328,329,304,-1,304,329,330,-1,304,330,305,-1,331,332,333,-1,333,332,334,-1,333,334,322,-1,322,334,335,-1,322,335,311,-1,336,337,338,-1,338,337,339,-1,338,339,340,-1,341,342,343,-1,343,342,344,-1,336,331,337,-1,337,331,333,-1,337,333,345,-1,345,333,289,-1,345,289,346,-1,346,289,290,-1,346,290,347,-1,347,290,348,-1,349,348,350,-1,350,348,290,-1,350,290,343,-1,343,290,288,-1,343,288,341,-1,349,350,9,-1,9,350,351,-1,9,351,10,-1,352,353,10,-1,354,355,261,-1,325,312,258,-1,258,312,314,-1,258,314,261,-1,261,314,356,-1,261,356,354,-1,357,358,10,-1,10,358,359,-1,355,360,261,-1,261,360,361,-1,261,361,362,-1,362,361,363,-1,362,363,352,-1,364,365,353,-1,353,365,366,-1,353,366,10,-1,10,366,367,-1,10,367,357,-1,359,368,10,-1,10,368,369,-1,10,369,8,-1,370,371,372,-1,372,371,373,-1,372,373,374,-1,372,375,370,-1,370,375,376,-1,370,376,377,-1,377,378,370,-1,370,378,379,-1,370,379,380,-1,380,379,381,-1,380,381,382,-1,382,381,383,-1,382,383,353,-1,353,383,384,-1,353,384,364,-1,385,386,374,-1,374,386,387,-1,374,387,372,-1,388,389,340,-1,340,389,390,-1,340,390,338,-1,388,391,389,-1,389,391,392,-1,389,392,393,-1,393,392,394,-1,393,395,396,-1,394,397,393,-1,393,397,398,-1,393,398,399,-1,399,400,393,-1,393,400,401,-1,393,401,395,-1,396,402,393,-1,393,402,403,-1,393,403,404,-1,405,406,407,-1,408,409,410,-1,407,411,405,-1,405,411,412,-1,405,412,413,-1,413,412,408,-1,413,408,414,-1,414,408,410,-1,415,416,10,-1,352,10,362,-1,362,10,416,-1,362,416,411,-1,411,416,417,-1,411,417,412,-1,418,419,415,-1,420,421,422,-1,422,421,423,-1,422,423,418,-1,418,415,422,-1,422,415,10,-1,422,10,424,-1,424,10,351,-1,424,351,425,-1,424,426,422,-1,422,426,427,-1,422,427,428,-1,429,430,431,-1,431,430,432,-1,431,432,351,-1,351,432,433,-1,351,433,425,-1,428,434,422,-1,422,434,435,-1,422,435,420,-1,436,437,438,-1,436,438,439,-1,437,440,438,-1,438,440,441,-1,438,441,431,-1,431,441,442,-1,431,442,429,-1,443,444,445,-1,445,444,446,-1,447,448,449,-1,449,448,450,-1,449,450,451,-1,451,450,452,-1,451,452,453,-1,443,445,454,-1,454,445,450,-1,454,450,455,-1,455,450,448,-1,455,448,456,-1,448,457,456,-1,456,457,458,-1,456,458,459,-1,452,460,453,-1,453,460,461,-1,453,461,462,-1,462,461,463,-1,447,449,464,-1,464,449,465,-1,464,465,463,-1,463,465,407,-1,463,407,462,-1,462,407,406,-1,462,406,439,-1,5,7,466,-1,466,7,467,-1,466,467,468,-1,468,467,469,-1,468,469,470,-1,470,469,471,-1,470,471,472,-1,472,471,473,-1,472,473,474,-1,474,473,475,-1,474,475,238,-1,238,475,476,-1,238,476,236,-1,477,478,479,-1,480,32,481,-1,481,32,482,-1,1,4,2,-1,2,4,477,-1,2,477,32,-1,32,477,479,-1,32,479,482,-1,483,484,485,-1,484,486,485,-1,485,486,487,-1,485,487,488,-1,489,490,477,-1,490,491,477,-1,477,491,492,-1,477,492,478,-1,488,493,485,-1,485,493,494,-1,485,494,495,-1,495,494,496,-1,495,496,497,-1,497,498,495,-1,495,498,499,-1,495,499,500,-1,500,501,495,-1,495,501,502,-1,495,502,477,-1,477,502,503,-1,477,503,489,-1,209,205,238,-1,238,205,190,-1,238,190,474,-1,474,190,189,-1,474,189,472,-1,472,189,264,-1,472,264,470,-1,470,264,182,-1,470,182,468,-1,468,182,177,-1,468,177,466,-1,466,177,175,-1,466,175,5,-1,476,3,236,-1,236,3,1,-1,236,1,13,-1,13,1,0,-1,13,0,240,-1,240,0,250,-1,249,0,248,-1,248,0,504,-1,248,504,505,-1,23,506,22,-1,22,506,507,-1,22,507,508,-1,509,504,508,-1,508,504,0,-1,508,0,22,-1,22,0,2,-1,22,2,24,-1,24,2,34,-1,15,261,16,-1,16,261,362,-1,16,362,197,-1,197,362,411,-1,197,411,195,-1,195,411,407,-1,195,407,268,-1,268,407,465,-1,268,465,180,-1,180,465,449,-1,180,449,172,-1,505,506,248,-1,248,506,23,-1,248,23,510,-1,510,23,80,-1,511,512,513,-1,513,512,514,-1,515,513,451,-1,451,513,514,-1,451,514,516,-1,517,518,515,-1,515,518,519,-1,515,519,513,-1,520,516,521,-1,521,516,522,-1,521,522,523,-1,523,522,524,-1,520,525,516,-1,516,525,526,-1,516,526,527,-1,528,449,529,-1,529,449,451,-1,529,451,530,-1,530,451,516,-1,530,516,531,-1,531,516,527,-1,176,173,174,-1,174,173,172,-1,174,172,517,-1,517,172,449,-1,517,449,518,-1,518,449,522,-1,532,533,522,-1,522,533,534,-1,522,534,524,-1,528,535,449,-1,449,535,536,-1,449,536,522,-1,522,536,537,-1,522,537,532,-1,256,246,253,-1,253,246,248,-1,253,248,258,-1,258,248,510,-1,258,510,293,-1,293,510,538,-1,19,538,539,-1,539,538,540,-1,540,538,541,-1,541,538,510,-1,541,510,542,-1,19,539,80,-1,80,539,543,-1,80,543,510,-1,510,543,544,-1,510,544,542,-1,545,546,547,-1,547,546,541,-1,547,541,548,-1,548,541,542,-1,548,542,549,-1,549,542,550,-1,439,438,462,-1,462,438,551,-1,462,551,453,-1,453,551,552,-1,453,552,451,-1,451,552,553,-1,451,553,515,-1,18,75,19,-1,19,75,554,-1,19,554,538,-1,538,554,343,-1,538,343,293,-1,293,343,344,-1,293,344,291,-1,66,68,75,-1,75,68,555,-1,75,555,554,-1,554,555,556,-1,554,556,343,-1,343,556,557,-1,343,557,350,-1,350,557,558,-1,350,558,351,-1,351,558,559,-1,351,559,431,-1,431,559,560,-1,431,560,438,-1,438,560,561,-1,438,561,551,-1,551,561,562,-1,551,562,552,-1,552,562,563,-1,552,563,553,-1,480,483,32,-1,32,483,485,-1,32,485,36,-1,36,485,564,-1,36,564,38,-1,38,564,565,-1,38,565,55,-1,55,565,566,-1,55,566,51,-1,51,566,567,-1,51,567,63,-1,63,567,568,-1,63,568,71,-1,71,568,569,-1,570,571,563,-1,563,571,572,-1,563,572,6,-1,573,574,6,-1,6,574,575,-1,575,574,576,-1,575,576,577,-1,577,576,578,-1,577,578,579,-1,580,6,581,-1,581,6,572,-1,581,572,582,-1,582,572,583,-1,582,583,570,-1,570,583,584,-1,570,584,571,-1,585,586,580,-1,580,586,587,-1,580,587,6,-1,6,587,588,-1,589,590,588,-1,588,590,591,-1,588,591,6,-1,6,591,592,-1,593,594,592,-1,592,594,595,-1,592,595,6,-1,6,595,596,-1,597,598,596,-1,596,598,599,-1,596,599,6,-1,6,599,600,-1,601,602,600,-1,600,602,603,-1,600,603,6,-1,6,603,579,-1,6,579,573,-1,573,579,578,-1,604,605,606,-1,607,608,569,-1,569,608,609,-1,610,569,611,-1,611,569,609,-1,611,609,612,-1,612,609,613,-1,612,613,607,-1,607,613,614,-1,607,614,608,-1,615,616,610,-1,610,616,617,-1,610,617,569,-1,569,617,618,-1,619,620,618,-1,618,620,621,-1,618,621,569,-1,569,621,622,-1,623,624,622,-1,622,624,625,-1,622,625,569,-1,569,625,626,-1,606,627,604,-1,604,627,569,-1,604,569,628,-1,628,569,626,-1,628,626,629,-1,629,626,630,-1,631,632,633,-1,633,632,634,-1,633,634,635,-1,635,634,570,-1,635,570,636,-1,636,570,563,-1,636,563,631,-1,631,563,569,-1,631,569,632,-1,632,569,627,-1,637,638,569,-1,639,640,495,-1,495,640,641,-1,495,641,569,-1,569,638,607,-1,607,638,642,-1,607,642,643,-1,643,642,644,-1,643,644,645,-1,646,569,647,-1,647,569,641,-1,647,641,648,-1,648,641,649,-1,648,649,639,-1,639,649,650,-1,639,650,640,-1,651,652,646,-1,646,652,653,-1,646,653,569,-1,569,653,654,-1,655,656,654,-1,654,656,657,-1,654,657,569,-1,569,657,658,-1,659,660,658,-1,658,660,661,-1,658,661,569,-1,569,661,662,-1,663,664,662,-1,662,664,665,-1,662,665,569,-1,569,665,666,-1,667,668,666,-1,666,668,669,-1,666,669,569,-1,569,669,645,-1,569,645,637,-1,637,645,644,-1,670,671,672,-1,575,673,6,-1,6,673,674,-1,675,6,676,-1,676,6,674,-1,676,674,677,-1,677,674,678,-1,677,678,575,-1,575,678,679,-1,575,679,673,-1,680,681,675,-1,675,681,682,-1,675,682,6,-1,6,682,683,-1,684,685,683,-1,683,685,686,-1,683,686,6,-1,6,686,687,-1,688,689,687,-1,687,689,690,-1,687,690,6,-1,6,690,691,-1,672,692,670,-1,670,692,6,-1,670,6,693,-1,693,6,691,-1,693,691,694,-1,694,691,695,-1,696,697,698,-1,698,697,699,-1,698,699,700,-1,700,699,639,-1,700,639,701,-1,701,639,495,-1,701,495,696,-1,696,495,6,-1,696,6,697,-1,697,6,692,-1,702,703,704,-1,705,706,707,-1,708,709,710,-1,710,709,677,-1,710,677,711,-1,711,677,575,-1,711,575,577,-1,712,713,714,-1,715,716,712,-1,712,716,717,-1,717,718,712,-1,712,718,719,-1,712,719,660,-1,720,707,721,-1,721,707,722,-1,713,712,723,-1,723,712,660,-1,723,660,659,-1,570,634,724,-1,725,726,706,-1,706,726,727,-1,706,727,728,-1,729,730,731,-1,731,730,732,-1,731,732,733,-1,734,735,736,-1,570,724,582,-1,737,738,707,-1,707,738,739,-1,707,739,704,-1,704,739,740,-1,704,740,702,-1,714,741,712,-1,712,741,742,-1,712,742,743,-1,744,656,655,-1,707,745,722,-1,722,745,746,-1,722,746,747,-1,747,746,748,-1,749,672,671,-1,750,751,703,-1,703,751,752,-1,703,752,704,-1,704,752,753,-1,754,602,601,-1,755,643,756,-1,756,757,755,-1,755,757,758,-1,755,758,759,-1,643,755,607,-1,607,755,760,-1,607,760,612,-1,761,762,763,-1,764,765,766,-1,766,765,648,-1,766,648,767,-1,767,648,639,-1,767,639,699,-1,725,768,726,-1,726,768,744,-1,726,744,769,-1,769,744,655,-1,770,771,707,-1,707,771,772,-1,707,772,745,-1,750,773,751,-1,751,773,749,-1,751,749,774,-1,774,749,671,-1,753,775,704,-1,704,775,776,-1,704,776,777,-1,778,681,680,-1,779,780,781,-1,782,783,784,-1,785,786,787,-1,787,786,754,-1,787,754,788,-1,788,754,601,-1,785,787,789,-1,789,787,790,-1,789,790,791,-1,792,793,794,-1,794,793,795,-1,724,796,582,-1,582,796,761,-1,582,761,797,-1,797,761,763,-1,720,798,707,-1,707,798,799,-1,707,799,737,-1,737,799,800,-1,737,800,801,-1,764,766,802,-1,802,766,803,-1,802,803,804,-1,804,803,805,-1,804,805,801,-1,801,805,806,-1,801,806,737,-1,807,652,651,-1,777,808,704,-1,704,808,809,-1,704,809,810,-1,810,809,811,-1,810,811,812,-1,810,813,704,-1,704,813,814,-1,704,814,815,-1,816,817,818,-1,819,820,821,-1,822,823,824,-1,824,823,825,-1,824,825,826,-1,826,827,824,-1,824,827,778,-1,824,778,828,-1,828,778,680,-1,829,590,589,-1,830,831,832,-1,833,586,585,-1,792,834,793,-1,793,834,835,-1,793,835,836,-1,762,761,837,-1,837,761,838,-1,837,838,839,-1,839,838,840,-1,839,840,836,-1,728,841,706,-1,706,841,842,-1,706,842,707,-1,707,842,843,-1,707,843,770,-1,746,844,748,-1,748,844,807,-1,748,807,845,-1,845,807,651,-1,846,694,695,-1,812,847,810,-1,810,847,848,-1,810,848,849,-1,849,848,850,-1,816,818,851,-1,852,853,815,-1,815,853,854,-1,815,854,704,-1,704,854,855,-1,704,855,856,-1,779,857,780,-1,780,857,858,-1,780,858,859,-1,781,860,779,-1,779,860,861,-1,779,861,862,-1,733,863,731,-1,731,863,829,-1,731,829,864,-1,864,829,589,-1,865,735,866,-1,793,867,795,-1,795,867,868,-1,795,868,869,-1,585,870,833,-1,833,870,871,-1,833,871,869,-1,869,871,872,-1,869,872,795,-1,836,840,793,-1,793,840,873,-1,793,873,874,-1,874,873,875,-1,874,875,876,-1,876,875,877,-1,876,877,878,-1,878,879,880,-1,880,879,881,-1,880,881,882,-1,883,606,605,-1,743,884,712,-1,712,884,885,-1,712,885,707,-1,707,885,886,-1,707,886,705,-1,695,887,846,-1,846,887,888,-1,846,888,848,-1,848,888,889,-1,848,889,850,-1,851,818,815,-1,815,818,890,-1,815,890,852,-1,819,891,820,-1,820,891,892,-1,820,892,893,-1,858,894,859,-1,859,894,895,-1,859,895,896,-1,896,895,822,-1,896,822,897,-1,897,822,824,-1,783,898,784,-1,784,898,899,-1,784,899,900,-1,901,598,597,-1,865,902,735,-1,735,902,903,-1,735,903,904,-1,882,905,880,-1,880,905,883,-1,880,883,906,-1,906,883,605,-1,907,908,909,-1,909,908,910,-1,909,910,911,-1,912,689,688,-1,913,685,684,-1,855,914,856,-1,856,914,819,-1,856,819,915,-1,866,916,865,-1,865,916,901,-1,865,901,917,-1,917,901,597,-1,918,919,831,-1,831,919,920,-1,831,920,832,-1,921,620,619,-1,922,616,615,-1,817,923,818,-1,818,923,912,-1,818,912,924,-1,924,912,688,-1,893,925,820,-1,820,925,913,-1,820,913,926,-1,926,913,684,-1,927,928,929,-1,929,928,930,-1,929,930,931,-1,791,932,789,-1,789,932,933,-1,789,933,934,-1,934,935,736,-1,736,935,936,-1,736,936,734,-1,937,594,593,-1,938,939,832,-1,832,939,940,-1,832,940,830,-1,911,941,909,-1,909,941,921,-1,909,921,942,-1,942,921,619,-1,943,944,945,-1,945,944,946,-1,945,946,947,-1,947,948,945,-1,945,948,922,-1,945,922,949,-1,949,922,615,-1,821,950,819,-1,819,950,951,-1,819,951,915,-1,915,951,952,-1,915,952,894,-1,894,952,953,-1,894,953,895,-1,708,710,954,-1,954,710,955,-1,954,955,956,-1,956,955,957,-1,956,957,958,-1,958,957,959,-1,958,959,960,-1,918,961,919,-1,919,961,937,-1,919,937,962,-1,962,937,593,-1,736,963,964,-1,964,963,965,-1,964,965,868,-1,868,965,966,-1,868,966,869,-1,967,968,876,-1,876,968,969,-1,876,969,970,-1,971,972,973,-1,973,974,971,-1,971,974,975,-1,971,975,976,-1,977,978,979,-1,927,980,928,-1,928,980,981,-1,928,981,899,-1,899,981,982,-1,899,982,900,-1,731,983,729,-1,729,983,984,-1,729,984,985,-1,985,984,986,-1,985,986,987,-1,878,880,876,-1,876,880,988,-1,876,988,967,-1,989,990,876,-1,876,990,991,-1,876,991,992,-1,993,994,876,-1,876,994,995,-1,876,995,996,-1,997,998,999,-1,1000,1001,784,-1,784,1001,1002,-1,1003,1004,1005,-1,1005,1004,1006,-1,1005,1006,1007,-1,970,1008,876,-1,876,1008,1009,-1,876,1009,989,-1,989,1009,1010,-1,989,1010,1011,-1,1012,1013,1014,-1,1014,1013,1015,-1,876,1016,1017,-1,1017,1016,1018,-1,1019,1020,971,-1,971,1020,1021,-1,971,1021,972,-1,663,782,664,-1,664,782,784,-1,664,784,1022,-1,1022,784,1002,-1,934,736,789,-1,789,736,1023,-1,789,1023,1024,-1,1025,1026,1027,-1,1028,629,630,-1,1011,1029,989,-1,989,1029,1030,-1,989,1030,1031,-1,1031,1030,1032,-1,1012,1014,992,-1,992,1014,1033,-1,992,1033,1034,-1,1034,1035,992,-1,992,1035,1036,-1,992,1036,876,-1,876,1036,1037,-1,1018,1038,1017,-1,1017,1038,1039,-1,1017,1039,976,-1,976,1039,1040,-1,976,1040,971,-1,1041,668,667,-1,759,758,1042,-1,1042,758,1043,-1,1042,1043,1019,-1,1019,1043,1044,-1,1019,1044,1020,-1,1023,1025,1024,-1,1024,1025,1027,-1,1024,1027,1045,-1,1045,1027,1046,-1,1045,1046,1047,-1,1047,1046,1048,-1,1047,1048,1049,-1,1049,1048,862,-1,1049,862,960,-1,960,862,861,-1,960,861,958,-1,712,1050,715,-1,715,1050,1051,-1,715,1051,1005,-1,1005,1051,1052,-1,1005,1052,1003,-1,630,1053,1028,-1,1028,1053,1054,-1,1028,1054,1030,-1,1030,1054,1055,-1,1030,1055,1032,-1,1037,1056,876,-1,876,1056,907,-1,876,907,993,-1,993,907,909,-1,996,1057,876,-1,876,1057,1058,-1,876,1058,1016,-1,1016,1058,943,-1,1016,943,1059,-1,1059,943,945,-1,978,1060,979,-1,979,1060,1041,-1,979,1041,1061,-1,1061,1041,667,-1,1062,1063,784,-1,784,1063,1064,-1,784,1064,1000,-1,1025,1065,1026,-1,1026,1065,1066,-1,1026,1066,1067,-1,1068,1069,1070,-1,1071,624,623,-1,1020,1072,1021,-1,1021,1072,1073,-1,1021,1073,1074,-1,1067,1075,1026,-1,1026,1075,1068,-1,1026,1068,1076,-1,1076,1068,1070,-1,1015,1077,1014,-1,1014,1077,1071,-1,1014,1071,1078,-1,1078,1071,623,-1,999,1021,997,-1,997,1021,1074,-1,997,1074,979,-1,979,1074,1079,-1,979,1079,977,-1,998,1080,999,-1,999,1080,1081,-1,999,1081,784,-1,784,1081,1082,-1,784,1082,1062,-1,904,1083,735,-1,735,1083,1084,-1,735,1084,736,-1,736,1084,939,-1,1085,1086,736,-1,736,1086,1087,-1,736,1087,963,-1,938,1088,939,-1,939,1088,1089,-1,939,1089,736,-1,736,1089,985,-1,736,985,1085,-1,1085,985,987,-1,931,930,1090,-1,1090,930,1091,-1,1090,1091,1092,-1,1069,1068,1093,-1,1093,1068,1094,-1,1093,1094,1095,-1,1095,1094,1090,-1,1095,1090,1007,-1,1007,1090,1092,-1,1007,1092,1005,-1,
        ]
    }
}
Shape{
    appearance Appearance {
        material  Material 	{
            diffuseColor 0.5019607843137255 0.5019607843137255 0.5019607843137255
            specularColor 0.25098039215686274 0.25098039215686274 0.25098039215686274
            ambientIntensity 0.502
            transparency 0.0
            shininess 0.5
        }
    }
    geometry IndexedFaceSet {
        ccw TRUE
        solid FALSE
        coord DEF co Coordinate {
            point [
                -0.5607 0.6463 0.3579, -0.5607 0.6463 0.3583, -0.5627 0.6614 0.3579, -0.5627 0.6614 0.3583, -0.5685 0.6755 0.3579, -0.5685 0.6755 0.3583, -0.5778 0.6876 0.3579, -0.5778 0.6876 0.3583, -0.5899 0.6969 0.3579, -0.5899 0.6969 0.3583, -0.604 0.7027 0.3579, -0.604 0.7027 0.3583, -0.6191 0.7047 0.3579, -0.6191 0.7047 0.3583, -0.6342 0.7027 0.3579, -0.6342 0.7027 0.3583, -0.6483 0.6969 0.3579, -0.6483 0.6969 0.3583, -0.6604 0.6876 0.3579, -0.6604 0.6876 0.3583, -0.6697 0.6755 0.3579, -0.6697 0.6755 0.3583, -0.6755 0.6614 0.3579, -0.6755 0.6614 0.3583, -0.6775 0.6463 0.3579, -0.6775 0.6463 0.3583, -0.6755 0.6312 0.3579, -0.6755 0.6312 0.3583, -0.6697 0.6171 0.3579, -0.6697 0.6171 0.3583, -0.6604 0.605 0.3579, -0.6604 0.605 0.3583, -0.6483 0.5957 0.3579, -0.6483 0.5957 0.3583, -0.6342 0.5899 0.3579, -0.6342 0.5899 0.3583, -0.6191 0.5879 0.3579, -0.6191 0.5879 0.3583, -0.604 0.5899 0.3579, -0.604 0.5899 0.3583, -0.5899 0.5957 0.3579, -0.5899 0.5957 0.3583, -0.5778 0.605 0.3579, -0.5778 0.605 0.3583, -0.5685 0.6171 0.3579, -0.5685 0.6171 0.3583, -0.5627 0.6312 0.3579, -0.5627 0.6312 0.3583, -0.6191 0.6463 0.3579
            ]
        }
        coordIndex [
            0,1,2,-1,2,1,3,-1,2,3,4,-1,4,3,5,-1,4,5,6,-1,6,5,7,-1,6,7,8,-1,8,7,9,-1,8,9,10,-1,10,9,11,-1,10,11,12,-1,12,11,13,-1,12,13,14,-1,14,13,15,-1,14,15,16,-1,16,15,17,-1,16,17,18,-1,18,17,19,-1,18,19,20,-1,20,19,21,-1,20,21,22,-1,22,21,23,-1,22,23,24,-1,24,23,25,-1,24,25,26,-1,26,25,27,-1,26,27,28,-1,28,27,29,-1,28,29,30,-1,30,29,31,-1,30,31,32,-1,32,31,33,-1,32,33,34,-1,34,33,35,-1,34,35,36,-1,36,35,37,-1,36,37,38,-1,38,37,39,-1,38,39,40,-1,40,39,41,-1,40,41,42,-1,42,41,43,-1,42,43,44,-1,44,43,45,-1,44,45,46,-1,46,45,47,-1,46,47,0,-1,0,47,1,-1,44,46,48,-1,48,46,0,-1,48,0,2,-1,38,40,48,-1,48,40,42,-1,48,42,44,-1,32,34,48,-1,48,34,36,-1,48,36,38,-1,26,28,48,-1,48,28,30,-1,48,30,32,-1,20,22,48,-1,48,22,24,-1,48,24,26,-1,14,16,48,-1,48,16,18,-1,48,18,20,-1,8,10,48,-1,48,10,12,-1,48,12,14,-1,2,4,48,-1,48,4,6,-1,48,6,8,-1,
        ]
    }
}
Shape{
    appearance Appearance {
        material  Material 	{
            diffuseColor 0.6666666666666666 0.6980392156862745 0.7686274509803922
            specularColor 0.3333333333333333 0.34901960784313724 0.3843137254901961
            ambientIntensity 0.6967
            transparency 0.0
            shininess 0.5
        }
    }
    geometry IndexedFaceSet {
        ccw TRUE
        solid FALSE
        coord DEF co Coordinate {
            point [
                -0.0492 0.7913 0.0827, -0.1476 0.7913 0.0827, -0.0492 0.7874 0.0827, -0.1476 0.7874 0.0827, -0.1476 0.7874 0.0039, -0.1476 0.7913 0.0, -0.1476 0.685 0.0039, -0.1476 0.685 0.0, -0.146 0.6728 0.0, -0.146 0.6728 0.0039, -0.1413 0.6614 0.0, -0.1413 0.6614 0.0039, -0.1338 0.6516 0.0, -0.1338 0.6516 0.0039, -0.124 0.6441 0.0, -0.124 0.6441 0.0039, -0.1126 0.6394 0.0, -0.1126 0.6394 0.0039, -0.1004 0.6378 0.0, -0.1004 0.6378 0.0039, -0.0965 0.6378 0.0, -0.0965 0.6378 0.0039, -0.0842 0.6394 0.0, -0.0842 0.6394 0.0039, -0.0728 0.6441 0.0, -0.0728 0.6441 0.0039, -0.0631 0.6516 0.0, -0.0631 0.6516 0.0039, -0.0555 0.6614 0.0, -0.0555 0.6614 0.0039, -0.0508 0.6728 0.0, -0.0508 0.6728 0.0039, -0.0492 0.685 0.0, -0.0492 0.685 0.0039, -0.0492 0.7874 0.0039, -0.0492 0.7913 0.0
            ]
        }
        coordIndex [
            0,1,2,-1,2,1,3,-1,3,1,4,-1,4,1,5,-1,4,5,6,-1,6,5,7,-1,6,7,8,-1,6,8,9,-1,9,8,10,-1,9,10,11,-1,11,10,12,-1,11,12,13,-1,13,12,14,-1,13,14,15,-1,15,14,16,-1,15,16,17,-1,17,16,18,-1,17,18,19,-1,18,20,19,-1,19,20,21,-1,21,20,22,-1,21,22,23,-1,23,22,24,-1,23,24,25,-1,25,24,26,-1,25,26,27,-1,27,26,28,-1,27,28,29,-1,29,28,30,-1,29,30,31,-1,31,30,32,-1,31,32,33,-1,33,32,34,-1,34,32,35,-1,34,35,2,-1,2,35,0,-1,
        ]
    }
}
Shape{
    appearance Appearance {
        material  Material 	{
            diffuseColor 0.5372549019607843 0.34901960784313724 0.33725490196078434
            specularColor 0.3764705882352941 0.24313725490196078 0.23529411764705882
            ambientIntensity 0.404
            transparency 0.0
            shininess 0.5
        }
    }
    geometry IndexedFaceSet {
        ccw TRUE
        solid FALSE
        coord DEF co Coordinate {
            point [
                -0.1476 0.7913 0.0, -0.1476 0.7913 0.0827, -0.0492 0.7913 0.0, -0.0492 0.7913 0.0827
            ]
        }
        coordIndex [
            0,1,2,-1,2,1,3,-1,
        ]
    }
}
Shape{
    appearance Appearance {
        material  Material 	{
            diffuseColor 0.6666666666666666 0.6980392156862745 0.7686274509803922
            specularColor 0.3333333333333333 0.34901960784313724 0.3843137254901961
            ambientIntensity 0.6967
            transparency 0.0
            shininess 0.5
        }
    }
    geometry IndexedFaceSet {
        ccw TRUE
        solid FALSE
        coord DEF co Coordinate {
            point [
                -0.1476 0.685 0.0, -0.1476 0.7913 0.0, -0.1004 0.6378 0.0, -0.0492 0.7913 0.0, -0.0492 0.685 0.0, -0.0508 0.6728 0.0, -0.0555 0.6614 0.0, -0.0631 0.6516 0.0, -0.0728 0.6441 0.0, -0.0842 0.6394 0.0, -0.0965 0.6378 0.0, -0.1126 0.6394 0.0, -0.124 0.6441 0.0, -0.146 0.6728 0.0, -0.1338 0.6516 0.0, -0.1413 0.6614 0.0, -0.2461 0.7913 0.0827, -0.3445 0.7913 0.0827, -0.2461 0.7874 0.0827, -0.3445 0.7874 0.0827, -0.3445 0.7874 0.0039, -0.3445 0.7913 0.0, -0.3445 0.685 0.0039, -0.3445 0.685 0.0, -0.3429 0.6728 0.0, -0.3429 0.6728 0.0039, -0.3382 0.6614 0.0, -0.3382 0.6614 0.0039, -0.3307 0.6516 0.0, -0.3307 0.6516 0.0039, -0.3209 0.6441 0.0, -0.3209 0.6441 0.0039, -0.3095 0.6394 0.0, -0.3095 0.6394 0.0039, -0.2972 0.6378 0.0, -0.2972 0.6378 0.0039, -0.2933 0.6378 0.0, -0.2933 0.6378 0.0039, -0.2811 0.6394 0.0, -0.2811 0.6394 0.0039, -0.2697 0.6441 0.0, -0.2697 0.6441 0.0039, -0.2599 0.6516 0.0, -0.2599 0.6516 0.0039, -0.2524 0.6614 0.0, -0.2524 0.6614 0.0039, -0.2477 0.6728 0.0, -0.2477 0.6728 0.0039, -0.2461 0.685 0.0, -0.2461 0.685 0.0039, -0.2461 0.7874 0.0039, -0.2461 0.7913 0.0
            ]
        }
        coordIndex [
            0,1,2,-1,3,4,1,-1,1,4,5,-1,5,6,1,-1,1,6,7,-1,1,7,8,-1,8,9,1,-1,1,9,10,-1,1,10,2,-1,2,11,0,-1,0,11,12,-1,0,12,13,-1,13,12,14,-1,13,14,15,-1,16,17,18,-1,18,17,19,-1,19,17,20,-1,20,17,21,-1,20,21,22,-1,22,21,23,-1,22,23,24,-1,22,24,25,-1,25,24,26,-1,25,26,27,-1,27,26,28,-1,27,28,29,-1,29,28,30,-1,29,30,31,-1,31,30,32,-1,31,32,33,-1,33,32,34,-1,33,34,35,-1,34,36,35,-1,35,36,37,-1,37,36,38,-1,37,38,39,-1,39,38,40,-1,39,40,41,-1,41,40,42,-1,41,42,43,-1,43,42,44,-1,43,44,45,-1,45,44,46,-1,45,46,47,-1,47,46,48,-1,47,48,49,-1,49,48,50,-1,50,48,51,-1,50,51,18,-1,18,51,16,-1,
        ]
    }
}
Shape{
    appearance Appearance {
        material  Material 	{
            diffuseColor 0.5372549019607843 0.34901960784313724 0.33725490196078434
            specularColor 0.3764705882352941 0.24313725490196078 0.23529411764705882
            ambientIntensity 0.404
            transparency 0.0
            shininess 0.5
        }
    }
    geometry IndexedFaceSet {
        ccw TRUE
        solid FALSE
        coord DEF co Coordinate {
            point [
                -0.3445 0.7913 0.0, -0.3445 0.7913 0.0827, -0.2461 0.7913 0.0, -0.2461 0.7913 0.0827
            ]
        }
        coordIndex [
            0,1,2,-1,2,1,3,-1,
        ]
    }
}
Shape{
    appearance Appearance {
        material  Material 	{
            diffuseColor 0.6666666666666666 0.6980392156862745 0.7686274509803922
            specularColor 0.3333333333333333 0.34901960784313724 0.3843137254901961
            ambientIntensity 0.6967
            transparency 0.0
            shininess 0.5
        }
    }
    geometry IndexedFaceSet {
        ccw TRUE
        solid FALSE
        coord DEF co Coordinate {
            point [
                -0.3445 0.685 0.0, -0.3445 0.7913 0.0, -0.2461 0.7913 0.0, -0.2461 0.685 0.0, -0.2477 0.6728 0.0, -0.2524 0.6614 0.0, -0.2599 0.6516 0.0, -0.2697 0.6441 0.0, -0.2811 0.6394 0.0, -0.2933 0.6378 0.0, -0.2972 0.6378 0.0, -0.3429 0.6728 0.0, -0.3382 0.6614 0.0, -0.3095 0.6394 0.0, -0.3209 0.6441 0.0, -0.3307 0.6516 0.0, -0.4429 0.7913 0.0827, -0.5413 0.7913 0.0827, -0.4429 0.7874 0.0827, -0.5413 0.7874 0.0827, -0.5413 0.7874 0.0039, -0.5413 0.7913 0.0, -0.5413 0.685 0.0039, -0.5413 0.685 0.0, -0.5397 0.6728 0.0, -0.5397 0.6728 0.0039, -0.535 0.6614 0.0, -0.535 0.6614 0.0039, -0.5275 0.6516 0.0, -0.5275 0.6516 0.0039, -0.5177 0.6441 0.0, -0.5177 0.6441 0.0039, -0.5063 0.6394 0.0, -0.5063 0.6394 0.0039, -0.4941 0.6378 0.0, -0.4941 0.6378 0.0039, -0.4902 0.6378 0.0, -0.4902 0.6378 0.0039, -0.4779 0.6394 0.0, -0.4779 0.6394 0.0039, -0.4665 0.6441 0.0, -0.4665 0.6441 0.0039, -0.4568 0.6516 0.0, -0.4568 0.6516 0.0039, -0.4492 0.6614 0.0, -0.4492 0.6614 0.0039, -0.4445 0.6728 0.0, -0.4445 0.6728 0.0039, -0.4429 0.685 0.0, -0.4429 0.685 0.0039, -0.4429 0.7874 0.0039, -0.4429 0.7913 0.0
            ]
        }
        coordIndex [
            0,1,2,-1,2,3,0,-1,0,3,4,-1,0,4,5,-1,5,6,0,-1,0,6,7,-1,0,7,8,-1,8,9,0,-1,0,9,10,-1,0,10,11,-1,11,10,12,-1,13,14,10,-1,10,14,15,-1,10,15,12,-1,16,17,18,-1,18,17,19,-1,19,17,20,-1,20,17,21,-1,20,21,22,-1,22,21,23,-1,22,23,24,-1,22,24,25,-1,25,24,26,-1,25,26,27,-1,27,26,28,-1,27,28,29,-1,29,28,30,-1,29,30,31,-1,31,30,32,-1,31,32,33,-1,33,32,34,-1,33,34,35,-1,34,36,35,-1,35,36,37,-1,37,36,38,-1,37,38,39,-1,39,38,40,-1,39,40,41,-1,41,40,42,-1,41,42,43,-1,43,42,44,-1,43,44,45,-1,45,44,46,-1,45,46,47,-1,47,46,48,-1,47,48,49,-1,49,48,50,-1,50,48,51,-1,50,51,18,-1,18,51,16,-1,
        ]
    }
}
Shape{
    appearance Appearance {
        material  Material 	{
            diffuseColor 0.5372549019607843 0.34901960784313724 0.33725490196078434
            specularColor 0.3764705882352941 0.24313725490196078 0.23529411764705882
            ambientIntensity 0.404
            transparency 0.0
            shininess 0.5
        }
    }
    geometry IndexedFaceSet {
        ccw TRUE
        solid FALSE
        coord DEF co Coordinate {
            point [
                -0.5413 0.7913 0.0, -0.5413 0.7913 0.0827, -0.4429 0.7913 0.0, -0.4429 0.7913 0.0827
            ]
        }
        coordIndex [
            0,1,2,-1,2,1,3,-1,
        ]
    }
}
Shape{
    appearance Appearance {
        material  Material 	{
            diffuseColor 0.6666666666666666 0.6980392156862745 0.7686274509803922
            specularColor 0.3333333333333333 0.34901960784313724 0.3843137254901961
            ambientIntensity 0.6967
            transparency 0.0
            shininess 0.5
        }
    }
    geometry IndexedFaceSet {
        ccw TRUE
        solid FALSE
        coord DEF co Coordinate {
            point [
                -0.5413 0.7913 0.0, -0.4429 0.7913 0.0, -0.5413 0.685 0.0, -0.4429 0.685 0.0, -0.4445 0.6728 0.0, -0.4492 0.6614 0.0, -0.4568 0.6516 0.0, -0.4665 0.6441 0.0, -0.4779 0.6394 0.0, -0.4902 0.6378 0.0, -0.4941 0.6378 0.0, -0.5063 0.6394 0.0, -0.5177 0.6441 0.0, -0.5275 0.6516 0.0, -0.535 0.6614 0.0, -0.5397 0.6728 0.0, 0.1476 0.7913 0.0827, 0.0492 0.7913 0.0827, 0.1476 0.7874 0.0827, 0.0492 0.7874 0.0827, 0.0492 0.7874 0.0039, 0.0492 0.7913 0.0, 0.0492 0.685 0.0039, 0.0492 0.685 0.0, 0.0508 0.6728 0.0, 0.0508 0.6728 0.0039, 0.0555 0.6614 0.0, 0.0555 0.6614 0.0039, 0.0631 0.6516 0.0, 0.0631 0.6516 0.0039, 0.0728 0.6441 0.0, 0.0728 0.6441 0.0039, 0.0842 0.6394 0.0, 0.0842 0.6394 0.0039, 0.0965 0.6378 0.0, 0.0965 0.6378 0.0039, 0.1004 0.6378 0.0, 0.1004 0.6378 0.0039, 0.1126 0.6394 0.0, 0.1126 0.6394 0.0039, 0.124 0.6441 0.0, 0.124 0.6441 0.0039, 0.1338 0.6516 0.0, 0.1338 0.6516 0.0039, 0.1413 0.6614 0.0, 0.1413 0.6614 0.0039, 0.146 0.6728 0.0, 0.146 0.6728 0.0039, 0.1476 0.685 0.0, 0.1476 0.685 0.0039, 0.1476 0.7874 0.0039, 0.1476 0.7913 0.0
            ]
        }
        coordIndex [
            0,1,2,-1,2,1,3,-1,3,4,2,-1,2,4,5,-1,2,5,6,-1,6,7,2,-1,2,7,8,-1,2,8,9,-1,9,10,2,-1,2,10,11,-1,2,11,12,-1,12,13,2,-1,2,13,14,-1,2,14,15,-1,16,17,18,-1,18,17,19,-1,19,17,20,-1,20,17,21,-1,20,21,22,-1,22,21,23,-1,22,23,24,-1,22,24,25,-1,25,24,26,-1,25,26,27,-1,27,26,28,-1,27,28,29,-1,29,28,30,-1,29,30,31,-1,31,30,32,-1,31,32,33,-1,33,32,34,-1,33,34,35,-1,34,36,35,-1,35,36,37,-1,37,36,38,-1,37,38,39,-1,39,38,40,-1,39,40,41,-1,41,40,42,-1,41,42,43,-1,43,42,44,-1,43,44,45,-1,45,44,46,-1,45,46,47,-1,47,46,48,-1,47,48,49,-1,49,48,50,-1,50,48,51,-1,50,51,18,-1,18,51,16,-1,
        ]
    }
}
Shape{
    appearance Appearance {
        material  Material 	{
            diffuseColor 0.5372549019607843 0.34901960784313724 0.33725490196078434
            specularColor 0.3764705882352941 0.24313725490196078 0.23529411764705882
            ambientIntensity 0.404
            transparency 0.0
            shininess 0.5
        }
    }
    geometry IndexedFaceSet {
        ccw TRUE
        solid FALSE
        coord DEF co Coordinate {
            point [
                0.0492 0.7913 0.0, 0.0492 0.7913 0.0827, 0.1476 0.7913 0.0, 0.1476 0.7913 0.0827
            ]
        }
        coordIndex [
            0,1,2,-1,2,1,3,-1,
        ]
    }
}
Shape{
    appearance Appearance {
        material  Material 	{
            diffuseColor 0.6666666666666666 0.6980392156862745 0.7686274509803922
            specularColor 0.3333333333333333 0.34901960784313724 0.3843137254901961
            ambientIntensity 0.6967
            transparency 0.0
            shininess 0.5
        }
    }
    geometry IndexedFaceSet {
        ccw TRUE
        solid FALSE
        coord DEF co Coordinate {
            point [
                0.1126 0.6394 0.0, 0.1004 0.6378 0.0, 0.0492 0.7913 0.0, 0.0965 0.6378 0.0, 0.0492 0.685 0.0, 0.1476 0.7913 0.0, 0.1476 0.685 0.0, 0.146 0.6728 0.0, 0.1413 0.6614 0.0, 0.1338 0.6516 0.0, 0.124 0.6441 0.0, 0.0842 0.6394 0.0, 0.0728 0.6441 0.0, 0.0508 0.6728 0.0, 0.0631 0.6516 0.0, 0.0555 0.6614 0.0, 0.3445 0.7913 0.0827, 0.2461 0.7913 0.0827, 0.3445 0.7874 0.0827, 0.2461 0.7874 0.0827, 0.2461 0.7874 0.0039, 0.2461 0.7913 0.0, 0.2461 0.685 0.0039, 0.2461 0.685 0.0, 0.2477 0.6728 0.0, 0.2477 0.6728 0.0039, 0.2524 0.6614 0.0, 0.2524 0.6614 0.0039, 0.2599 0.6516 0.0, 0.2599 0.6516 0.0039, 0.2697 0.6441 0.0, 0.2697 0.6441 0.0039, 0.2811 0.6394 0.0, 0.2811 0.6394 0.0039, 0.2933 0.6378 0.0, 0.2933 0.6378 0.0039, 0.2972 0.6378 0.0, 0.2972 0.6378 0.0039, 0.3095 0.6394 0.0, 0.3095 0.6394 0.0039, 0.3209 0.6441 0.0, 0.3209 0.6441 0.0039, 0.3307 0.6516 0.0, 0.3307 0.6516 0.0039, 0.3382 0.6614 0.0, 0.3382 0.6614 0.0039, 0.3429 0.6728 0.0, 0.3429 0.6728 0.0039, 0.3445 0.685 0.0, 0.3445 0.685 0.0039, 0.3445 0.7874 0.0039, 0.3445 0.7913 0.0
            ]
        }
        coordIndex [
            0,1,2,-1,2,1,3,-1,2,3,4,-1,5,6,2,-1,2,6,7,-1,2,7,8,-1,8,9,2,-1,2,9,10,-1,2,10,0,-1,3,11,4,-1,4,11,12,-1,4,12,13,-1,13,12,14,-1,13,14,15,-1,16,17,18,-1,18,17,19,-1,19,17,20,-1,20,17,21,-1,20,21,22,-1,22,21,23,-1,22,23,24,-1,22,24,25,-1,25,24,26,-1,25,26,27,-1,27,26,28,-1,27,28,29,-1,29,28,30,-1,29,30,31,-1,31,30,32,-1,31,32,33,-1,33,32,34,-1,33,34,35,-1,34,36,35,-1,35,36,37,-1,37,36,38,-1,37,38,39,-1,39,38,40,-1,39,40,41,-1,41,40,42,-1,41,42,43,-1,43,42,44,-1,43,44,45,-1,45,44,46,-1,45,46,47,-1,47,46,48,-1,47,48,49,-1,49,48,50,-1,50,48,51,-1,50,51,18,-1,18,51,16,-1,
        ]
    }
}
Shape{
    appearance Appearance {
        material  Material 	{
            diffuseColor 0.5372549019607843 0.34901960784313724 0.33725490196078434
            specularColor 0.3764705882352941 0.24313725490196078 0.23529411764705882
            ambientIntensity 0.404
            transparency 0.0
            shininess 0.5
        }
    }
    geometry IndexedFaceSet {
        ccw TRUE
        solid FALSE
        coord DEF co Coordinate {
            point [
                0.2461 0.7913 0.0, 0.2461 0.7913 0.0827, 0.3445 0.7913 0.0, 0.3445 0.7913 0.0827
            ]
        }
        coordIndex [
            0,1,2,-1,2,1,3,-1,
        ]
    }
}
Shape{
    appearance Appearance {
        material  Material 	{
            diffuseColor 0.6666666666666666 0.6980392156862745 0.7686274509803922
            specularColor 0.3333333333333333 0.34901960784313724 0.3843137254901961
            ambientIntensity 0.6967
            transparency 0.0
            shininess 0.5
        }
    }
    geometry IndexedFaceSet {
        ccw TRUE
        solid FALSE
        coord DEF co Coordinate {
            point [
                0.2461 0.685 0.0, 0.2461 0.7913 0.0, 0.3445 0.7913 0.0, 0.3445 0.685 0.0, 0.3429 0.6728 0.0, 0.3382 0.6614 0.0, 0.3307 0.6516 0.0, 0.3209 0.6441 0.0, 0.3095 0.6394 0.0, 0.2972 0.6378 0.0, 0.2933 0.6378 0.0, 0.2477 0.6728 0.0, 0.2524 0.6614 0.0, 0.2811 0.6394 0.0, 0.2697 0.6441 0.0, 0.2599 0.6516 0.0, 0.5413 0.7913 0.0827, 0.4429 0.7913 0.0827, 0.5413 0.7874 0.0827, 0.4429 0.7874 0.0827, 0.4429 0.7874 0.0039, 0.4429 0.7913 0.0, 0.4429 0.685 0.0039, 0.4429 0.685 0.0, 0.4445 0.6728 0.0, 0.4445 0.6728 0.0039, 0.4492 0.6614 0.0, 0.4492 0.6614 0.0039, 0.4568 0.6516 0.0, 0.4568 0.6516 0.0039, 0.4665 0.6441 0.0, 0.4665 0.6441 0.0039, 0.4779 0.6394 0.0, 0.4779 0.6394 0.0039, 0.4902 0.6378 0.0, 0.4902 0.6378 0.0039, 0.4941 0.6378 0.0, 0.4941 0.6378 0.0039, 0.5063 0.6394 0.0, 0.5063 0.6394 0.0039, 0.5177 0.6441 0.0, 0.5177 0.6441 0.0039, 0.5275 0.6516 0.0, 0.5275 0.6516 0.0039, 0.535 0.6614 0.0, 0.535 0.6614 0.0039, 0.5397 0.6728 0.0, 0.5397 0.6728 0.0039, 0.5413 0.685 0.0, 0.5413 0.685 0.0039, 0.5413 0.7874 0.0039, 0.5413 0.7913 0.0
            ]
        }
        coordIndex [
            0,1,2,-1,2,3,0,-1,0,3,4,-1,0,4,5,-1,5,6,0,-1,0,6,7,-1,0,7,8,-1,8,9,0,-1,0,9,10,-1,0,10,11,-1,11,10,12,-1,13,14,10,-1,10,14,15,-1,10,15,12,-1,16,17,18,-1,18,17,19,-1,19,17,20,-1,20,17,21,-1,20,21,22,-1,22,21,23,-1,22,23,24,-1,22,24,25,-1,25,24,26,-1,25,26,27,-1,27,26,28,-1,27,28,29,-1,29,28,30,-1,29,30,31,-1,31,30,32,-1,31,32,33,-1,33,32,34,-1,33,34,35,-1,34,36,35,-1,35,36,37,-1,37,36,38,-1,37,38,39,-1,39,38,40,-1,39,40,41,-1,41,40,42,-1,41,42,43,-1,43,42,44,-1,43,44,45,-1,45,44,46,-1,45,46,47,-1,47,46,48,-1,47,48,49,-1,49,48,50,-1,50,48,51,-1,50,51,18,-1,18,51,16,-1,
        ]
    }
}
Shape{
    appearance Appearance {
        material  Material 	{
            diffuseColor 0.5372549019607843 0.34901960784313724 0.33725490196078434
            specularColor 0.3764705882352941 0.24313725490196078 0.23529411764705882
            ambientIntensity 0.404
            transparency 0.0
            shininess 0.5
        }
    }
    geometry IndexedFaceSet {
        ccw TRUE
        solid FALSE
        coord DEF co Coordinate {
            point [
                0.4429 0.7913 0.0, 0.4429 0.7913 0.0827, 0.5413 0.7913 0.0, 0.5413 0.7913 0.0827
            ]
        }
        coordIndex [
            0,1,2,-1,2,1,3,-1,
        ]
    }
}
Shape{
    appearance Appearance {
        material  Material 	{
            diffuseColor 0.6666666666666666 0.6980392156862745 0.7686274509803922
            specularColor 0.3333333333333333 0.34901960784313724 0.3843137254901961
            ambientIntensity 0.6967
            transparency 0.0
            shininess 0.5
        }
    }
    geometry IndexedFaceSet {
        ccw TRUE
        solid FALSE
        coord DEF co Coordinate {
            point [
                0.4429 0.7913 0.0, 0.5413 0.7913 0.0, 0.4429 0.685 0.0, 0.5413 0.685 0.0, 0.5397 0.6728 0.0, 0.535 0.6614 0.0, 0.5275 0.6516 0.0, 0.5177 0.6441 0.0, 0.5063 0.6394 0.0, 0.4941 0.6378 0.0, 0.4902 0.6378 0.0, 0.4779 0.6394 0.0, 0.4665 0.6441 0.0, 0.4568 0.6516 0.0, 0.4492 0.6614 0.0, 0.4445 0.6728 0.0, 0.7913 0.0492 0.0827, 0.7913 0.1476 0.0827, 0.7874 0.0492 0.0827, 0.7874 0.1476 0.0827, 0.7874 0.1476 0.0039, 0.7913 0.1476 0.0, 0.685 0.1476 0.0039, 0.685 0.1476 0.0, 0.6728 0.146 0.0, 0.6728 0.146 0.0039, 0.6614 0.1413 0.0, 0.6614 0.1413 0.0039, 0.6516 0.1338 0.0, 0.6516 0.1338 0.0039, 0.6441 0.124 0.0, 0.6441 0.124 0.0039, 0.6394 0.1126 0.0, 0.6394 0.1126 0.0039, 0.6378 0.1004 0.0, 0.6378 0.1004 0.0039, 0.6378 0.0965 0.0, 0.6378 0.0965 0.0039, 0.6394 0.0842 0.0, 0.6394 0.0842 0.0039, 0.6441 0.0728 0.0, 0.6441 0.0728 0.0039, 0.6516 0.0631 0.0, 0.6516 0.0631 0.0039, 0.6614 0.0555 0.0, 0.6614 0.0555 0.0039, 0.6728 0.0508 0.0, 0.6728 0.0508 0.0039, 0.685 0.0492 0.0, 0.685 0.0492 0.0039, 0.7874 0.0492 0.0039, 0.7913 0.0492 0.0
            ]
        }
        coordIndex [
            0,1,2,-1,2,1,3,-1,3,4,2,-1,2,4,5,-1,2,5,6,-1,6,7,2,-1,2,7,8,-1,2,8,9,-1,9,10,2,-1,2,10,11,-1,2,11,12,-1,12,13,2,-1,2,13,14,-1,2,14,15,-1,16,17,18,-1,18,17,19,-1,19,17,20,-1,20,17,21,-1,20,21,22,-1,22,21,23,-1,22,23,24,-1,22,24,25,-1,25,24,26,-1,25,26,27,-1,27,26,28,-1,27,28,29,-1,29,28,30,-1,29,30,31,-1,31,30,32,-1,31,32,33,-1,33,32,34,-1,33,34,35,-1,34,36,35,-1,35,36,37,-1,37,36,38,-1,37,38,39,-1,39,38,40,-1,39,40,41,-1,41,40,42,-1,41,42,43,-1,43,42,44,-1,43,44,45,-1,45,44,46,-1,45,46,47,-1,47,46,48,-1,47,48,49,-1,49,48,50,-1,50,48,51,-1,50,51,18,-1,18,51,16,-1,
        ]
    }
}
Shape{
    appearance Appearance {
        material  Material 	{
            diffuseColor 0.5372549019607843 0.34901960784313724 0.33725490196078434
            specularColor 0.3764705882352941 0.24313725490196078 0.23529411764705882
            ambientIntensity 0.404
            transparency 0.0
            shininess 0.5
        }
    }
    geometry IndexedFaceSet {
        ccw TRUE
        solid FALSE
        coord DEF co Coordinate {
            point [
                0.7913 0.1476 0.0, 0.7913 0.1476 0.0827, 0.7913 0.0492 0.0, 0.7913 0.0492 0.0827
            ]
        }
        coordIndex [
            0,1,2,-1,2,1,3,-1,
        ]
    }
}
Shape{
    appearance Appearance {
        material  Material 	{
            diffuseColor 0.6666666666666666 0.6980392156862745 0.7686274509803922
            specularColor 0.3333333333333333 0.34901960784313724 0.3843137254901961
            ambientIntensity 0.6967
            transparency 0.0
            shininess 0.5
        }
    }
    geometry IndexedFaceSet {
        ccw TRUE
        solid FALSE
        coord DEF co Coordinate {
            point [
                0.7913 0.1476 0.0, 0.7913 0.0492 0.0, 0.685 0.0492 0.0, 0.6378 0.0965 0.0, 0.685 0.1476 0.0, 0.6378 0.1004 0.0, 0.6394 0.1126 0.0, 0.6728 0.0508 0.0, 0.6614 0.0555 0.0, 0.6516 0.0631 0.0, 0.6441 0.0728 0.0, 0.6394 0.0842 0.0, 0.6441 0.124 0.0, 0.6516 0.1338 0.0, 0.6728 0.146 0.0, 0.6614 0.1413 0.0, 0.7913 0.2461 0.0827, 0.7913 0.3445 0.0827, 0.7874 0.2461 0.0827, 0.7874 0.3445 0.0827, 0.7874 0.3445 0.0039, 0.7913 0.3445 0.0, 0.685 0.3445 0.0039, 0.685 0.3445 0.0, 0.6728 0.3429 0.0, 0.6728 0.3429 0.0039, 0.6614 0.3382 0.0, 0.6614 0.3382 0.0039, 0.6516 0.3307 0.0, 0.6516 0.3307 0.0039, 0.6441 0.3209 0.0, 0.6441 0.3209 0.0039, 0.6394 0.3095 0.0, 0.6394 0.3095 0.0039, 0.6378 0.2972 0.0, 0.6378 0.2972 0.0039, 0.6378 0.2933 0.0, 0.6378 0.2933 0.0039, 0.6394 0.2811 0.0, 0.6394 0.2811 0.0039, 0.6441 0.2697 0.0, 0.6441 0.2697 0.0039, 0.6516 0.2599 0.0, 0.6516 0.2599 0.0039, 0.6614 0.2524 0.0, 0.6614 0.2524 0.0039, 0.6728 0.2477 0.0, 0.6728 0.2477 0.0039, 0.685 0.2461 0.0, 0.685 0.2461 0.0039, 0.7874 0.2461 0.0039, 0.7913 0.2461 0.0
            ]
        }
        coordIndex [
            0,1,2,-1,0,3,4,-1,4,3,5,-1,4,5,6,-1,2,7,0,-1,0,7,8,-1,0,8,9,-1,9,10,0,-1,0,10,11,-1,0,11,3,-1,6,12,4,-1,4,12,13,-1,4,13,14,-1,14,13,15,-1,16,17,18,-1,18,17,19,-1,19,17,20,-1,20,17,21,-1,20,21,22,-1,22,21,23,-1,22,23,24,-1,22,24,25,-1,25,24,26,-1,25,26,27,-1,27,26,28,-1,27,28,29,-1,29,28,30,-1,29,30,31,-1,31,30,32,-1,31,32,33,-1,33,32,34,-1,33,34,35,-1,34,36,35,-1,35,36,37,-1,37,36,38,-1,37,38,39,-1,39,38,40,-1,39,40,41,-1,41,40,42,-1,41,42,43,-1,43,42,44,-1,43,44,45,-1,45,44,46,-1,45,46,47,-1,47,46,48,-1,47,48,49,-1,49,48,50,-1,50,48,51,-1,50,51,18,-1,18,51,16,-1,
        ]
    }
}
Shape{
    appearance Appearance {
        material  Material 	{
            diffuseColor 0.5372549019607843 0.34901960784313724 0.33725490196078434
            specularColor 0.3764705882352941 0.24313725490196078 0.23529411764705882
            ambientIntensity 0.404
            transparency 0.0
            shininess 0.5
        }
    }
    geometry IndexedFaceSet {
        ccw TRUE
        solid FALSE
        coord DEF co Coordinate {
            point [
                0.7913 0.3445 0.0, 0.7913 0.3445 0.0827, 0.7913 0.2461 0.0, 0.7913 0.2461 0.0827
            ]
        }
        coordIndex [
            0,1,2,-1,2,1,3,-1,
        ]
    }
}
Shape{
    appearance Appearance {
        material  Material 	{
            diffuseColor 0.6666666666666666 0.6980392156862745 0.7686274509803922
            specularColor 0.3333333333333333 0.34901960784313724 0.3843137254901961
            ambientIntensity 0.6967
            transparency 0.0
            shininess 0.5
        }
    }
    geometry IndexedFaceSet {
        ccw TRUE
        solid FALSE
        coord DEF co Coordinate {
            point [
                0.7913 0.3445 0.0, 0.7913 0.2461 0.0, 0.685 0.3445 0.0, 0.685 0.2461 0.0, 0.6728 0.3429 0.0, 0.6378 0.2972 0.0, 0.6378 0.2933 0.0, 0.6441 0.3209 0.0, 0.6516 0.3307 0.0, 0.6614 0.3382 0.0, 0.6728 0.2477 0.0, 0.6614 0.2524 0.0, 0.6516 0.2599 0.0, 0.6441 0.2697 0.0, 0.6394 0.2811 0.0, 0.6394 0.3095 0.0, 0.7913 0.4429 0.0827, 0.7913 0.5413 0.0827, 0.7874 0.4429 0.0827, 0.7874 0.5413 0.0827, 0.7874 0.5413 0.0039, 0.7913 0.5413 0.0, 0.685 0.5413 0.0039, 0.685 0.5413 0.0, 0.6728 0.5397 0.0, 0.6728 0.5397 0.0039, 0.6614 0.535 0.0, 0.6614 0.535 0.0039, 0.6516 0.5275 0.0, 0.6516 0.5275 0.0039, 0.6441 0.5177 0.0, 0.6441 0.5177 0.0039, 0.6394 0.5063 0.0, 0.6394 0.5063 0.0039, 0.6378 0.4941 0.0, 0.6378 0.4941 0.0039, 0.6378 0.4902 0.0, 0.6378 0.4902 0.0039, 0.6394 0.4779 0.0, 0.6394 0.4779 0.0039, 0.6441 0.4665 0.0, 0.6441 0.4665 0.0039, 0.6516 0.4568 0.0, 0.6516 0.4568 0.0039, 0.6614 0.4492 0.0, 0.6614 0.4492 0.0039, 0.6728 0.4445 0.0, 0.6728 0.4445 0.0039, 0.685 0.4429 0.0, 0.685 0.4429 0.0039, 0.7874 0.4429 0.0039, 0.7913 0.4429 0.0
            ]
        }
        coordIndex [
            0,1,2,-1,2,1,3,-1,4,2,5,-1,5,2,6,-1,7,8,9,-1,3,10,2,-1,2,10,11,-1,2,11,12,-1,12,13,2,-1,2,13,14,-1,2,14,6,-1,4,5,9,-1,9,5,15,-1,9,15,7,-1,16,17,18,-1,18,17,19,-1,19,17,20,-1,20,17,21,-1,20,21,22,-1,22,21,23,-1,22,23,24,-1,22,24,25,-1,25,24,26,-1,25,26,27,-1,27,26,28,-1,27,28,29,-1,29,28,30,-1,29,30,31,-1,31,30,32,-1,31,32,33,-1,33,32,34,-1,33,34,35,-1,34,36,35,-1,35,36,37,-1,37,36,38,-1,37,38,39,-1,39,38,40,-1,39,40,41,-1,41,40,42,-1,41,42,43,-1,43,42,44,-1,43,44,45,-1,45,44,46,-1,45,46,47,-1,47,46,48,-1,47,48,49,-1,49,48,50,-1,50,48,51,-1,50,51,18,-1,18,51,16,-1,
        ]
    }
}
Shape{
    appearance Appearance {
        material  Material 	{
            diffuseColor 0.5372549019607843 0.34901960784313724 0.33725490196078434
            specularColor 0.3764705882352941 0.24313725490196078 0.23529411764705882
            ambientIntensity 0.404
            transparency 0.0
            shininess 0.5
        }
    }
    geometry IndexedFaceSet {
        ccw TRUE
        solid FALSE
        coord DEF co Coordinate {
            point [
                0.7913 0.5413 0.0, 0.7913 0.5413 0.0827, 0.7913 0.4429 0.0, 0.7913 0.4429 0.0827
            ]
        }
        coordIndex [
            0,1,2,-1,2,1,3,-1,
        ]
    }
}
Shape{
    appearance Appearance {
        material  Material 	{
            diffuseColor 0.6666666666666666 0.6980392156862745 0.7686274509803922
            specularColor 0.3333333333333333 0.34901960784313724 0.3843137254901961
            ambientIntensity 0.6967
            transparency 0.0
            shininess 0.5
        }
    }
    geometry IndexedFaceSet {
        ccw TRUE
        solid FALSE
        coord DEF co Coordinate {
            point [
                0.7913 0.5413 0.0, 0.7913 0.4429 0.0, 0.685 0.4429 0.0, 0.6378 0.4902 0.0, 0.685 0.5413 0.0, 0.6378 0.4941 0.0, 0.6728 0.5397 0.0, 0.6441 0.5177 0.0, 0.6516 0.5275 0.0, 0.6614 0.535 0.0, 0.6728 0.4445 0.0, 0.6614 0.4492 0.0, 0.6516 0.4568 0.0, 0.6441 0.4665 0.0, 0.6394 0.4779 0.0, 0.6394 0.5063 0.0, 0.7913 -0.1476 0.0827, 0.7913 -0.0492 0.0827, 0.7874 -0.1476 0.0827, 0.7874 -0.0492 0.0827, 0.7874 -0.0492 0.0039, 0.7913 -0.0492 0.0, 0.685 -0.0492 0.0039, 0.685 -0.0492 0.0, 0.6728 -0.0508 0.0, 0.6728 -0.0508 0.0039, 0.6614 -0.0555 0.0, 0.6614 -0.0555 0.0039, 0.6516 -0.0631 0.0, 0.6516 -0.0631 0.0039, 0.6441 -0.0728 0.0, 0.6441 -0.0728 0.0039, 0.6394 -0.0842 0.0, 0.6394 -0.0842 0.0039, 0.6378 -0.0965 0.0, 0.6378 -0.0965 0.0039, 0.6378 -0.1004 0.0, 0.6378 -0.1004 0.0039, 0.6394 -0.1126 0.0, 0.6394 -0.1126 0.0039, 0.6441 -0.124 0.0, 0.6441 -0.124 0.0039, 0.6516 -0.1338 0.0, 0.6516 -0.1338 0.0039, 0.6614 -0.1413 0.0, 0.6614 -0.1413 0.0039, 0.6728 -0.146 0.0, 0.6728 -0.146 0.0039, 0.685 -0.1476 0.0, 0.685 -0.1476 0.0039, 0.7874 -0.1476 0.0039, 0.7913 -0.1476 0.0
            ]
        }
        coordIndex [
            0,1,2,-1,0,3,4,-1,4,3,5,-1,4,5,6,-1,7,8,9,-1,2,10,0,-1,0,10,11,-1,0,11,12,-1,12,13,0,-1,0,13,14,-1,0,14,3,-1,6,5,9,-1,9,5,15,-1,9,15,7,-1,16,17,18,-1,18,17,19,-1,19,17,20,-1,20,17,21,-1,20,21,22,-1,22,21,23,-1,22,23,24,-1,22,24,25,-1,25,24,26,-1,25,26,27,-1,27,26,28,-1,27,28,29,-1,29,28,30,-1,29,30,31,-1,31,30,32,-1,31,32,33,-1,33,32,34,-1,33,34,35,-1,34,36,35,-1,35,36,37,-1,37,36,38,-1,37,38,39,-1,39,38,40,-1,39,40,41,-1,41,40,42,-1,41,42,43,-1,43,42,44,-1,43,44,45,-1,45,44,46,-1,45,46,47,-1,47,46,48,-1,47,48,49,-1,49,48,50,-1,50,48,51,-1,50,51,18,-1,18,51,16,-1,
        ]
    }
}
Shape{
    appearance Appearance {
        material  Material 	{
            diffuseColor 0.5372549019607843 0.34901960784313724 0.33725490196078434
            specularColor 0.3764705882352941 0.24313725490196078 0.23529411764705882
            ambientIntensity 0.404
            transparency 0.0
            shininess 0.5
        }
    }
    geometry IndexedFaceSet {
        ccw TRUE
        solid FALSE
        coord DEF co Coordinate {
            point [
                0.7913 -0.0492 0.0, 0.7913 -0.0492 0.0827, 0.7913 -0.1476 0.0, 0.7913 -0.1476 0.0827
            ]
        }
        coordIndex [
            0,1,2,-1,2,1,3,-1,
        ]
    }
}
Shape{
    appearance Appearance {
        material  Material 	{
            diffuseColor 0.6666666666666666 0.6980392156862745 0.7686274509803922
            specularColor 0.3333333333333333 0.34901960784313724 0.3843137254901961
            ambientIntensity 0.6967
            transparency 0.0
            shininess 0.5
        }
    }
    geometry IndexedFaceSet {
        ccw TRUE
        solid FALSE
        coord DEF co Coordinate {
            point [
                0.7913 -0.0492 0.0, 0.7913 -0.1476 0.0, 0.685 -0.1476 0.0, 0.6378 -0.1004 0.0, 0.685 -0.0492 0.0, 0.6378 -0.0965 0.0, 0.6728 -0.0508 0.0, 0.6728 -0.146 0.0, 0.6614 -0.1413 0.0, 0.6516 -0.1338 0.0, 0.6441 -0.124 0.0, 0.6394 -0.1126 0.0, 0.6394 -0.0842 0.0, 0.6441 -0.0728 0.0, 0.6614 -0.0555 0.0, 0.6516 -0.0631 0.0, 0.7913 -0.3445 0.0827, 0.7913 -0.2461 0.0827, 0.7874 -0.3445 0.0827, 0.7874 -0.2461 0.0827, 0.7874 -0.2461 0.0039, 0.7913 -0.2461 0.0, 0.685 -0.2461 0.0039, 0.685 -0.2461 0.0, 0.6728 -0.2477 0.0, 0.6728 -0.2477 0.0039, 0.6614 -0.2524 0.0, 0.6614 -0.2524 0.0039, 0.6516 -0.2599 0.0, 0.6516 -0.2599 0.0039, 0.6441 -0.2697 0.0, 0.6441 -0.2697 0.0039, 0.6394 -0.2811 0.0, 0.6394 -0.2811 0.0039, 0.6378 -0.2933 0.0, 0.6378 -0.2933 0.0039, 0.6378 -0.2972 0.0, 0.6378 -0.2972 0.0039, 0.6394 -0.3095 0.0, 0.6394 -0.3095 0.0039, 0.6441 -0.3209 0.0, 0.6441 -0.3209 0.0039, 0.6516 -0.3307 0.0, 0.6516 -0.3307 0.0039, 0.6614 -0.3382 0.0, 0.6614 -0.3382 0.0039, 0.6728 -0.3429 0.0, 0.6728 -0.3429 0.0039, 0.685 -0.3445 0.0, 0.685 -0.3445 0.0039, 0.7874 -0.3445 0.0039, 0.7913 -0.3445 0.0
            ]
        }
        coordIndex [
            0,1,2,-1,0,3,4,-1,4,3,5,-1,4,5,6,-1,2,7,0,-1,0,7,8,-1,0,8,9,-1,9,10,0,-1,0,10,11,-1,0,11,3,-1,5,12,6,-1,6,12,13,-1,6,13,14,-1,14,13,15,-1,16,17,18,-1,18,17,19,-1,19,17,20,-1,20,17,21,-1,20,21,22,-1,22,21,23,-1,22,23,24,-1,22,24,25,-1,25,24,26,-1,25,26,27,-1,27,26,28,-1,27,28,29,-1,29,28,30,-1,29,30,31,-1,31,30,32,-1,31,32,33,-1,33,32,34,-1,33,34,35,-1,34,36,35,-1,35,36,37,-1,37,36,38,-1,37,38,39,-1,39,38,40,-1,39,40,41,-1,41,40,42,-1,41,42,43,-1,43,42,44,-1,43,44,45,-1,45,44,46,-1,45,46,47,-1,47,46,48,-1,47,48,49,-1,49,48,50,-1,50,48,51,-1,50,51,18,-1,18,51,16,-1,
        ]
    }
}
Shape{
    appearance Appearance {
        material  Material 	{
            diffuseColor 0.5372549019607843 0.34901960784313724 0.33725490196078434
            specularColor 0.3764705882352941 0.24313725490196078 0.23529411764705882
            ambientIntensity 0.404
            transparency 0.0
            shininess 0.5
        }
    }
    geometry IndexedFaceSet {
        ccw TRUE
        solid FALSE
        coord DEF co Coordinate {
            point [
                0.7913 -0.2461 0.0, 0.7913 -0.2461 0.0827, 0.7913 -0.3445 0.0, 0.7913 -0.3445 0.0827
            ]
        }
        coordIndex [
            0,1,2,-1,2,1,3,-1,
        ]
    }
}
Shape{
    appearance Appearance {
        material  Material 	{
            diffuseColor 0.6666666666666666 0.6980392156862745 0.7686274509803922
            specularColor 0.3333333333333333 0.34901960784313724 0.3843137254901961
            ambientIntensity 0.6967
            transparency 0.0
            shininess 0.5
        }
    }
    geometry IndexedFaceSet {
        ccw TRUE
        solid FALSE
        coord DEF co Coordinate {
            point [
                0.7913 -0.2461 0.0, 0.7913 -0.3445 0.0, 0.685 -0.2461 0.0, 0.685 -0.3445 0.0, 0.6728 -0.2477 0.0, 0.6378 -0.2933 0.0, 0.6378 -0.2972 0.0, 0.6441 -0.2697 0.0, 0.6516 -0.2599 0.0, 0.6614 -0.2524 0.0, 0.6728 -0.3429 0.0, 0.6614 -0.3382 0.0, 0.6516 -0.3307 0.0, 0.6441 -0.3209 0.0, 0.6394 -0.3095 0.0, 0.6394 -0.2811 0.0, 0.7913 -0.5413 0.0827, 0.7913 -0.4429 0.0827, 0.7874 -0.5413 0.0827, 0.7874 -0.4429 0.0827, 0.7874 -0.4429 0.0039, 0.7913 -0.4429 0.0, 0.685 -0.4429 0.0039, 0.685 -0.4429 0.0, 0.6728 -0.4445 0.0, 0.6728 -0.4445 0.0039, 0.6614 -0.4492 0.0, 0.6614 -0.4492 0.0039, 0.6516 -0.4568 0.0, 0.6516 -0.4568 0.0039, 0.6441 -0.4665 0.0, 0.6441 -0.4665 0.0039, 0.6394 -0.4779 0.0, 0.6394 -0.4779 0.0039, 0.6378 -0.4902 0.0, 0.6378 -0.4902 0.0039, 0.6378 -0.4941 0.0, 0.6378 -0.4941 0.0039, 0.6394 -0.5063 0.0, 0.6394 -0.5063 0.0039, 0.6441 -0.5177 0.0, 0.6441 -0.5177 0.0039, 0.6516 -0.5275 0.0, 0.6516 -0.5275 0.0039, 0.6614 -0.535 0.0, 0.6614 -0.535 0.0039, 0.6728 -0.5397 0.0, 0.6728 -0.5397 0.0039, 0.685 -0.5413 0.0, 0.685 -0.5413 0.0039, 0.7874 -0.5413 0.0039, 0.7913 -0.5413 0.0
            ]
        }
        coordIndex [
            0,1,2,-1,2,1,3,-1,4,2,5,-1,5,2,6,-1,7,8,9,-1,3,10,2,-1,2,10,11,-1,2,11,12,-1,12,13,2,-1,2,13,14,-1,2,14,6,-1,4,5,9,-1,9,5,15,-1,9,15,7,-1,16,17,18,-1,18,17,19,-1,19,17,20,-1,20,17,21,-1,20,21,22,-1,22,21,23,-1,22,23,24,-1,22,24,25,-1,25,24,26,-1,25,26,27,-1,27,26,28,-1,27,28,29,-1,29,28,30,-1,29,30,31,-1,31,30,32,-1,31,32,33,-1,33,32,34,-1,33,34,35,-1,34,36,35,-1,35,36,37,-1,37,36,38,-1,37,38,39,-1,39,38,40,-1,39,40,41,-1,41,40,42,-1,41,42,43,-1,43,42,44,-1,43,44,45,-1,45,44,46,-1,45,46,47,-1,47,46,48,-1,47,48,49,-1,49,48,50,-1,50,48,51,-1,50,51,18,-1,18,51,16,-1,
        ]
    }
}
Shape{
    appearance Appearance {
        material  Material 	{
            diffuseColor 0.5372549019607843 0.34901960784313724 0.33725490196078434
            specularColor 0.3764705882352941 0.24313725490196078 0.23529411764705882
            ambientIntensity 0.404
            transparency 0.0
            shininess 0.5
        }
    }
    geometry IndexedFaceSet {
        ccw TRUE
        solid FALSE
        coord DEF co Coordinate {
            point [
                0.7913 -0.4429 0.0, 0.7913 -0.4429 0.0827, 0.7913 -0.5413 0.0, 0.7913 -0.5413 0.0827
            ]
        }
        coordIndex [
            0,1,2,-1,2,1,3,-1,
        ]
    }
}
Shape{
    appearance Appearance {
        material  Material 	{
            diffuseColor 0.6666666666666666 0.6980392156862745 0.7686274509803922
            specularColor 0.3333333333333333 0.34901960784313724 0.3843137254901961
            ambientIntensity 0.6967
            transparency 0.0
            shininess 0.5
        }
    }
    geometry IndexedFaceSet {
        ccw TRUE
        solid FALSE
        coord DEF co Coordinate {
            point [
                0.7913 -0.4429 0.0, 0.7913 -0.5413 0.0, 0.685 -0.5413 0.0, 0.6378 -0.4941 0.0, 0.685 -0.4429 0.0, 0.6378 -0.4902 0.0, 0.6728 -0.4445 0.0, 0.6441 -0.4665 0.0, 0.6516 -0.4568 0.0, 0.6614 -0.4492 0.0, 0.6728 -0.5397 0.0, 0.6614 -0.535 0.0, 0.6516 -0.5275 0.0, 0.6441 -0.5177 0.0, 0.6394 -0.5063 0.0, 0.6394 -0.4779 0.0, 0.0492 -0.7913 0.0827, 0.1476 -0.7913 0.0827, 0.0492 -0.7874 0.0827, 0.1476 -0.7874 0.0827, 0.1476 -0.7874 0.0039, 0.1476 -0.7913 0.0, 0.1476 -0.685 0.0039, 0.1476 -0.685 0.0, 0.146 -0.6728 0.0, 0.146 -0.6728 0.0039, 0.1413 -0.6614 0.0, 0.1413 -0.6614 0.0039, 0.1338 -0.6516 0.0, 0.1338 -0.6516 0.0039, 0.124 -0.6441 0.0, 0.124 -0.6441 0.0039, 0.1126 -0.6394 0.0, 0.1126 -0.6394 0.0039, 0.1004 -0.6378 0.0, 0.1004 -0.6378 0.0039, 0.0965 -0.6378 0.0, 0.0965 -0.6378 0.0039, 0.0842 -0.6394 0.0, 0.0842 -0.6394 0.0039, 0.0728 -0.6441 0.0, 0.0728 -0.6441 0.0039, 0.0631 -0.6516 0.0, 0.0631 -0.6516 0.0039, 0.0555 -0.6614 0.0, 0.0555 -0.6614 0.0039, 0.0508 -0.6728 0.0, 0.0508 -0.6728 0.0039, 0.0492 -0.685 0.0, 0.0492 -0.685 0.0039, 0.0492 -0.7874 0.0039, 0.0492 -0.7913 0.0
            ]
        }
        coordIndex [
            0,1,2,-1,0,3,4,-1,4,3,5,-1,4,5,6,-1,7,8,9,-1,2,10,0,-1,0,10,11,-1,0,11,12,-1,12,13,0,-1,0,13,14,-1,0,14,3,-1,6,5,9,-1,9,5,15,-1,9,15,7,-1,16,17,18,-1,18,17,19,-1,19,17,20,-1,20,17,21,-1,20,21,22,-1,22,21,23,-1,22,23,24,-1,22,24,25,-1,25,24,26,-1,25,26,27,-1,27,26,28,-1,27,28,29,-1,29,28,30,-1,29,30,31,-1,31,30,32,-1,31,32,33,-1,33,32,34,-1,33,34,35,-1,34,36,35,-1,35,36,37,-1,37,36,38,-1,37,38,39,-1,39,38,40,-1,39,40,41,-1,41,40,42,-1,41,42,43,-1,43,42,44,-1,43,44,45,-1,45,44,46,-1,45,46,47,-1,47,46,48,-1,47,48,49,-1,49,48,50,-1,50,48,51,-1,50,51,18,-1,18,51,16,-1,
        ]
    }
}
Shape{
    appearance Appearance {
        material  Material 	{
            diffuseColor 0.5372549019607843 0.34901960784313724 0.33725490196078434
            specularColor 0.3764705882352941 0.24313725490196078 0.23529411764705882
            ambientIntensity 0.404
            transparency 0.0
            shininess 0.5
        }
    }
    geometry IndexedFaceSet {
        ccw TRUE
        solid FALSE
        coord DEF co Coordinate {
            point [
                0.1476 -0.7913 0.0, 0.1476 -0.7913 0.0827, 0.0492 -0.7913 0.0, 0.0492 -0.7913 0.0827
            ]
        }
        coordIndex [
            0,1,2,-1,2,1,3,-1,
        ]
    }
}
Shape{
    appearance Appearance {
        material  Material 	{
            diffuseColor 0.6666666666666666 0.6980392156862745 0.7686274509803922
            specularColor 0.3333333333333333 0.34901960784313724 0.3843137254901961
            ambientIntensity 0.6967
            transparency 0.0
            shininess 0.5
        }
    }
    geometry IndexedFaceSet {
        ccw TRUE
        solid FALSE
        coord DEF co Coordinate {
            point [
                0.1476 -0.685 0.0, 0.1476 -0.7913 0.0, 0.1004 -0.6378 0.0, 0.0492 -0.7913 0.0, 0.0492 -0.685 0.0, 0.0508 -0.6728 0.0, 0.0728 -0.6441 0.0, 0.0842 -0.6394 0.0, 0.0965 -0.6378 0.0, 0.124 -0.6441 0.0, 0.1338 -0.6516 0.0, 0.1413 -0.6614 0.0, 0.0555 -0.6614 0.0, 0.0631 -0.6516 0.0, 0.1126 -0.6394 0.0, 0.146 -0.6728 0.0, 0.2461 -0.7913 0.0827, 0.3445 -0.7913 0.0827, 0.2461 -0.7874 0.0827, 0.3445 -0.7874 0.0827, 0.3445 -0.7874 0.0039, 0.3445 -0.7913 0.0, 0.3445 -0.685 0.0039, 0.3445 -0.685 0.0, 0.3429 -0.6728 0.0, 0.3429 -0.6728 0.0039, 0.3382 -0.6614 0.0, 0.3382 -0.6614 0.0039, 0.3307 -0.6516 0.0, 0.3307 -0.6516 0.0039, 0.3209 -0.6441 0.0, 0.3209 -0.6441 0.0039, 0.3095 -0.6394 0.0, 0.3095 -0.6394 0.0039, 0.2972 -0.6378 0.0, 0.2972 -0.6378 0.0039, 0.2933 -0.6378 0.0, 0.2933 -0.6378 0.0039, 0.2811 -0.6394 0.0, 0.2811 -0.6394 0.0039, 0.2697 -0.6441 0.0, 0.2697 -0.6441 0.0039, 0.2599 -0.6516 0.0, 0.2599 -0.6516 0.0039, 0.2524 -0.6614 0.0, 0.2524 -0.6614 0.0039, 0.2477 -0.6728 0.0, 0.2477 -0.6728 0.0039, 0.2461 -0.685 0.0, 0.2461 -0.685 0.0039, 0.2461 -0.7874 0.0039, 0.2461 -0.7913 0.0
            ]
        }
        coordIndex [
            0,1,2,-1,3,4,1,-1,1,4,5,-1,6,7,1,-1,1,7,8,-1,1,8,2,-1,9,10,11,-1,5,12,1,-1,1,12,13,-1,1,13,6,-1,2,14,0,-1,0,14,9,-1,0,9,15,-1,15,9,11,-1,16,17,18,-1,18,17,19,-1,19,17,20,-1,20,17,21,-1,20,21,22,-1,22,21,23,-1,22,23,24,-1,22,24,25,-1,25,24,26,-1,25,26,27,-1,27,26,28,-1,27,28,29,-1,29,28,30,-1,29,30,31,-1,31,30,32,-1,31,32,33,-1,33,32,34,-1,33,34,35,-1,34,36,35,-1,35,36,37,-1,37,36,38,-1,37,38,39,-1,39,38,40,-1,39,40,41,-1,41,40,42,-1,41,42,43,-1,43,42,44,-1,43,44,45,-1,45,44,46,-1,45,46,47,-1,47,46,48,-1,47,48,49,-1,49,48,50,-1,50,48,51,-1,50,51,18,-1,18,51,16,-1,
        ]
    }
}
Shape{
    appearance Appearance {
        material  Material 	{
            diffuseColor 0.5372549019607843 0.34901960784313724 0.33725490196078434
            specularColor 0.3764705882352941 0.24313725490196078 0.23529411764705882
            ambientIntensity 0.404
            transparency 0.0
            shininess 0.5
        }
    }
    geometry IndexedFaceSet {
        ccw TRUE
        solid FALSE
        coord DEF co Coordinate {
            point [
                0.3445 -0.7913 0.0, 0.3445 -0.7913 0.0827, 0.2461 -0.7913 0.0, 0.2461 -0.7913 0.0827
            ]
        }
        coordIndex [
            0,1,2,-1,2,1,3,-1,
        ]
    }
}
Shape{
    appearance Appearance {
        material  Material 	{
            diffuseColor 0.6666666666666666 0.6980392156862745 0.7686274509803922
            specularColor 0.3333333333333333 0.34901960784313724 0.3843137254901961
            ambientIntensity 0.6967
            transparency 0.0
            shininess 0.5
        }
    }
    geometry IndexedFaceSet {
        ccw TRUE
        solid FALSE
        coord DEF co Coordinate {
            point [
                0.3445 -0.685 0.0, 0.3445 -0.7913 0.0, 0.2461 -0.7913 0.0, 0.2461 -0.685 0.0, 0.2477 -0.6728 0.0, 0.2524 -0.6614 0.0, 0.2599 -0.6516 0.0, 0.2697 -0.6441 0.0, 0.2811 -0.6394 0.0, 0.2933 -0.6378 0.0, 0.2972 -0.6378 0.0, 0.3429 -0.6728 0.0, 0.3382 -0.6614 0.0, 0.3095 -0.6394 0.0, 0.3209 -0.6441 0.0, 0.3307 -0.6516 0.0, 0.4429 -0.7913 0.0827, 0.5413 -0.7913 0.0827, 0.4429 -0.7874 0.0827, 0.5413 -0.7874 0.0827, 0.5413 -0.7874 0.0039, 0.5413 -0.7913 0.0, 0.5413 -0.685 0.0039, 0.5413 -0.685 0.0, 0.5397 -0.6728 0.0, 0.5397 -0.6728 0.0039, 0.535 -0.6614 0.0, 0.535 -0.6614 0.0039, 0.5275 -0.6516 0.0, 0.5275 -0.6516 0.0039, 0.5177 -0.6441 0.0, 0.5177 -0.6441 0.0039, 0.5063 -0.6394 0.0, 0.5063 -0.6394 0.0039, 0.4941 -0.6378 0.0, 0.4941 -0.6378 0.0039, 0.4902 -0.6378 0.0, 0.4902 -0.6378 0.0039, 0.4779 -0.6394 0.0, 0.4779 -0.6394 0.0039, 0.4665 -0.6441 0.0, 0.4665 -0.6441 0.0039, 0.4568 -0.6516 0.0, 0.4568 -0.6516 0.0039, 0.4492 -0.6614 0.0, 0.4492 -0.6614 0.0039, 0.4445 -0.6728 0.0, 0.4445 -0.6728 0.0039, 0.4429 -0.685 0.0, 0.4429 -0.685 0.0039, 0.4429 -0.7874 0.0039, 0.4429 -0.7913 0.0
            ]
        }
        coordIndex [
            0,1,2,-1,2,3,0,-1,0,3,4,-1,0,4,5,-1,5,6,0,-1,0,6,7,-1,0,7,8,-1,8,9,0,-1,0,9,10,-1,0,10,11,-1,11,10,12,-1,13,14,10,-1,10,14,15,-1,10,15,12,-1,16,17,18,-1,18,17,19,-1,19,17,20,-1,20,17,21,-1,20,21,22,-1,22,21,23,-1,22,23,24,-1,22,24,25,-1,25,24,26,-1,25,26,27,-1,27,26,28,-1,27,28,29,-1,29,28,30,-1,29,30,31,-1,31,30,32,-1,31,32,33,-1,33,32,34,-1,33,34,35,-1,34,36,35,-1,35,36,37,-1,37,36,38,-1,37,38,39,-1,39,38,40,-1,39,40,41,-1,41,40,42,-1,41,42,43,-1,43,42,44,-1,43,44,45,-1,45,44,46,-1,45,46,47,-1,47,46,48,-1,47,48,49,-1,49,48,50,-1,50,48,51,-1,50,51,18,-1,18,51,16,-1,
        ]
    }
}
Shape{
    appearance Appearance {
        material  Material 	{
            diffuseColor 0.5372549019607843 0.34901960784313724 0.33725490196078434
            specularColor 0.3764705882352941 0.24313725490196078 0.23529411764705882
            ambientIntensity 0.404
            transparency 0.0
            shininess 0.5
        }
    }
    geometry IndexedFaceSet {
        ccw TRUE
        solid FALSE
        coord DEF co Coordinate {
            point [
                0.5413 -0.7913 0.0, 0.5413 -0.7913 0.0827, 0.4429 -0.7913 0.0, 0.4429 -0.7913 0.0827
            ]
        }
        coordIndex [
            0,1,2,-1,2,1,3,-1,
        ]
    }
}
Shape{
    appearance Appearance {
        material  Material 	{
            diffuseColor 0.6666666666666666 0.6980392156862745 0.7686274509803922
            specularColor 0.3333333333333333 0.34901960784313724 0.3843137254901961
            ambientIntensity 0.6967
            transparency 0.0
            shininess 0.5
        }
    }
    geometry IndexedFaceSet {
        ccw TRUE
        solid FALSE
        coord DEF co Coordinate {
            point [
                0.5413 -0.7913 0.0, 0.4429 -0.7913 0.0, 0.5413 -0.685 0.0, 0.4429 -0.685 0.0, 0.4445 -0.6728 0.0, 0.4492 -0.6614 0.0, 0.4568 -0.6516 0.0, 0.4665 -0.6441 0.0, 0.4779 -0.6394 0.0, 0.4902 -0.6378 0.0, 0.4941 -0.6378 0.0, 0.5063 -0.6394 0.0, 0.5177 -0.6441 0.0, 0.5275 -0.6516 0.0, 0.535 -0.6614 0.0, 0.5397 -0.6728 0.0, -0.1476 -0.7913 0.0827, -0.0492 -0.7913 0.0827, -0.1476 -0.7874 0.0827, -0.0492 -0.7874 0.0827, -0.0492 -0.7874 0.0039, -0.0492 -0.7913 0.0, -0.0492 -0.685 0.0039, -0.0492 -0.685 0.0, -0.0508 -0.6728 0.0, -0.0508 -0.6728 0.0039, -0.0555 -0.6614 0.0, -0.0555 -0.6614 0.0039, -0.0631 -0.6516 0.0, -0.0631 -0.6516 0.0039, -0.0728 -0.6441 0.0, -0.0728 -0.6441 0.0039, -0.0842 -0.6394 0.0, -0.0842 -0.6394 0.0039, -0.0965 -0.6378 0.0, -0.0965 -0.6378 0.0039, -0.1004 -0.6378 0.0, -0.1004 -0.6378 0.0039, -0.1126 -0.6394 0.0, -0.1126 -0.6394 0.0039, -0.124 -0.6441 0.0, -0.124 -0.6441 0.0039, -0.1338 -0.6516 0.0, -0.1338 -0.6516 0.0039, -0.1413 -0.6614 0.0, -0.1413 -0.6614 0.0039, -0.146 -0.6728 0.0, -0.146 -0.6728 0.0039, -0.1476 -0.685 0.0, -0.1476 -0.685 0.0039, -0.1476 -0.7874 0.0039, -0.1476 -0.7913 0.0
            ]
        }
        coordIndex [
            0,1,2,-1,2,1,3,-1,3,4,2,-1,2,4,5,-1,2,5,6,-1,6,7,2,-1,2,7,8,-1,2,8,9,-1,9,10,2,-1,2,10,11,-1,2,11,12,-1,12,13,2,-1,2,13,14,-1,2,14,15,-1,16,17,18,-1,18,17,19,-1,19,17,20,-1,20,17,21,-1,20,21,22,-1,22,21,23,-1,22,23,24,-1,22,24,25,-1,25,24,26,-1,25,26,27,-1,27,26,28,-1,27,28,29,-1,29,28,30,-1,29,30,31,-1,31,30,32,-1,31,32,33,-1,33,32,34,-1,33,34,35,-1,34,36,35,-1,35,36,37,-1,37,36,38,-1,37,38,39,-1,39,38,40,-1,39,40,41,-1,41,40,42,-1,41,42,43,-1,43,42,44,-1,43,44,45,-1,45,44,46,-1,45,46,47,-1,47,46,48,-1,47,48,49,-1,49,48,50,-1,50,48,51,-1,50,51,18,-1,18,51,16,-1,
        ]
    }
}
Shape{
    appearance Appearance {
        material  Material 	{
            diffuseColor 0.5372549019607843 0.34901960784313724 0.33725490196078434
            specularColor 0.3764705882352941 0.24313725490196078 0.23529411764705882
            ambientIntensity 0.404
            transparency 0.0
            shininess 0.5
        }
    }
    geometry IndexedFaceSet {
        ccw TRUE
        solid FALSE
        coord DEF co Coordinate {
            point [
                -0.0492 -0.7913 0.0, -0.0492 -0.7913 0.0827, -0.1476 -0.7913 0.0, -0.1476 -0.7913 0.0827
            ]
        }
        coordIndex [
            0,1,2,-1,2,1,3,-1,
        ]
    }
}
Shape{
    appearance Appearance {
        material  Material 	{
            diffuseColor 0.6666666666666666 0.6980392156862745 0.7686274509803922
            specularColor 0.3333333333333333 0.34901960784313724 0.3843137254901961
            ambientIntensity 0.6967
            transparency 0.0
            shininess 0.5
        }
    }
    geometry IndexedFaceSet {
        ccw TRUE
        solid FALSE
        coord DEF co Coordinate {
            point [
                -0.1476 -0.7913 0.0, -0.1476 -0.685 0.0, -0.0492 -0.7913 0.0, -0.146 -0.6728 0.0, -0.1413 -0.6614 0.0, -0.1338 -0.6516 0.0, -0.124 -0.6441 0.0, -0.1126 -0.6394 0.0, -0.1004 -0.6378 0.0, -0.0965 -0.6378 0.0, -0.0492 -0.685 0.0, -0.0842 -0.6394 0.0, -0.0728 -0.6441 0.0, -0.0631 -0.6516 0.0, -0.0555 -0.6614 0.0, -0.0508 -0.6728 0.0, -0.3445 -0.7913 0.0827, -0.2461 -0.7913 0.0827, -0.3445 -0.7874 0.0827, -0.2461 -0.7874 0.0827, -0.2461 -0.7874 0.0039, -0.2461 -0.7913 0.0, -0.2461 -0.685 0.0039, -0.2461 -0.685 0.0, -0.2477 -0.6728 0.0, -0.2477 -0.6728 0.0039, -0.2524 -0.6614 0.0, -0.2524 -0.6614 0.0039, -0.2599 -0.6516 0.0, -0.2599 -0.6516 0.0039, -0.2697 -0.6441 0.0, -0.2697 -0.6441 0.0039, -0.2811 -0.6394 0.0, -0.2811 -0.6394 0.0039, -0.2933 -0.6378 0.0, -0.2933 -0.6378 0.0039, -0.2972 -0.6378 0.0, -0.2972 -0.6378 0.0039, -0.3095 -0.6394 0.0, -0.3095 -0.6394 0.0039, -0.3209 -0.6441 0.0, -0.3209 -0.6441 0.0039, -0.3307 -0.6516 0.0, -0.3307 -0.6516 0.0039, -0.3382 -0.6614 0.0, -0.3382 -0.6614 0.0039, -0.3429 -0.6728 0.0, -0.3429 -0.6728 0.0039, -0.3445 -0.685 0.0, -0.3445 -0.685 0.0039, -0.3445 -0.7874 0.0039, -0.3445 -0.7913 0.0
            ]
        }
        coordIndex [
            0,1,2,-1,2,1,3,-1,2,3,4,-1,4,5,2,-1,2,5,6,-1,2,6,7,-1,7,8,2,-1,2,8,9,-1,2,9,10,-1,10,9,11,-1,10,11,12,-1,13,14,12,-1,12,14,15,-1,12,15,10,-1,16,17,18,-1,18,17,19,-1,19,17,20,-1,20,17,21,-1,20,21,22,-1,22,21,23,-1,22,23,24,-1,22,24,25,-1,25,24,26,-1,25,26,27,-1,27,26,28,-1,27,28,29,-1,29,28,30,-1,29,30,31,-1,31,30,32,-1,31,32,33,-1,33,32,34,-1,33,34,35,-1,34,36,35,-1,35,36,37,-1,37,36,38,-1,37,38,39,-1,39,38,40,-1,39,40,41,-1,41,40,42,-1,41,42,43,-1,43,42,44,-1,43,44,45,-1,45,44,46,-1,45,46,47,-1,47,46,48,-1,47,48,49,-1,49,48,50,-1,50,48,51,-1,50,51,18,-1,18,51,16,-1,
        ]
    }
}
Shape{
    appearance Appearance {
        material  Material 	{
            diffuseColor 0.5372549019607843 0.34901960784313724 0.33725490196078434
            specularColor 0.3764705882352941 0.24313725490196078 0.23529411764705882
            ambientIntensity 0.404
            transparency 0.0
            shininess 0.5
        }
    }
    geometry IndexedFaceSet {
        ccw TRUE
        solid FALSE
        coord DEF co Coordinate {
            point [
                -0.2461 -0.7913 0.0, -0.2461 -0.7913 0.0827, -0.3445 -0.7913 0.0, -0.3445 -0.7913 0.0827
            ]
        }
        coordIndex [
            0,1,2,-1,2,1,3,-1,
        ]
    }
}
Shape{
    appearance Appearance {
        material  Material 	{
            diffuseColor 0.6666666666666666 0.6980392156862745 0.7686274509803922
            specularColor 0.3333333333333333 0.34901960784313724 0.3843137254901961
            ambientIntensity 0.6967
            transparency 0.0
            shininess 0.5
        }
    }
    geometry IndexedFaceSet {
        ccw TRUE
        solid FALSE
        coord DEF co Coordinate {
            point [
                -0.2461 -0.685 0.0, -0.2461 -0.7913 0.0, -0.3445 -0.7913 0.0, -0.3445 -0.685 0.0, -0.3429 -0.6728 0.0, -0.3382 -0.6614 0.0, -0.3307 -0.6516 0.0, -0.3209 -0.6441 0.0, -0.3095 -0.6394 0.0, -0.2972 -0.6378 0.0, -0.2933 -0.6378 0.0, -0.2477 -0.6728 0.0, -0.2524 -0.6614 0.0, -0.2811 -0.6394 0.0, -0.2697 -0.6441 0.0, -0.2599 -0.6516 0.0, -0.5413 -0.7913 0.0827, -0.4429 -0.7913 0.0827, -0.5413 -0.7874 0.0827, -0.4429 -0.7874 0.0827, -0.4429 -0.7874 0.0039, -0.4429 -0.7913 0.0, -0.4429 -0.685 0.0039, -0.4429 -0.685 0.0, -0.4445 -0.6728 0.0, -0.4445 -0.6728 0.0039, -0.4492 -0.6614 0.0, -0.4492 -0.6614 0.0039, -0.4568 -0.6516 0.0, -0.4568 -0.6516 0.0039, -0.4665 -0.6441 0.0, -0.4665 -0.6441 0.0039, -0.4779 -0.6394 0.0, -0.4779 -0.6394 0.0039, -0.4902 -0.6378 0.0, -0.4902 -0.6378 0.0039, -0.4941 -0.6378 0.0, -0.4941 -0.6378 0.0039, -0.5063 -0.6394 0.0, -0.5063 -0.6394 0.0039, -0.5177 -0.6441 0.0, -0.5177 -0.6441 0.0039, -0.5275 -0.6516 0.0, -0.5275 -0.6516 0.0039, -0.535 -0.6614 0.0, -0.535 -0.6614 0.0039, -0.5397 -0.6728 0.0, -0.5397 -0.6728 0.0039, -0.5413 -0.685 0.0, -0.5413 -0.685 0.0039, -0.5413 -0.7874 0.0039, -0.5413 -0.7913 0.0
            ]
        }
        coordIndex [
            0,1,2,-1,2,3,0,-1,0,3,4,-1,0,4,5,-1,5,6,0,-1,0,6,7,-1,0,7,8,-1,8,9,0,-1,0,9,10,-1,0,10,11,-1,11,10,12,-1,13,14,10,-1,10,14,15,-1,10,15,12,-1,16,17,18,-1,18,17,19,-1,19,17,20,-1,20,17,21,-1,20,21,22,-1,22,21,23,-1,22,23,24,-1,22,24,25,-1,25,24,26,-1,25,26,27,-1,27,26,28,-1,27,28,29,-1,29,28,30,-1,29,30,31,-1,31,30,32,-1,31,32,33,-1,33,32,34,-1,33,34,35,-1,34,36,35,-1,35,36,37,-1,37,36,38,-1,37,38,39,-1,39,38,40,-1,39,40,41,-1,41,40,42,-1,41,42,43,-1,43,42,44,-1,43,44,45,-1,45,44,46,-1,45,46,47,-1,47,46,48,-1,47,48,49,-1,49,48,50,-1,50,48,51,-1,50,51,18,-1,18,51,16,-1,
        ]
    }
}
Shape{
    appearance Appearance {
        material  Material 	{
            diffuseColor 0.5372549019607843 0.34901960784313724 0.33725490196078434
            specularColor 0.3764705882352941 0.24313725490196078 0.23529411764705882
            ambientIntensity 0.404
            transparency 0.0
            shininess 0.5
        }
    }
    geometry IndexedFaceSet {
        ccw TRUE
        solid FALSE
        coord DEF co Coordinate {
            point [
                -0.4429 -0.7913 0.0, -0.4429 -0.7913 0.0827, -0.5413 -0.7913 0.0, -0.5413 -0.7913 0.0827
            ]
        }
        coordIndex [
            0,1,2,-1,2,1,3,-1,
        ]
    }
}
Shape{
    appearance Appearance {
        material  Material 	{
            diffuseColor 0.6666666666666666 0.6980392156862745 0.7686274509803922
            specularColor 0.3333333333333333 0.34901960784313724 0.3843137254901961
            ambientIntensity 0.6967
            transparency 0.0
            shininess 0.5
        }
    }
    geometry IndexedFaceSet {
        ccw TRUE
        solid FALSE
        coord DEF co Coordinate {
            point [
                -0.4429 -0.7913 0.0, -0.5413 -0.7913 0.0, -0.4429 -0.685 0.0, -0.5413 -0.685 0.0, -0.5397 -0.6728 0.0, -0.535 -0.6614 0.0, -0.5275 -0.6516 0.0, -0.5177 -0.6441 0.0, -0.5063 -0.6394 0.0, -0.4941 -0.6378 0.0, -0.4902 -0.6378 0.0, -0.4779 -0.6394 0.0, -0.4665 -0.6441 0.0, -0.4568 -0.6516 0.0, -0.4492 -0.6614 0.0, -0.4445 -0.6728 0.0, -0.7913 -0.0492 0.0827, -0.7913 -0.1476 0.0827, -0.7874 -0.0492 0.0827, -0.7874 -0.1476 0.0827, -0.7874 -0.1476 0.0039, -0.7913 -0.1476 0.0, -0.685 -0.1476 0.0039, -0.685 -0.1476 0.0, -0.6728 -0.146 0.0, -0.6728 -0.146 0.0039, -0.6614 -0.1413 0.0, -0.6614 -0.1413 0.0039, -0.6516 -0.1338 0.0, -0.6516 -0.1338 0.0039, -0.6441 -0.124 0.0, -0.6441 -0.124 0.0039, -0.6394 -0.1126 0.0, -0.6394 -0.1126 0.0039, -0.6378 -0.1004 0.0, -0.6378 -0.1004 0.0039, -0.6378 -0.0965 0.0, -0.6378 -0.0965 0.0039, -0.6394 -0.0842 0.0, -0.6394 -0.0842 0.0039, -0.6441 -0.0728 0.0, -0.6441 -0.0728 0.0039, -0.6516 -0.0631 0.0, -0.6516 -0.0631 0.0039, -0.6614 -0.0555 0.0, -0.6614 -0.0555 0.0039, -0.6728 -0.0508 0.0, -0.6728 -0.0508 0.0039, -0.685 -0.0492 0.0, -0.685 -0.0492 0.0039, -0.7874 -0.0492 0.0039, -0.7913 -0.0492 0.0
            ]
        }
        coordIndex [
            0,1,2,-1,2,1,3,-1,3,4,2,-1,2,4,5,-1,2,5,6,-1,6,7,2,-1,2,7,8,-1,2,8,9,-1,9,10,2,-1,2,10,11,-1,2,11,12,-1,12,13,2,-1,2,13,14,-1,2,14,15,-1,16,17,18,-1,18,17,19,-1,19,17,20,-1,20,17,21,-1,20,21,22,-1,22,21,23,-1,22,23,24,-1,22,24,25,-1,25,24,26,-1,25,26,27,-1,27,26,28,-1,27,28,29,-1,29,28,30,-1,29,30,31,-1,31,30,32,-1,31,32,33,-1,33,32,34,-1,33,34,35,-1,34,36,35,-1,35,36,37,-1,37,36,38,-1,37,38,39,-1,39,38,40,-1,39,40,41,-1,41,40,42,-1,41,42,43,-1,43,42,44,-1,43,44,45,-1,45,44,46,-1,45,46,47,-1,47,46,48,-1,47,48,49,-1,49,48,50,-1,50,48,51,-1,50,51,18,-1,18,51,16,-1,
        ]
    }
}
Shape{
    appearance Appearance {
        material  Material 	{
            diffuseColor 0.5372549019607843 0.34901960784313724 0.33725490196078434
            specularColor 0.3764705882352941 0.24313725490196078 0.23529411764705882
            ambientIntensity 0.404
            transparency 0.0
            shininess 0.5
        }
    }
    geometry IndexedFaceSet {
        ccw TRUE
        solid FALSE
        coord DEF co Coordinate {
            point [
                -0.7913 -0.1476 0.0, -0.7913 -0.1476 0.0827, -0.7913 -0.0492 0.0, -0.7913 -0.0492 0.0827
            ]
        }
        coordIndex [
            0,1,2,-1,2,1,3,-1,
        ]
    }
}
Shape{
    appearance Appearance {
        material  Material 	{
            diffuseColor 0.6666666666666666 0.6980392156862745 0.7686274509803922
            specularColor 0.3333333333333333 0.34901960784313724 0.3843137254901961
            ambientIntensity 0.6967
            transparency 0.0
            shininess 0.5
        }
    }
    geometry IndexedFaceSet {
        ccw TRUE
        solid FALSE
        coord DEF co Coordinate {
            point [
                -0.6441 -0.0728 0.0, -0.6394 -0.0842 0.0, -0.7913 -0.1476 0.0, -0.6378 -0.0965 0.0, -0.685 -0.1476 0.0, -0.6378 -0.1004 0.0, -0.6394 -0.1126 0.0, -0.7913 -0.0492 0.0, -0.685 -0.0492 0.0, -0.6728 -0.0508 0.0, -0.6614 -0.0555 0.0, -0.6516 -0.0631 0.0, -0.6441 -0.124 0.0, -0.6516 -0.1338 0.0, -0.6728 -0.146 0.0, -0.6614 -0.1413 0.0, -0.7913 -0.2461 0.0827, -0.7913 -0.3445 0.0827, -0.7874 -0.2461 0.0827, -0.7874 -0.3445 0.0827, -0.7874 -0.3445 0.0039, -0.7913 -0.3445 0.0, -0.685 -0.3445 0.0039, -0.685 -0.3445 0.0, -0.6728 -0.3429 0.0, -0.6728 -0.3429 0.0039, -0.6614 -0.3382 0.0, -0.6614 -0.3382 0.0039, -0.6516 -0.3307 0.0, -0.6516 -0.3307 0.0039, -0.6441 -0.3209 0.0, -0.6441 -0.3209 0.0039, -0.6394 -0.3095 0.0, -0.6394 -0.3095 0.0039, -0.6378 -0.2972 0.0, -0.6378 -0.2972 0.0039, -0.6378 -0.2933 0.0, -0.6378 -0.2933 0.0039, -0.6394 -0.2811 0.0, -0.6394 -0.2811 0.0039, -0.6441 -0.2697 0.0, -0.6441 -0.2697 0.0039, -0.6516 -0.2599 0.0, -0.6516 -0.2599 0.0039, -0.6614 -0.2524 0.0, -0.6614 -0.2524 0.0039, -0.6728 -0.2477 0.0, -0.6728 -0.2477 0.0039, -0.685 -0.2461 0.0, -0.685 -0.2461 0.0039, -0.7874 -0.2461 0.0039, -0.7913 -0.2461 0.0
            ]
        }
        coordIndex [
            0,1,2,-1,2,1,3,-1,2,3,4,-1,4,3,5,-1,4,5,6,-1,7,8,2,-1,2,8,9,-1,9,10,2,-1,2,10,11,-1,2,11,0,-1,6,12,4,-1,4,12,13,-1,4,13,14,-1,14,13,15,-1,16,17,18,-1,18,17,19,-1,19,17,20,-1,20,17,21,-1,20,21,22,-1,22,21,23,-1,22,23,24,-1,22,24,25,-1,25,24,26,-1,25,26,27,-1,27,26,28,-1,27,28,29,-1,29,28,30,-1,29,30,31,-1,31,30,32,-1,31,32,33,-1,33,32,34,-1,33,34,35,-1,34,36,35,-1,35,36,37,-1,37,36,38,-1,37,38,39,-1,39,38,40,-1,39,40,41,-1,41,40,42,-1,41,42,43,-1,43,42,44,-1,43,44,45,-1,45,44,46,-1,45,46,47,-1,47,46,48,-1,47,48,49,-1,49,48,50,-1,50,48,51,-1,50,51,18,-1,18,51,16,-1,
        ]
    }
}
Shape{
    appearance Appearance {
        material  Material 	{
            diffuseColor 0.5372549019607843 0.34901960784313724 0.33725490196078434
            specularColor 0.3764705882352941 0.24313725490196078 0.23529411764705882
            ambientIntensity 0.404
            transparency 0.0
            shininess 0.5
        }
    }
    geometry IndexedFaceSet {
        ccw TRUE
        solid FALSE
        coord DEF co Coordinate {
            point [
                -0.7913 -0.3445 0.0, -0.7913 -0.3445 0.0827, -0.7913 -0.2461 0.0, -0.7913 -0.2461 0.0827
            ]
        }
        coordIndex [
            0,1,2,-1,2,1,3,-1,
        ]
    }
}
Shape{
    appearance Appearance {
        material  Material 	{
            diffuseColor 0.6666666666666666 0.6980392156862745 0.7686274509803922
            specularColor 0.3333333333333333 0.34901960784313724 0.3843137254901961
            ambientIntensity 0.6967
            transparency 0.0
            shininess 0.5
        }
    }
    geometry IndexedFaceSet {
        ccw TRUE
        solid FALSE
        coord DEF co Coordinate {
            point [
                -0.7913 -0.2461 0.0, -0.685 -0.2461 0.0, -0.7913 -0.3445 0.0, -0.6728 -0.2477 0.0, -0.6441 -0.3209 0.0, -0.6516 -0.3307 0.0, -0.6614 -0.3382 0.0, -0.6614 -0.2524 0.0, -0.6516 -0.2599 0.0, -0.6441 -0.2697 0.0, -0.6394 -0.2811 0.0, -0.6378 -0.2933 0.0, -0.685 -0.3445 0.0, -0.6378 -0.2972 0.0, -0.6728 -0.3429 0.0, -0.6394 -0.3095 0.0, -0.7913 -0.4429 0.0827, -0.7913 -0.5413 0.0827, -0.7874 -0.4429 0.0827, -0.7874 -0.5413 0.0827, -0.7874 -0.5413 0.0039, -0.7913 -0.5413 0.0, -0.685 -0.5413 0.0039, -0.685 -0.5413 0.0, -0.6728 -0.5397 0.0, -0.6728 -0.5397 0.0039, -0.6614 -0.535 0.0, -0.6614 -0.535 0.0039, -0.6516 -0.5275 0.0, -0.6516 -0.5275 0.0039, -0.6441 -0.5177 0.0, -0.6441 -0.5177 0.0039, -0.6394 -0.5063 0.0, -0.6394 -0.5063 0.0039, -0.6378 -0.4941 0.0, -0.6378 -0.4941 0.0039, -0.6378 -0.4902 0.0, -0.6378 -0.4902 0.0039, -0.6394 -0.4779 0.0, -0.6394 -0.4779 0.0039, -0.6441 -0.4665 0.0, -0.6441 -0.4665 0.0039, -0.6516 -0.4568 0.0, -0.6516 -0.4568 0.0039, -0.6614 -0.4492 0.0, -0.6614 -0.4492 0.0039, -0.6728 -0.4445 0.0, -0.6728 -0.4445 0.0039, -0.685 -0.4429 0.0, -0.685 -0.4429 0.0039, -0.7874 -0.4429 0.0039, -0.7913 -0.4429 0.0
            ]
        }
        coordIndex [
            0,1,2,-1,2,1,3,-1,4,5,6,-1,3,7,2,-1,2,7,8,-1,2,8,9,-1,9,10,2,-1,2,10,11,-1,2,11,12,-1,12,11,13,-1,12,13,14,-1,14,13,6,-1,6,13,15,-1,6,15,4,-1,16,17,18,-1,18,17,19,-1,19,17,20,-1,20,17,21,-1,20,21,22,-1,22,21,23,-1,22,23,24,-1,22,24,25,-1,25,24,26,-1,25,26,27,-1,27,26,28,-1,27,28,29,-1,29,28,30,-1,29,30,31,-1,31,30,32,-1,31,32,33,-1,33,32,34,-1,33,34,35,-1,34,36,35,-1,35,36,37,-1,37,36,38,-1,37,38,39,-1,39,38,40,-1,39,40,41,-1,41,40,42,-1,41,42,43,-1,43,42,44,-1,43,44,45,-1,45,44,46,-1,45,46,47,-1,47,46,48,-1,47,48,49,-1,49,48,50,-1,50,48,51,-1,50,51,18,-1,18,51,16,-1,
        ]
    }
}
Shape{
    appearance Appearance {
        material  Material 	{
            diffuseColor 0.5372549019607843 0.34901960784313724 0.33725490196078434
            specularColor 0.3764705882352941 0.24313725490196078 0.23529411764705882
            ambientIntensity 0.404
            transparency 0.0
            shininess 0.5
        }
    }
    geometry IndexedFaceSet {
        ccw TRUE
        solid FALSE
        coord DEF co Coordinate {
            point [
                -0.7913 -0.5413 0.0, -0.7913 -0.5413 0.0827, -0.7913 -0.4429 0.0, -0.7913 -0.4429 0.0827
            ]
        }
        coordIndex [
            0,1,2,-1,2,1,3,-1,
        ]
    }
}
Shape{
    appearance Appearance {
        material  Material 	{
            diffuseColor 0.6666666666666666 0.6980392156862745 0.7686274509803922
            specularColor 0.3333333333333333 0.34901960784313724 0.3843137254901961
            ambientIntensity 0.6967
            transparency 0.0
            shininess 0.5
        }
    }
    geometry IndexedFaceSet {
        ccw TRUE
        solid FALSE
        coord DEF co Coordinate {
            point [
                -0.7913 -0.4429 0.0, -0.685 -0.4429 0.0, -0.7913 -0.5413 0.0, -0.6728 -0.4445 0.0, -0.6516 -0.5275 0.0, -0.6614 -0.535 0.0, -0.6728 -0.5397 0.0, -0.6614 -0.4492 0.0, -0.6516 -0.4568 0.0, -0.6441 -0.4665 0.0, -0.6441 -0.5177 0.0, -0.6394 -0.4779 0.0, -0.6378 -0.4902 0.0, -0.685 -0.5413 0.0, -0.6378 -0.4941 0.0, -0.6394 -0.5063 0.0, -0.7913 0.1476 0.0827, -0.7913 0.0492 0.0827, -0.7874 0.1476 0.0827, -0.7874 0.0492 0.0827, -0.7874 0.0492 0.0039, -0.7913 0.0492 0.0, -0.685 0.0492 0.0039, -0.685 0.0492 0.0, -0.6728 0.0508 0.0, -0.6728 0.0508 0.0039, -0.6614 0.0555 0.0, -0.6614 0.0555 0.0039, -0.6516 0.0631 0.0, -0.6516 0.0631 0.0039, -0.6441 0.0728 0.0, -0.6441 0.0728 0.0039, -0.6394 0.0842 0.0, -0.6394 0.0842 0.0039, -0.6378 0.0965 0.0, -0.6378 0.0965 0.0039, -0.6378 0.1004 0.0, -0.6378 0.1004 0.0039, -0.6394 0.1126 0.0, -0.6394 0.1126 0.0039, -0.6441 0.124 0.0, -0.6441 0.124 0.0039, -0.6516 0.1338 0.0, -0.6516 0.1338 0.0039, -0.6614 0.1413 0.0, -0.6614 0.1413 0.0039, -0.6728 0.146 0.0, -0.6728 0.146 0.0039, -0.685 0.1476 0.0, -0.685 0.1476 0.0039, -0.7874 0.1476 0.0039, -0.7913 0.1476 0.0
            ]
        }
        coordIndex [
            0,1,2,-1,2,1,3,-1,4,5,6,-1,3,7,2,-1,2,7,8,-1,2,8,9,-1,4,6,10,-1,9,11,2,-1,2,11,12,-1,2,12,13,-1,13,12,14,-1,13,14,6,-1,6,14,15,-1,6,15,10,-1,16,17,18,-1,18,17,19,-1,19,17,20,-1,20,17,21,-1,20,21,22,-1,22,21,23,-1,22,23,24,-1,22,24,25,-1,25,24,26,-1,25,26,27,-1,27,26,28,-1,27,28,29,-1,29,28,30,-1,29,30,31,-1,31,30,32,-1,31,32,33,-1,33,32,34,-1,33,34,35,-1,34,36,35,-1,35,36,37,-1,37,36,38,-1,37,38,39,-1,39,38,40,-1,39,40,41,-1,41,40,42,-1,41,42,43,-1,43,42,44,-1,43,44,45,-1,45,44,46,-1,45,46,47,-1,47,46,48,-1,47,48,49,-1,49,48,50,-1,50,48,51,-1,50,51,18,-1,18,51,16,-1,
        ]
    }
}
Shape{
    appearance Appearance {
        material  Material 	{
            diffuseColor 0.5372549019607843 0.34901960784313724 0.33725490196078434
            specularColor 0.3764705882352941 0.24313725490196078 0.23529411764705882
            ambientIntensity 0.404
            transparency 0.0
            shininess 0.5
        }
    }
    geometry IndexedFaceSet {
        ccw TRUE
        solid FALSE
        coord DEF co Coordinate {
            point [
                -0.7913 0.0492 0.0, -0.7913 0.0492 0.0827, -0.7913 0.1476 0.0, -0.7913 0.1476 0.0827
            ]
        }
        coordIndex [
            0,1,2,-1,2,1,3,-1,
        ]
    }
}
Shape{
    appearance Appearance {
        material  Material 	{
            diffuseColor 0.6666666666666666 0.6980392156862745 0.7686274509803922
            specularColor 0.3333333333333333 0.34901960784313724 0.3843137254901961
            ambientIntensity 0.6967
            transparency 0.0
            shininess 0.5
        }
    }
    geometry IndexedFaceSet {
        ccw TRUE
        solid FALSE
        coord DEF co Coordinate {
            point [
                -0.7913 0.1476 0.0, -0.685 0.1476 0.0, -0.7913 0.0492 0.0, -0.6728 0.146 0.0, -0.6441 0.124 0.0, -0.6394 0.1126 0.0, -0.6378 0.1004 0.0, -0.685 0.0492 0.0, -0.6516 0.0631 0.0, -0.6614 0.0555 0.0, -0.6728 0.0508 0.0, -0.6614 0.1413 0.0, -0.6516 0.1338 0.0, -0.6378 0.0965 0.0, -0.6394 0.0842 0.0, -0.6441 0.0728 0.0, -0.7913 0.3445 0.0827, -0.7913 0.2461 0.0827, -0.7874 0.3445 0.0827, -0.7874 0.2461 0.0827, -0.7874 0.2461 0.0039, -0.7913 0.2461 0.0, -0.685 0.2461 0.0039, -0.685 0.2461 0.0, -0.6728 0.2477 0.0, -0.6728 0.2477 0.0039, -0.6614 0.2524 0.0, -0.6614 0.2524 0.0039, -0.6516 0.2599 0.0, -0.6516 0.2599 0.0039, -0.6441 0.2697 0.0, -0.6441 0.2697 0.0039, -0.6394 0.2811 0.0, -0.6394 0.2811 0.0039, -0.6378 0.2933 0.0, -0.6378 0.2933 0.0039, -0.6378 0.2972 0.0, -0.6378 0.2972 0.0039, -0.6394 0.3095 0.0, -0.6394 0.3095 0.0039, -0.6441 0.3209 0.0, -0.6441 0.3209 0.0039, -0.6516 0.3307 0.0, -0.6516 0.3307 0.0039, -0.6614 0.3382 0.0, -0.6614 0.3382 0.0039, -0.6728 0.3429 0.0, -0.6728 0.3429 0.0039, -0.685 0.3445 0.0, -0.685 0.3445 0.0039, -0.7874 0.3445 0.0039, -0.7913 0.3445 0.0
            ]
        }
        coordIndex [
            0,1,2,-1,2,1,3,-1,4,5,2,-1,2,5,6,-1,2,6,7,-1,8,9,10,-1,3,11,2,-1,2,11,12,-1,2,12,4,-1,6,13,7,-1,7,13,14,-1,7,14,10,-1,10,14,15,-1,10,15,8,-1,16,17,18,-1,18,17,19,-1,19,17,20,-1,20,17,21,-1,20,21,22,-1,22,21,23,-1,22,23,24,-1,22,24,25,-1,25,24,26,-1,25,26,27,-1,27,26,28,-1,27,28,29,-1,29,28,30,-1,29,30,31,-1,31,30,32,-1,31,32,33,-1,33,32,34,-1,33,34,35,-1,34,36,35,-1,35,36,37,-1,37,36,38,-1,37,38,39,-1,39,38,40,-1,39,40,41,-1,41,40,42,-1,41,42,43,-1,43,42,44,-1,43,44,45,-1,45,44,46,-1,45,46,47,-1,47,46,48,-1,47,48,49,-1,49,48,50,-1,50,48,51,-1,50,51,18,-1,18,51,16,-1,
        ]
    }
}
Shape{
    appearance Appearance {
        material  Material 	{
            diffuseColor 0.5372549019607843 0.34901960784313724 0.33725490196078434
            specularColor 0.3764705882352941 0.24313725490196078 0.23529411764705882
            ambientIntensity 0.404
            transparency 0.0
            shininess 0.5
        }
    }
    geometry IndexedFaceSet {
        ccw TRUE
        solid FALSE
        coord DEF co Coordinate {
            point [
                -0.7913 0.2461 0.0, -0.7913 0.2461 0.0827, -0.7913 0.3445 0.0, -0.7913 0.3445 0.0827
            ]
        }
        coordIndex [
            0,1,2,-1,2,1,3,-1,
        ]
    }
}
Shape{
    appearance Appearance {
        material  Material 	{
            diffuseColor 0.6666666666666666 0.6980392156862745 0.7686274509803922
            specularColor 0.3333333333333333 0.34901960784313724 0.3843137254901961
            ambientIntensity 0.6967
            transparency 0.0
            shininess 0.5
        }
    }
    geometry IndexedFaceSet {
        ccw TRUE
        solid FALSE
        coord DEF co Coordinate {
            point [
                -0.7913 0.3445 0.0, -0.685 0.3445 0.0, -0.7913 0.2461 0.0, -0.6728 0.3429 0.0, -0.6441 0.2697 0.0, -0.6516 0.2599 0.0, -0.6614 0.2524 0.0, -0.6614 0.3382 0.0, -0.6516 0.3307 0.0, -0.6441 0.3209 0.0, -0.6394 0.3095 0.0, -0.6378 0.2972 0.0, -0.685 0.2461 0.0, -0.6378 0.2933 0.0, -0.6728 0.2477 0.0, -0.6394 0.2811 0.0, -0.7913 0.5413 0.0827, -0.7913 0.4429 0.0827, -0.7874 0.5413 0.0827, -0.7874 0.4429 0.0827, -0.7874 0.4429 0.0039, -0.7913 0.4429 0.0, -0.685 0.4429 0.0039, -0.685 0.4429 0.0, -0.6728 0.4445 0.0, -0.6728 0.4445 0.0039, -0.6614 0.4492 0.0, -0.6614 0.4492 0.0039, -0.6516 0.4568 0.0, -0.6516 0.4568 0.0039, -0.6441 0.4665 0.0, -0.6441 0.4665 0.0039, -0.6394 0.4779 0.0, -0.6394 0.4779 0.0039, -0.6378 0.4902 0.0, -0.6378 0.4902 0.0039, -0.6378 0.4941 0.0, -0.6378 0.4941 0.0039, -0.6394 0.5063 0.0, -0.6394 0.5063 0.0039, -0.6441 0.5177 0.0, -0.6441 0.5177 0.0039, -0.6516 0.5275 0.0, -0.6516 0.5275 0.0039, -0.6614 0.535 0.0, -0.6614 0.535 0.0039, -0.6728 0.5397 0.0, -0.6728 0.5397 0.0039, -0.685 0.5413 0.0, -0.685 0.5413 0.0039, -0.7874 0.5413 0.0039, -0.7913 0.5413 0.0
            ]
        }
        coordIndex [
            0,1,2,-1,2,1,3,-1,4,5,6,-1,3,7,2,-1,2,7,8,-1,2,8,9,-1,9,10,2,-1,2,10,11,-1,2,11,12,-1,12,11,13,-1,12,13,14,-1,14,13,6,-1,6,13,15,-1,6,15,4,-1,16,17,18,-1,18,17,19,-1,19,17,20,-1,20,17,21,-1,20,21,22,-1,22,21,23,-1,22,23,24,-1,22,24,25,-1,25,24,26,-1,25,26,27,-1,27,26,28,-1,27,28,29,-1,29,28,30,-1,29,30,31,-1,31,30,32,-1,31,32,33,-1,33,32,34,-1,33,34,35,-1,34,36,35,-1,35,36,37,-1,37,36,38,-1,37,38,39,-1,39,38,40,-1,39,40,41,-1,41,40,42,-1,41,42,43,-1,43,42,44,-1,43,44,45,-1,45,44,46,-1,45,46,47,-1,47,46,48,-1,47,48,49,-1,49,48,50,-1,50,48,51,-1,50,51,18,-1,18,51,16,-1,
        ]
    }
}
Shape{
    appearance Appearance {
        material  Material 	{
            diffuseColor 0.5372549019607843 0.34901960784313724 0.33725490196078434
            specularColor 0.3764705882352941 0.24313725490196078 0.23529411764705882
            ambientIntensity 0.404
            transparency 0.0
            shininess 0.5
        }
    }
    geometry IndexedFaceSet {
        ccw TRUE
        solid FALSE
        coord DEF co Coordinate {
            point [
                -0.7913 0.4429 0.0, -0.7913 0.4429 0.0827, -0.7913 0.5413 0.0, -0.7913 0.5413 0.0827
            ]
        }
        coordIndex [
            0,1,2,-1,2,1,3,-1,
        ]
    }
}
Shape{
    appearance Appearance {
        material  Material 	{
            diffuseColor 0.6666666666666666 0.6980392156862745 0.7686274509803922
            specularColor 0.3333333333333333 0.34901960784313724 0.3843137254901961
            ambientIntensity 0.6967
            transparency 0.0
            shininess 0.5
        }
    }
    geometry IndexedFaceSet {
        ccw TRUE
        solid FALSE
        coord DEF co Coordinate {
            point [
                -0.7913 0.5413 0.0, -0.685 0.5413 0.0, -0.7913 0.4429 0.0, -0.6728 0.5397 0.0, -0.6516 0.4568 0.0, -0.6614 0.4492 0.0, -0.6728 0.4445 0.0, -0.6614 0.535 0.0, -0.6516 0.5275 0.0, -0.6441 0.5177 0.0, -0.6441 0.4665 0.0, -0.6394 0.5063 0.0, -0.6378 0.4941 0.0, -0.685 0.4429 0.0, -0.6378 0.4902 0.0, -0.6394 0.4779 0.0, -0.5315 0.4134 0.0, -0.5315 0.0 0.0, -0.5315 0.4134 0.0039, -0.5315 0.0 0.0039, -0.4134 0.5315 0.0039, 0.4921 0.5315 0.0039, -0.4134 0.5315 0.0, 0.4921 0.5315 0.0, 0.5009 0.5305 0.0039, 0.5009 0.5305 0.0, 0.5092 0.5276 0.0039, 0.5092 0.5276 0.0, 0.5167 0.5229 0.0039, 0.5167 0.5229 0.0, 0.5229 0.5167 0.0039, 0.5229 0.5167 0.0, 0.5276 0.5092 0.0039, 0.5276 0.5092 0.0, 0.5305 0.5009 0.0039, 0.5305 0.5009 0.0, 0.5315 0.4921 0.0039, 0.5315 0.4921 0.0, 0.5315 0.0 0.0, 0.5315 0.0 0.0039, 0.5305 -0.0088 0.0039, 0.5305 -0.0088 0.0, 0.5276 -0.0171 0.0039, 0.5276 -0.0171 0.0, 0.5229 -0.0245 0.0039, 0.5229 -0.0245 0.0, 0.5167 -0.0308 0.0039, 0.5167 -0.0308 0.0, 0.5092 -0.0355 0.0039, 0.5092 -0.0355 0.0, 0.5009 -0.0384 0.0039, 0.5009 -0.0384 0.0, 0.4921 -0.0394 0.0039, 0.4921 -0.0394 0.0, -0.4921 -0.0394 0.0, -0.4921 -0.0394 0.0039, -0.5009 -0.0384 0.0039, -0.5009 -0.0384 0.0, -0.5092 -0.0355 0.0039, -0.5092 -0.0355 0.0, -0.5167 -0.0308 0.0039, -0.5167 -0.0308 0.0, -0.5229 -0.0245 0.0039, -0.5229 -0.0245 0.0, -0.5276 -0.0171 0.0039, -0.5276 -0.0171 0.0, -0.5305 -0.0088 0.0039, -0.5305 -0.0088 0.0, -0.4921 -0.5315 0.0, -0.4921 -0.5315 0.0039, -0.5009 -0.5305 0.0039, -0.5009 -0.5305 0.0, -0.5092 -0.5276 0.0039, -0.5092 -0.5276 0.0, -0.5167 -0.5229 0.0039, -0.5167 -0.5229 0.0, -0.5229 -0.5167 0.0039, -0.5229 -0.5167 0.0, -0.5276 -0.5092 0.0039, -0.5276 -0.5092 0.0, -0.5305 -0.5009 0.0039, -0.5305 -0.5009 0.0, -0.5315 -0.4921 0.0039, -0.5315 -0.4921 0.0, -0.5315 -0.2362 0.0, -0.5315 -0.2362 0.0039, -0.5305 -0.2275 0.0039, -0.5305 -0.2275 0.0, -0.5276 -0.2191 0.0039, -0.5276 -0.2191 0.0, -0.5229 -0.2117 0.0039, -0.5229 -0.2117 0.0, -0.5167 -0.2054 0.0039, -0.5167 -0.2054 0.0, -0.5092 -0.2007 0.0039, -0.5092 -0.2007 0.0, -0.5009 -0.1978 0.0039, -0.5009 -0.1978 0.0, -0.4921 -0.1969 0.0039, -0.4921 -0.1969 0.0, 0.4921 -0.1969 0.0, 0.4921 -0.1969 0.0039, 0.5009 -0.1978 0.0039, 0.5009 -0.1978 0.0, 0.5092 -0.2007 0.0039, 0.5092 -0.2007 0.0, 0.5167 -0.2054 0.0039, 0.5167 -0.2054 0.0, 0.5229 -0.2117 0.0039, 0.5229 -0.2117 0.0, 0.5276 -0.2191 0.0039, 0.5276 -0.2191 0.0, 0.5305 -0.2275 0.0039, 0.5305 -0.2275 0.0, 0.5315 -0.2362 0.0039, 0.5315 -0.2362 0.0, 0.5315 -0.4921 0.0, 0.5315 -0.4921 0.0039, 0.5305 -0.5009 0.0039, 0.5305 -0.5009 0.0, 0.5276 -0.5092 0.0039, 0.5276 -0.5092 0.0, 0.5229 -0.5167 0.0039, 0.5229 -0.5167 0.0, 0.5167 -0.5229 0.0039, 0.5167 -0.5229 0.0, 0.5092 -0.5276 0.0039, 0.5092 -0.5276 0.0, 0.5009 -0.5305 0.0039, 0.5009 -0.5305 0.0, 0.4921 -0.5315 0.0039, 0.4921 -0.5315 0.0
            ]
        }
        coordIndex [
            0,1,2,-1,2,1,3,-1,4,5,6,-1,3,7,2,-1,2,7,8,-1,2,8,9,-1,4,6,10,-1,9,11,2,-1,2,11,12,-1,2,12,13,-1,13,12,14,-1,13,14,6,-1,6,14,15,-1,6,15,10,-1,16,17,18,-1,18,17,19,-1,20,21,22,-1,22,21,23,-1,23,21,24,-1,23,24,25,-1,25,24,26,-1,25,26,27,-1,27,26,28,-1,27,28,29,-1,29,28,30,-1,29,30,31,-1,31,30,32,-1,31,32,33,-1,33,32,34,-1,33,34,35,-1,35,34,36,-1,35,36,37,-1,38,37,39,-1,39,37,36,-1,38,39,40,-1,38,40,41,-1,41,40,42,-1,41,42,43,-1,43,42,44,-1,43,44,45,-1,45,44,46,-1,45,46,47,-1,47,46,48,-1,47,48,49,-1,49,48,50,-1,49,50,51,-1,51,50,52,-1,51,52,53,-1,54,53,55,-1,55,53,52,-1,54,55,56,-1,54,56,57,-1,57,56,58,-1,57,58,59,-1,59,58,60,-1,59,60,61,-1,61,60,62,-1,61,62,63,-1,63,62,64,-1,63,64,65,-1,65,64,66,-1,65,66,67,-1,67,66,19,-1,67,19,17,-1,67,17,57,-1,22,23,16,-1,16,23,53,-1,16,53,17,-1,17,53,54,-1,17,54,57,-1,23,31,33,-1,59,61,63,-1,23,25,31,-1,31,25,27,-1,31,27,29,-1,49,51,38,-1,38,51,53,-1,38,53,37,-1,37,53,23,-1,37,23,35,-1,35,23,33,-1,41,43,45,-1,59,63,57,-1,57,63,65,-1,57,65,67,-1,41,45,38,-1,38,45,47,-1,38,47,49,-1,68,69,70,-1,68,70,71,-1,71,70,72,-1,71,72,73,-1,73,72,74,-1,73,74,75,-1,75,74,76,-1,75,76,77,-1,77,76,78,-1,77,78,79,-1,79,78,80,-1,79,80,81,-1,81,80,82,-1,81,82,83,-1,84,83,85,-1,85,83,82,-1,84,85,86,-1,84,86,87,-1,87,86,88,-1,87,88,89,-1,89,88,90,-1,89,90,91,-1,91,90,92,-1,91,92,93,-1,93,92,94,-1,93,94,95,-1,95,94,96,-1,95,96,97,-1,97,96,98,-1,97,98,99,-1,100,99,101,-1,101,99,98,-1,100,101,102,-1,100,102,103,-1,103,102,104,-1,103,104,105,-1,105,104,106,-1,105,106,107,-1,107,106,108,-1,107,108,109,-1,109,108,110,-1,109,110,111,-1,111,110,112,-1,111,112,113,-1,113,112,114,-1,113,114,115,-1,116,115,117,-1,117,115,114,-1,116,117,118,-1,116,118,119,-1,119,118,120,-1,119,120,121,-1,121,120,122,-1,121,122,123,-1,123,122,124,-1,123,124,125,-1,125,124,126,-1,125,126,127,-1,127,126,128,-1,127,128,129,-1,129,128,130,-1,129,130,131,-1,68,131,69,-1,69,131,130,-1,99,100,115,-1,131,68,83,-1,87,89,99,-1,99,89,91,-1,103,111,100,-1,100,111,113,-1,100,113,115,-1,103,105,111,-1,111,105,107,-1,111,107,109,-1,121,123,131,-1,71,73,68,-1,68,73,75,-1,68,75,77,-1,77,79,68,-1,68,79,81,-1,68,81,83,-1,93,95,91,-1,91,95,97,-1,91,97,99,-1,87,99,84,-1,84,99,115,-1,84,115,83,-1,83,115,116,-1,83,116,131,-1,131,116,119,-1,131,119,121,-1,125,127,123,-1,123,127,129,-1,123,129,131,-1,
        ]
    }
}
Shape{
    appearance Appearance {
        material  Material 	{
            diffuseColor 0.5372549019607843 0.34901960784313724 0.33725490196078434
            specularColor 0.3764705882352941 0.24313725490196078 0.23529411764705882
            ambientIntensity 0.404
            transparency 0.0
            shininess 0.5
        }
    }
    geometry IndexedFaceSet {
        ccw TRUE
        solid FALSE
        coord DEF co Coordinate {
            point [
                -0.6513 0.7913 0.0433, -0.6513 0.7913 0.0827, -0.6513 0.7874 0.0433, -0.6513 0.7874 0.0827, -0.7221 0.7913 0.0433, -0.7221 0.7874 0.0433, -0.7221 0.7913 0.0827, -0.7221 0.7874 0.0827, 0.7221 0.7913 0.0433, 0.7221 0.7913 0.0827, 0.7221 0.7874 0.0433, 0.7221 0.7874 0.0827, 0.6513 0.7913 0.0433, 0.6513 0.7874 0.0433, 0.6513 0.7913 0.0827, 0.6513 0.7874 0.0827, -0.7913 -0.6513 0.0433, -0.7913 -0.6513 0.0827, -0.7874 -0.6513 0.0433, -0.7874 -0.6513 0.0827, -0.7913 -0.7221 0.0433, -0.7874 -0.7221 0.0433, -0.7913 -0.7221 0.0827, -0.7874 -0.7221 0.0827, -0.7913 0.7221 0.0433, -0.7913 0.7221 0.0827, -0.7874 0.7221 0.0433, -0.7874 0.7221 0.0827, -0.7913 0.6513 0.0433, -0.7874 0.6513 0.0433, -0.7913 0.6513 0.0827, -0.7874 0.6513 0.0827, 0.6513 -0.7913 0.0433, 0.6513 -0.7913 0.0827, 0.6513 -0.7874 0.0433, 0.6513 -0.7874 0.0827, 0.7221 -0.7913 0.0433, 0.7221 -0.7874 0.0433, 0.7221 -0.7913 0.0827, 0.7221 -0.7874 0.0827, -0.7221 -0.7913 0.0433, -0.7221 -0.7913 0.0827, -0.7221 -0.7874 0.0433, -0.7221 -0.7874 0.0827, -0.6513 -0.7913 0.0433, -0.6513 -0.7874 0.0433, -0.6513 -0.7913 0.0827, -0.6513 -0.7874 0.0827, 0.7913 0.6513 0.0433, 0.7913 0.6513 0.0827, 0.7874 0.6513 0.0433, 0.7874 0.6513 0.0827, 0.7913 0.7221 0.0433, 0.7874 0.7221 0.0433, 0.7913 0.7221 0.0827, 0.7874 0.7221 0.0827, 0.7913 -0.7221 0.0433, 0.7913 -0.7221 0.0827, 0.7874 -0.7221 0.0433, 0.7874 -0.7221 0.0827, 0.7913 -0.6513 0.0433, 0.7874 -0.6513 0.0433, 0.7913 -0.6513 0.0827, 0.7874 -0.6513 0.0827
            ]
        }
        coordIndex [
            0,1,2,-1,2,1,3,-1,4,0,5,-1,5,0,2,-1,6,4,7,-1,7,4,5,-1,1,6,3,-1,3,6,7,-1,4,6,0,-1,0,6,1,-1,8,9,10,-1,10,9,11,-1,12,8,13,-1,13,8,10,-1,14,12,15,-1,15,12,13,-1,9,14,11,-1,11,14,15,-1,12,14,8,-1,8,14,9,-1,16,17,18,-1,18,17,19,-1,20,16,21,-1,21,16,18,-1,22,20,23,-1,23,20,21,-1,17,22,19,-1,19,22,23,-1,20,22,16,-1,16,22,17,-1,24,25,26,-1,26,25,27,-1,28,24,29,-1,29,24,26,-1,30,28,31,-1,31,28,29,-1,25,30,27,-1,27,30,31,-1,28,30,24,-1,24,30,25,-1,32,33,34,-1,34,33,35,-1,36,32,37,-1,37,32,34,-1,38,36,39,-1,39,36,37,-1,33,38,35,-1,35,38,39,-1,36,38,32,-1,32,38,33,-1,40,41,42,-1,42,41,43,-1,44,40,45,-1,45,40,42,-1,46,44,47,-1,47,44,45,-1,41,46,43,-1,43,46,47,-1,44,46,40,-1,40,46,41,-1,48,49,50,-1,50,49,51,-1,52,48,53,-1,53,48,50,-1,54,52,55,-1,55,52,53,-1,49,54,51,-1,51,54,55,-1,52,54,48,-1,48,54,49,-1,56,57,58,-1,58,57,59,-1,60,56,61,-1,61,56,58,-1,62,60,63,-1,63,60,61,-1,57,62,59,-1,59,62,63,-1,60,62,56,-1,56,62,57,-1,
        ]
    }
}
Shape{
    appearance Appearance {
        material  Material 	{
            diffuseColor 0.6666666666666666 0.6980392156862745 0.7686274509803922
            specularColor 0.3333333333333333 0.34901960784313724 0.3843137254901961
            ambientIntensity 0.6967
            transparency 0.0
            shininess 0.5
        }
    }
    geometry IndexedFaceSet {
        ccw TRUE
        solid FALSE
        coord DEF co Coordinate {
            point [
                -0.5315 0.4134 0.0039, -0.4134 0.5315 0.0039, -0.5315 0.4134 0.0, -0.4134 0.5315 0.0
            ]
        }
        coordIndex [
            0,1,2,-1,2,1,3,-1,
        ]
    }
}
Shape{
    appearance Appearance {
        material  Material 	{
            diffuseColor 1.0 1.0 1.0
            specularColor 0.5019607843137255 0.5019607843137255 0.5019607843137255
            ambientIntensity 1.0
            transparency 0.0
            shininess 0.5
        }
    }
    geometry IndexedFaceSet {
        ccw TRUE
        solid FALSE
        coord DEF co Coordinate {
            point [
                0.3925 -0.5841 0.3622, 0.3925 -0.5917 0.3622, 0.3925 -0.5841 0.3583, 0.3925 -0.5917 0.3583, 0.3659 -0.5841 0.3622, 0.3659 -0.5841 0.3583, 0.3659 -0.525 0.3622, 0.3659 -0.525 0.3583, 0.3573 -0.525 0.3622, 0.3573 -0.525 0.3583, 0.3573 -0.5917 0.3622, 0.3573 -0.5917 0.3583, 0.4267 -0.5928 0.3622, 0.4267 -0.5928 0.3583, 0.4369 -0.5919 0.3622, 0.4326 -0.5923 0.3583, 0.4369 -0.5919 0.3583, 0.444 -0.5895 0.3583, 0.444 -0.5895 0.3622, 0.4452 -0.5889 0.3583, 0.4452 -0.5889 0.3622, 0.4452 -0.5807 0.3622, 0.4452 -0.5807 0.3583, 0.4386 -0.5836 0.3583, 0.4386 -0.5836 0.3622, 0.4311 -0.585 0.3583, 0.4311 -0.585 0.3622, 0.4279 -0.5852 0.3583, 0.4279 -0.5852 0.3622, 0.4212 -0.5843 0.3583, 0.4212 -0.5843 0.3622, 0.4164 -0.5825 0.3583, 0.4164 -0.5825 0.3622, 0.4121 -0.5794 0.3583, 0.4121 -0.5794 0.3622, 0.4108 -0.5781 0.3583, 0.4108 -0.5781 0.3622, 0.4076 -0.5736 0.3583, 0.4076 -0.5736 0.3622, 0.4054 -0.5682 0.3583, 0.4054 -0.5682 0.3622, 0.4043 -0.5616 0.3583, 0.4043 -0.5616 0.3622, 0.4043 -0.5591 0.3583, 0.4043 -0.5591 0.3622, 0.4052 -0.5506 0.3583, 0.4052 -0.5506 0.3622, 0.4073 -0.5447 0.3583, 0.4073 -0.5447 0.3622, 0.4104 -0.54 0.3583, 0.4104 -0.54 0.3622, 0.4113 -0.539 0.3583, 0.4113 -0.539 0.3622, 0.4158 -0.5353 0.3583, 0.4158 -0.5353 0.3622, 0.4211 -0.5328 0.3583, 0.4211 -0.5328 0.3622, 0.4269 -0.5317 0.3583, 0.4269 -0.5317 0.3622, 0.4294 -0.5316 0.3583, 0.4294 -0.5316 0.3622, 0.4377 -0.5326 0.3583, 0.4377 -0.5326 0.3622, 0.4444 -0.5352 0.3583, 0.4444 -0.5352 0.3622, 0.4452 -0.5356 0.3583, 0.4452 -0.5356 0.3622, 0.4452 -0.5266 0.3622, 0.4452 -0.5266 0.3583, 0.4294 -0.5239 0.3583, 0.4294 -0.5239 0.3622, 0.4296 -0.5239 0.3622, 0.4383 -0.5246 0.3583, 0.4383 -0.5246 0.3622, 0.4364 -0.5244 0.3583, 0.4296 -0.5239 0.3583, 0.4248 -0.5244 0.3583, 0.4196 -0.5251 0.3622, 0.4196 -0.5251 0.3583, 0.4126 -0.5278 0.3583, 0.4126 -0.5278 0.3622, 0.4064 -0.5322 0.3583, 0.4064 -0.5322 0.3622, 0.4048 -0.5337 0.3583, 0.4048 -0.5337 0.3622, 0.4 -0.54 0.3583, 0.3982 -0.5442 0.3583, 0.3968 -0.5474 0.3622, 0.4 -0.54 0.3622, 0.3968 -0.5474 0.3583, 0.3953 -0.5561 0.3583, 0.3953 -0.5561 0.3622, 0.3952 -0.5596 0.3583, 0.3952 -0.5596 0.3622, 0.3963 -0.5696 0.3583, 0.3963 -0.5696 0.3622, 0.3982 -0.5748 0.3583, 0.3989 -0.5767 0.3622, 0.3989 -0.5767 0.3583, 0.4027 -0.5825 0.3583, 0.4027 -0.5825 0.3622, 0.4038 -0.5837 0.3583, 0.4038 -0.5837 0.3622, 0.4227 -0.5926 0.3622, 0.4092 -0.5882 0.3583, 0.4092 -0.5882 0.3622, 0.4155 -0.5912 0.3583, 0.4155 -0.5912 0.3622, 0.4209 -0.5923 0.3583, 0.4227 -0.5926 0.3583, 0.4944 -0.5841 0.3622, 0.4944 -0.5917 0.3622, 0.4944 -0.5841 0.3583, 0.4944 -0.5917 0.3583, 0.4671 -0.5841 0.3583, 0.4671 -0.5841 0.3622, 0.4852 -0.5841 0.3583, 0.4671 -0.5616 0.3622, 0.4671 -0.5616 0.3583, 0.491 -0.5616 0.3622, 0.4852 -0.5616 0.3583, 0.491 -0.5616 0.3583, 0.491 -0.554 0.3622, 0.491 -0.554 0.3583, 0.4671 -0.554 0.3583, 0.4671 -0.554 0.3622, 0.4852 -0.554 0.3583, 0.4671 -0.5327 0.3622, 0.4671 -0.5327 0.3583, 0.4929 -0.5327 0.3622, 0.4852 -0.5327 0.3583, 0.4929 -0.5327 0.3583, 0.4929 -0.525 0.3622, 0.4929 -0.525 0.3583, 0.4585 -0.525 0.3583, 0.4585 -0.525 0.3622, 0.4852 -0.525 0.3583, 0.4585 -0.5917 0.3622, 0.4585 -0.5917 0.3583, 0.4852 -0.5917 0.3583, 0.5485 -0.573 0.3622, 0.5452 -0.5771 0.3622, 0.5513 -0.5824 0.3622, 0.5439 -0.5783 0.3622, 0.5443 -0.5873 0.3622, 0.5395 -0.5811 0.3622, 0.5367 -0.5903 0.3622, 0.5338 -0.5832 0.3622, 0.5254 -0.5917 0.3622, 0.5253 -0.5841 0.3622, 0.507 -0.5917 0.3622, 0.5156 -0.5841 0.3622, 0.507 -0.525 0.3622, 0.5156 -0.5327 0.3622, 0.5261 -0.525 0.3622, 0.5257 -0.5327 0.3622, 0.5362 -0.5261 0.3622, 0.5343 -0.5336 0.3622, 0.5443 -0.529 0.3622, 0.5401 -0.5357 0.3622, 0.5513 -0.5338 0.3622, 0.545 -0.5389 0.3622, 0.5535 -0.536 0.3622, 0.5472 -0.5412 0.3622, 0.5577 -0.5418 0.3622, 0.5497 -0.545 0.3622, 0.5602 -0.5481 0.3622, 0.5515 -0.5501 0.3622, 0.5613 -0.5575 0.3622, 0.5523 -0.5577 0.3622, 0.5611 -0.5617 0.3622, 0.5521 -0.562 0.3622, 0.5595 -0.5695 0.3622, 0.5508 -0.5681 0.3622, 0.5563 -0.5764 0.3622, 0.5254 -0.5917 0.3583, 0.507 -0.5917 0.3583, 0.5513 -0.5824 0.3583, 0.5367 -0.5903 0.3583, 0.5376 -0.59 0.3583, 0.5443 -0.5873 0.3583, 0.5563 -0.5764 0.3583, 0.5595 -0.5695 0.3583, 0.5611 -0.5617 0.3583, 0.5613 -0.5575 0.3583, 0.5602 -0.5481 0.3583, 0.5577 -0.5418 0.3583, 0.5535 -0.536 0.3583, 0.5513 -0.5338 0.3583, 0.5261 -0.525 0.3583, 0.5443 -0.529 0.3583, 0.5376 -0.5266 0.3583, 0.5362 -0.5261 0.3583, 0.507 -0.525 0.3583, 0.5257 -0.5327 0.3583, 0.5156 -0.5327 0.3583, 0.5156 -0.5841 0.3583, 0.5253 -0.5841 0.3583, 0.5452 -0.5771 0.3583, 0.5439 -0.5783 0.3583, 0.5395 -0.5811 0.3583, 0.5338 -0.5832 0.3583, 0.5523 -0.5577 0.3583, 0.5521 -0.562 0.3583, 0.5508 -0.5681 0.3583, 0.5485 -0.573 0.3583, 0.545 -0.5389 0.3583, 0.5472 -0.5412 0.3583, 0.5497 -0.545 0.3583, 0.5515 -0.5501 0.3583, 0.5343 -0.5336 0.3583, 0.5401 -0.5357 0.3583
            ]
        }
        coordIndex [
            0,1,2,-1,2,1,3,-1,4,0,5,-1,5,0,2,-1,6,4,7,-1,7,4,5,-1,8,6,9,-1,9,6,7,-1,10,8,11,-1,11,8,9,-1,1,10,3,-1,3,10,11,-1,6,8,4,-1,4,8,10,-1,4,10,0,-1,0,10,1,-1,12,13,14,-1,14,13,15,-1,15,16,14,-1,14,16,17,-1,14,17,18,-1,18,17,19,-1,18,19,20,-1,21,20,22,-1,22,20,19,-1,21,22,23,-1,21,23,24,-1,24,23,25,-1,24,25,26,-1,26,25,27,-1,26,27,28,-1,28,27,29,-1,28,29,30,-1,30,29,31,-1,30,31,32,-1,32,31,33,-1,32,33,34,-1,34,33,35,-1,34,35,36,-1,36,35,37,-1,36,37,38,-1,38,37,39,-1,38,39,40,-1,40,39,41,-1,40,41,42,-1,42,41,43,-1,42,43,44,-1,44,43,45,-1,44,45,46,-1,46,45,47,-1,46,47,48,-1,48,47,49,-1,48,49,50,-1,50,49,51,-1,50,51,52,-1,52,51,53,-1,52,53,54,-1,54,53,55,-1,54,55,56,-1,56,55,57,-1,56,57,58,-1,58,57,59,-1,58,59,60,-1,60,59,61,-1,60,61,62,-1,62,61,63,-1,62,63,64,-1,64,63,65,-1,64,65,66,-1,67,66,68,-1,68,66,65,-1,69,70,71,-1,67,68,72,-1,67,72,73,-1,73,72,74,-1,73,74,71,-1,71,74,75,-1,71,75,69,-1,70,69,76,-1,70,76,77,-1,76,78,77,-1,77,78,79,-1,77,79,80,-1,80,79,81,-1,80,81,82,-1,82,81,83,-1,82,83,84,-1,84,83,85,-1,86,87,85,-1,85,87,88,-1,85,88,84,-1,86,89,87,-1,87,89,90,-1,87,90,91,-1,91,90,92,-1,91,92,93,-1,93,92,94,-1,93,94,95,-1,95,94,96,-1,95,96,97,-1,96,98,97,-1,97,98,99,-1,97,99,100,-1,100,99,101,-1,100,101,102,-1,13,12,103,-1,102,101,104,-1,102,104,105,-1,105,104,106,-1,105,106,107,-1,107,106,108,-1,107,108,103,-1,103,108,109,-1,103,109,13,-1,64,66,67,-1,46,48,88,-1,64,67,62,-1,62,67,73,-1,62,73,60,-1,60,73,71,-1,60,71,58,-1,58,71,70,-1,58,70,56,-1,56,70,77,-1,56,77,54,-1,20,21,18,-1,18,21,24,-1,18,24,14,-1,14,24,26,-1,14,26,12,-1,12,26,28,-1,12,28,103,-1,103,28,30,-1,103,30,107,-1,107,30,32,-1,107,32,105,-1,105,32,34,-1,105,34,102,-1,102,34,36,-1,102,36,100,-1,100,36,38,-1,100,38,97,-1,88,48,84,-1,77,80,54,-1,54,80,82,-1,54,82,52,-1,52,82,84,-1,52,84,50,-1,50,84,48,-1,93,44,91,-1,91,44,46,-1,91,46,87,-1,87,46,88,-1,97,38,95,-1,95,38,40,-1,95,40,93,-1,93,40,42,-1,93,42,44,-1,110,111,112,-1,112,111,113,-1,114,115,116,-1,116,115,110,-1,116,110,112,-1,117,115,118,-1,118,115,114,-1,117,118,119,-1,119,118,120,-1,119,120,121,-1,122,119,123,-1,123,119,121,-1,124,125,126,-1,126,125,122,-1,126,122,123,-1,127,125,128,-1,128,125,124,-1,127,128,129,-1,129,128,130,-1,129,130,131,-1,132,129,133,-1,133,129,131,-1,134,135,136,-1,136,135,132,-1,136,132,133,-1,137,135,138,-1,138,135,134,-1,137,138,111,-1,111,138,139,-1,111,139,113,-1,137,111,110,-1,110,115,137,-1,137,115,117,-1,137,117,135,-1,129,132,127,-1,127,132,135,-1,127,135,125,-1,125,135,117,-1,125,117,122,-1,122,117,119,-1,140,141,142,-1,142,141,143,-1,142,143,144,-1,144,143,145,-1,144,145,146,-1,146,145,147,-1,146,147,148,-1,148,147,149,-1,148,149,150,-1,150,149,151,-1,150,151,152,-1,152,151,153,-1,152,153,154,-1,154,153,155,-1,154,155,156,-1,156,155,157,-1,156,157,158,-1,158,157,159,-1,158,159,160,-1,160,159,161,-1,160,161,162,-1,162,161,163,-1,162,163,164,-1,164,163,165,-1,164,165,166,-1,166,165,167,-1,166,167,168,-1,168,167,169,-1,168,169,170,-1,170,169,171,-1,170,171,172,-1,172,171,173,-1,172,173,174,-1,174,173,140,-1,174,140,142,-1,148,150,175,-1,175,150,176,-1,177,142,144,-1,148,175,178,-1,148,178,146,-1,146,178,179,-1,146,179,144,-1,144,179,180,-1,144,180,177,-1,142,177,181,-1,142,181,174,-1,174,181,182,-1,174,182,172,-1,172,182,183,-1,172,183,170,-1,170,183,184,-1,170,184,168,-1,168,184,185,-1,168,185,166,-1,166,185,186,-1,166,186,164,-1,164,186,187,-1,164,187,162,-1,162,187,188,-1,162,188,160,-1,189,154,156,-1,160,188,190,-1,160,190,158,-1,158,190,191,-1,158,191,156,-1,156,191,192,-1,156,192,189,-1,152,154,193,-1,193,154,189,-1,150,152,176,-1,176,152,193,-1,155,153,194,-1,194,153,195,-1,153,151,195,-1,195,151,196,-1,151,149,196,-1,196,149,197,-1,141,198,199,-1,141,199,143,-1,143,199,200,-1,143,200,145,-1,145,200,201,-1,145,201,147,-1,147,201,197,-1,147,197,149,-1,169,202,203,-1,169,203,171,-1,171,203,204,-1,171,204,173,-1,173,204,205,-1,173,205,140,-1,140,205,198,-1,140,198,141,-1,161,206,207,-1,161,207,163,-1,163,207,208,-1,163,208,165,-1,165,208,209,-1,165,209,167,-1,167,209,202,-1,167,202,169,-1,155,194,210,-1,155,210,157,-1,157,210,211,-1,157,211,159,-1,159,211,206,-1,159,206,161,-1,
        ]
    }
}
Shape{
    appearance Appearance {
        material  Material 	{
            diffuseColor 0.2235294117647059 0.2235294117647059 0.2235294117647059
            specularColor 0.11372549019607843 0.11372549019607843 0.11372549019607843
            ambientIntensity 0.2235
            transparency 0.0
            shininess 0.5
        }
    }
    geometry IndexedFaceSet {
        ccw TRUE
        solid FALSE
        coord DEF co Coordinate {
            point [
                0.5156 -0.5327 0.3583, 0.5156 -0.5841 0.3583, 0.5257 -0.5327 0.3583, 0.5253 -0.5841 0.3583, 0.5338 -0.5832 0.3583, 0.5395 -0.5811 0.3583, 0.5439 -0.5783 0.3583, 0.5452 -0.5771 0.3583, 0.5485 -0.573 0.3583, 0.5508 -0.5681 0.3583, 0.5521 -0.562 0.3583, 0.5523 -0.5577 0.3583, 0.5515 -0.5501 0.3583, 0.5497 -0.545 0.3583, 0.5472 -0.5412 0.3583, 0.545 -0.5389 0.3583, 0.5343 -0.5336 0.3583, 0.5401 -0.5357 0.3583
            ]
        }
        coordIndex [
            0,1,2,-1,2,1,3,-1,2,3,4,-1,4,5,2,-1,2,5,6,-1,2,6,7,-1,7,8,2,-1,2,8,9,-1,2,9,10,-1,10,11,2,-1,2,11,12,-1,2,12,13,-1,13,14,2,-1,2,14,15,-1,2,15,16,-1,16,15,17,-1,
        ]
    }
}
Shape{
    appearance Appearance {
        material  Material 	{
            diffuseColor 1.0 1.0 1.0
            specularColor 0.5019607843137255 0.5019607843137255 0.5019607843137255
            ambientIntensity 1.0
            transparency 0.0
            shininess 0.5
        }
    }
    geometry IndexedFaceSet {
        ccw TRUE
        solid FALSE
        coord DEF co Coordinate {
            point [
                0.5837 -0.5659 0.3622, 0.581 -0.5735 0.3622, 0.6061 -0.5659 0.3622, 0.6088 -0.5735 0.3622, 0.5937 -0.5382 0.3622, 0.5905 -0.525 0.3622, 0.565 -0.5917 0.3622, 0.5746 -0.5917 0.3622, 0.5943 -0.5362 0.3622, 0.5948 -0.5335 0.3622, 0.5997 -0.525 0.3622, 0.595 -0.5335 0.3622, 0.5955 -0.5363 0.3622, 0.596 -0.5382 0.3622, 0.6251 -0.5917 0.3622, 0.6156 -0.5917 0.3622, 0.5997 -0.525 0.3583, 0.6251 -0.5917 0.3583, 0.5905 -0.525 0.3583, 0.565 -0.5917 0.3583, 0.5843 -0.5412 0.3583, 0.5746 -0.5917 0.3583, 0.581 -0.5735 0.3583, 0.6088 -0.5735 0.3583, 0.5843 -0.5735 0.3583, 0.6156 -0.5917 0.3583, 0.5837 -0.5659 0.3583, 0.6061 -0.5659 0.3583, 0.596 -0.5382 0.3583, 0.595 -0.5335 0.3583, 0.5955 -0.5363 0.3583, 0.5948 -0.5335 0.3583, 0.5937 -0.5382 0.3583, 0.5943 -0.5362 0.3583
            ]
        }
        coordIndex [
            0,1,2,-1,2,1,3,-1,4,5,0,-1,0,5,6,-1,0,6,1,-1,1,6,7,-1,4,8,5,-1,5,8,9,-1,5,9,10,-1,10,9,11,-1,10,11,12,-1,12,13,10,-1,10,13,2,-1,10,2,14,-1,14,2,3,-1,14,3,15,-1,10,14,16,-1,16,14,17,-1,5,10,18,-1,18,10,16,-1,19,6,20,-1,20,6,5,-1,20,5,18,-1,7,6,21,-1,21,6,19,-1,1,7,22,-1,22,7,21,-1,23,3,24,-1,24,3,1,-1,24,1,22,-1,15,3,25,-1,25,3,23,-1,14,15,17,-1,17,15,25,-1,0,2,26,-1,26,2,27,-1,2,13,27,-1,27,13,28,-1,11,29,30,-1,11,30,12,-1,12,30,28,-1,12,28,13,-1,11,9,29,-1,29,9,31,-1,4,32,33,-1,4,33,8,-1,8,33,31,-1,8,31,9,-1,4,0,32,-1,32,0,26,-1,
        ]
    }
}
Shape{
    appearance Appearance {
        material  Material 	{
            diffuseColor 0.2235294117647059 0.2235294117647059 0.2235294117647059
            specularColor 0.11372549019607843 0.11372549019607843 0.11372549019607843
            ambientIntensity 0.2235
            transparency 0.0
            shininess 0.5
        }
    }
    geometry IndexedFaceSet {
        ccw TRUE
        solid FALSE
        coord DEF co Coordinate {
            point [
                0.595 -0.5335 0.3583, 0.5948 -0.5335 0.3583, 0.5955 -0.5363 0.3583, 0.5943 -0.5362 0.3583, 0.596 -0.5382 0.3583, 0.5937 -0.5382 0.3583, 0.6061 -0.5659 0.3583, 0.5837 -0.5659 0.3583
            ]
        }
        coordIndex [
            0,1,2,-1,2,1,3,-1,2,3,4,-1,4,3,5,-1,4,5,6,-1,6,5,7,-1,
        ]
    }
}
Shape{
    appearance Appearance {
        material  Material 	{
            diffuseColor 1.0 1.0 1.0
            specularColor 0.5019607843137255 0.5019607843137255 0.5019607843137255
            ambientIntensity 1.0
            transparency 0.0
            shininess 0.5
        }
    }
    geometry IndexedFaceSet {
        ccw TRUE
        solid FALSE
        coord DEF co Coordinate {
            point [
                0.3932 -0.6899 0.3622, 0.3932 -0.6976 0.3622, 0.3932 -0.6899 0.3583, 0.3932 -0.6976 0.3583, 0.3659 -0.6899 0.3622, 0.3659 -0.6899 0.3583, 0.3659 -0.6675 0.3622, 0.3659 -0.6675 0.3583, 0.3898 -0.6675 0.3622, 0.3898 -0.6675 0.3583, 0.3898 -0.6599 0.3622, 0.3898 -0.6599 0.3583, 0.3659 -0.6599 0.3622, 0.3659 -0.6599 0.3583, 0.3659 -0.6385 0.3622, 0.3659 -0.6385 0.3583, 0.3917 -0.6385 0.3622, 0.3917 -0.6385 0.3583, 0.3917 -0.6308 0.3622, 0.3917 -0.6308 0.3583, 0.3573 -0.6308 0.3622, 0.3573 -0.6308 0.3583, 0.3573 -0.6976 0.3622, 0.3573 -0.6976 0.3583, 0.4311 -0.6976 0.3622, 0.4395 -0.6976 0.3622, 0.4311 -0.6902 0.3622, 0.4395 -0.6669 0.3622, 0.4311 -0.6673 0.3622, 0.413 -0.6772 0.3622, 0.415 -0.6763 0.3622, 0.4309 -0.6902 0.3622, 0.4264 -0.689 0.3622, 0.4289 -0.693 0.3622, 0.4241 -0.6906 0.3622, 0.42 -0.6751 0.3622, 0.4311 -0.6736 0.3622, 0.4311 -0.6782 0.3622, 0.4311 -0.6792 0.3622, 0.4305 -0.6826 0.3622, 0.4293 -0.6856 0.3622, 0.4275 -0.6879 0.3622, 0.4309 -0.6638 0.3622, 0.4388 -0.6605 0.3622, 0.43 -0.6607 0.3622, 0.4375 -0.6567 0.3622, 0.4291 -0.659 0.3622, 0.4358 -0.654 0.3622, 0.4278 -0.6576 0.3622, 0.4335 -0.6519 0.3622, 0.4263 -0.6566 0.3622, 0.4308 -0.6503 0.3622, 0.4245 -0.6559 0.3622, 0.4272 -0.6492 0.3622, 0.4215 -0.6556 0.3622, 0.4222 -0.6488 0.3622, 0.4169 -0.656 0.3622, 0.4137 -0.6499 0.3622, 0.4117 -0.6577 0.3622, 0.4075 -0.6523 0.3622, 0.4058 -0.6614 0.3622, 0.4058 -0.6532 0.3622, 0.4114 -0.689 0.3622, 0.4053 -0.6949 0.3622, 0.4121 -0.6897 0.3622, 0.4077 -0.6967 0.3622, 0.4137 -0.6908 0.3622, 0.4108 -0.698 0.3622, 0.4156 -0.6915 0.3622, 0.4146 -0.6986 0.3622, 0.4185 -0.6918 0.3622, 0.4163 -0.6987 0.3622, 0.4209 -0.6981 0.3622, 0.4215 -0.6915 0.3622, 0.4243 -0.6968 0.3622, 0.4262 -0.6956 0.3622, 0.4097 -0.6828 0.3622, 0.4012 -0.6838 0.3622, 0.4097 -0.6841 0.3622, 0.4012 -0.6848 0.3622, 0.4099 -0.686 0.3622, 0.4017 -0.6889 0.3622, 0.4104 -0.6876 0.3622, 0.4027 -0.6917 0.3622, 0.4045 -0.6942 0.3622, 0.417 -0.6692 0.3622, 0.4107 -0.6708 0.3622, 0.4119 -0.6781 0.3622, 0.4071 -0.6726 0.3622, 0.4109 -0.6793 0.3622, 0.4046 -0.6748 0.3622, 0.4101 -0.6809 0.3622, 0.4029 -0.6772 0.3622, 0.4017 -0.6802 0.3622, 0.4222 -0.6488 0.3583, 0.4137 -0.6499 0.3583, 0.4075 -0.6523 0.3583, 0.4058 -0.6532 0.3583, 0.4058 -0.6614 0.3583, 0.4117 -0.6577 0.3583, 0.4169 -0.656 0.3583, 0.4215 -0.6556 0.3583, 0.4245 -0.6559 0.3583, 0.4263 -0.6566 0.3583, 0.4278 -0.6576 0.3583, 0.4291 -0.659 0.3583, 0.43 -0.6607 0.3583, 0.4309 -0.6638 0.3583, 0.4311 -0.6673 0.3583, 0.417 -0.6692 0.3583, 0.4107 -0.6708 0.3583, 0.4071 -0.6726 0.3583, 0.4046 -0.6748 0.3583, 0.4029 -0.6772 0.3583, 0.4017 -0.6802 0.3583, 0.4012 -0.6838 0.3583, 0.4012 -0.6848 0.3583, 0.4017 -0.6889 0.3583, 0.4027 -0.6917 0.3583, 0.4045 -0.6942 0.3583, 0.4053 -0.6949 0.3583, 0.4163 -0.6987 0.3583, 0.4077 -0.6967 0.3583, 0.4108 -0.698 0.3583, 0.4117 -0.6981 0.3583, 0.4146 -0.6986 0.3583, 0.4209 -0.6981 0.3583, 0.4243 -0.6968 0.3583, 0.4262 -0.6956 0.3583, 0.4289 -0.693 0.3583, 0.4309 -0.6902 0.3583, 0.4311 -0.6902 0.3583, 0.4311 -0.6976 0.3583, 0.4395 -0.6976 0.3583, 0.4395 -0.6669 0.3583, 0.4388 -0.6605 0.3583, 0.4375 -0.6567 0.3583, 0.4358 -0.654 0.3583, 0.4335 -0.6519 0.3583, 0.4308 -0.6503 0.3583, 0.4272 -0.6492 0.3583, 0.4119 -0.6781 0.3583, 0.413 -0.6772 0.3583, 0.415 -0.6763 0.3583, 0.42 -0.6751 0.3583, 0.4097 -0.6841 0.3583, 0.4097 -0.6828 0.3583, 0.4101 -0.6809 0.3583, 0.4109 -0.6793 0.3583, 0.4121 -0.6897 0.3583, 0.4114 -0.689 0.3583, 0.4104 -0.6876 0.3583, 0.4099 -0.686 0.3583, 0.4185 -0.6918 0.3583, 0.4156 -0.6915 0.3583, 0.4137 -0.6908 0.3583, 0.4275 -0.6879 0.3583, 0.4264 -0.689 0.3583, 0.4241 -0.6906 0.3583, 0.4215 -0.6915 0.3583, 0.4311 -0.6782 0.3583, 0.4311 -0.6792 0.3583, 0.4305 -0.6826 0.3583, 0.4293 -0.6856 0.3583, 0.4311 -0.6736 0.3583
            ]
        }
        coordIndex [
            0,1,2,-1,2,1,3,-1,4,0,5,-1,5,0,2,-1,6,4,7,-1,7,4,5,-1,8,6,9,-1,9,6,7,-1,10,8,11,-1,11,8,9,-1,12,10,13,-1,13,10,11,-1,14,12,15,-1,15,12,13,-1,16,14,17,-1,17,14,15,-1,18,16,19,-1,19,16,17,-1,20,18,21,-1,21,18,19,-1,22,20,23,-1,23,20,21,-1,1,22,3,-1,3,22,23,-1,22,1,0,-1,0,4,22,-1,22,4,6,-1,22,6,20,-1,16,18,14,-1,14,18,20,-1,14,20,12,-1,12,20,6,-1,12,6,10,-1,10,6,8,-1,24,25,26,-1,26,25,27,-1,28,29,30,-1,31,32,33,-1,33,32,34,-1,35,36,27,-1,27,36,37,-1,37,38,27,-1,27,38,39,-1,27,39,26,-1,26,39,40,-1,26,40,31,-1,31,40,41,-1,31,41,32,-1,30,35,28,-1,28,35,27,-1,28,27,42,-1,42,27,43,-1,42,43,44,-1,44,43,45,-1,44,45,46,-1,46,45,47,-1,46,47,48,-1,48,47,49,-1,48,49,50,-1,50,49,51,-1,50,51,52,-1,52,51,53,-1,52,53,54,-1,54,53,55,-1,54,55,56,-1,56,55,57,-1,56,57,58,-1,58,57,59,-1,58,59,60,-1,60,59,61,-1,62,63,64,-1,64,63,65,-1,64,65,66,-1,66,65,67,-1,66,67,68,-1,68,67,69,-1,68,69,70,-1,69,71,70,-1,70,71,72,-1,70,72,73,-1,73,72,74,-1,73,74,34,-1,34,74,75,-1,34,75,33,-1,76,77,78,-1,78,77,79,-1,78,79,80,-1,80,79,81,-1,80,81,82,-1,82,81,83,-1,82,83,62,-1,62,83,84,-1,62,84,63,-1,28,85,29,-1,29,85,86,-1,29,86,87,-1,87,86,88,-1,87,88,89,-1,89,88,90,-1,89,90,91,-1,91,90,92,-1,91,92,76,-1,76,92,93,-1,76,93,77,-1,55,94,95,-1,55,95,57,-1,57,95,96,-1,57,96,59,-1,59,96,97,-1,59,97,61,-1,60,61,98,-1,98,61,97,-1,60,98,99,-1,60,99,58,-1,58,99,100,-1,58,100,56,-1,56,100,101,-1,56,101,54,-1,54,101,102,-1,54,102,52,-1,52,102,103,-1,52,103,50,-1,50,103,104,-1,50,104,48,-1,48,104,105,-1,48,105,46,-1,46,105,106,-1,46,106,44,-1,44,106,107,-1,44,107,42,-1,42,107,108,-1,42,108,28,-1,85,28,109,-1,109,28,108,-1,85,109,110,-1,85,110,86,-1,86,110,111,-1,86,111,88,-1,88,111,112,-1,88,112,90,-1,90,112,113,-1,90,113,92,-1,92,113,114,-1,92,114,93,-1,93,114,115,-1,93,115,77,-1,77,115,116,-1,77,116,79,-1,79,116,117,-1,79,117,81,-1,81,117,118,-1,81,118,83,-1,83,118,119,-1,83,119,84,-1,84,119,120,-1,84,120,63,-1,121,71,69,-1,63,120,122,-1,63,122,65,-1,65,122,123,-1,65,123,67,-1,67,123,124,-1,67,124,69,-1,69,124,125,-1,69,125,121,-1,71,121,126,-1,71,126,72,-1,72,126,127,-1,72,127,74,-1,74,127,128,-1,74,128,75,-1,75,128,129,-1,75,129,33,-1,33,129,130,-1,33,130,31,-1,26,31,131,-1,131,31,130,-1,24,26,132,-1,132,26,131,-1,25,24,133,-1,133,24,132,-1,27,25,134,-1,134,25,133,-1,27,134,135,-1,27,135,43,-1,43,135,136,-1,43,136,45,-1,45,136,137,-1,45,137,47,-1,47,137,138,-1,47,138,49,-1,49,138,139,-1,49,139,51,-1,51,139,140,-1,51,140,53,-1,53,140,94,-1,53,94,55,-1,87,141,142,-1,87,142,29,-1,29,142,143,-1,29,143,30,-1,30,143,144,-1,30,144,35,-1,78,145,146,-1,78,146,76,-1,76,146,147,-1,76,147,91,-1,91,147,148,-1,91,148,89,-1,89,148,141,-1,89,141,87,-1,64,149,150,-1,64,150,62,-1,62,150,151,-1,62,151,82,-1,82,151,152,-1,82,152,80,-1,80,152,145,-1,80,145,78,-1,70,153,154,-1,70,154,68,-1,68,154,155,-1,68,155,66,-1,66,155,149,-1,66,149,64,-1,41,156,157,-1,41,157,32,-1,32,157,158,-1,32,158,34,-1,34,158,159,-1,34,159,73,-1,73,159,153,-1,73,153,70,-1,37,160,161,-1,37,161,38,-1,38,161,162,-1,38,162,39,-1,39,162,163,-1,39,163,40,-1,40,163,156,-1,40,156,41,-1,37,36,160,-1,160,36,164,-1,36,35,164,-1,164,35,144,-1,
        ]
    }
}
Shape{
    appearance Appearance {
        material  Material 	{
            diffuseColor 0.2235294117647059 0.2235294117647059 0.2235294117647059
            specularColor 0.11372549019607843 0.11372549019607843 0.11372549019607843
            ambientIntensity 0.2235
            transparency 0.0
            shininess 0.5
        }
    }
    geometry IndexedFaceSet {
        ccw TRUE
        solid FALSE
        coord DEF co Coordinate {
            point [
                0.4311 -0.6736 0.3583, 0.42 -0.6751 0.3583, 0.4311 -0.6782 0.3583, 0.415 -0.6763 0.3583, 0.413 -0.6772 0.3583, 0.4119 -0.6781 0.3583, 0.4311 -0.6792 0.3583, 0.4305 -0.6826 0.3583, 0.4109 -0.6793 0.3583, 0.4293 -0.6856 0.3583, 0.4114 -0.689 0.3583, 0.4121 -0.6897 0.3583, 0.4264 -0.689 0.3583, 0.4104 -0.6876 0.3583, 0.4241 -0.6906 0.3583, 0.4215 -0.6915 0.3583, 0.4185 -0.6918 0.3583, 0.4101 -0.6809 0.3583, 0.4097 -0.6828 0.3583, 0.4275 -0.6879 0.3583, 0.4097 -0.6841 0.3583, 0.4099 -0.686 0.3583, 0.4137 -0.6908 0.3583, 0.4156 -0.6915 0.3583
            ]
        }
        coordIndex [
            0,1,2,-1,2,1,3,-1,3,4,2,-1,2,4,5,-1,2,5,6,-1,6,5,7,-1,7,5,8,-1,7,8,9,-1,10,11,12,-1,10,12,13,-1,14,12,15,-1,15,12,16,-1,8,17,9,-1,9,17,18,-1,9,18,19,-1,19,18,20,-1,19,20,12,-1,12,20,21,-1,12,21,13,-1,11,22,12,-1,12,22,23,-1,12,23,16,-1,
        ]
    }
}
Shape{
    appearance Appearance {
        material  Material 	{
            diffuseColor 1.0 1.0 1.0
            specularColor 0.5019607843137255 0.5019607843137255 0.5019607843137255
            ambientIntensity 1.0
            transparency 0.0
            shininess 0.5
        }
    }
    geometry IndexedFaceSet {
        ccw TRUE
        solid FALSE
        coord DEF co Coordinate {
            point [
                0.4508 -0.6873 0.3583, 0.4508 -0.6873 0.3622, 0.4538 -0.6891 0.3622, 0.4645 -0.6919 0.3622, 0.4645 -0.6919 0.3583, 0.459 -0.6912 0.3583, 0.459 -0.6912 0.3622, 0.4547 -0.6895 0.3583, 0.4538 -0.6891 0.3583, 0.4508 -0.6959 0.3622, 0.4508 -0.6959 0.3583, 0.4547 -0.6972 0.3583, 0.4566 -0.6979 0.3622, 0.4637 -0.6987 0.3583, 0.4637 -0.6987 0.3622, 0.4584 -0.6981 0.3583, 0.4566 -0.6979 0.3583, 0.469 -0.6981 0.3583, 0.4707 -0.6979 0.3622, 0.4707 -0.6979 0.3583, 0.4752 -0.6963 0.3583, 0.4752 -0.6963 0.3622, 0.4776 -0.6949 0.3583, 0.4776 -0.6949 0.3622, 0.4799 -0.6929 0.3583, 0.4799 -0.6929 0.3622, 0.4815 -0.6907 0.3583, 0.4815 -0.6907 0.3622, 0.4826 -0.688 0.3583, 0.4826 -0.688 0.3622, 0.483 -0.6846 0.3583, 0.483 -0.6846 0.3622, 0.4827 -0.6815 0.3583, 0.4827 -0.6815 0.3622, 0.4818 -0.6791 0.3583, 0.4818 -0.6791 0.3622, 0.4802 -0.6767 0.3583, 0.4802 -0.6767 0.3622, 0.4782 -0.6749 0.3583, 0.4782 -0.6749 0.3622, 0.4726 -0.6718 0.3583, 0.4726 -0.6718 0.3622, 0.4694 -0.6705 0.3583, 0.4694 -0.6705 0.3622, 0.4642 -0.6683 0.3583, 0.4642 -0.6683 0.3622, 0.4613 -0.6664 0.3583, 0.4613 -0.6664 0.3622, 0.4605 -0.6655 0.3583, 0.4605 -0.6655 0.3622, 0.4599 -0.6644 0.3583, 0.4599 -0.6644 0.3622, 0.4595 -0.6631 0.3583, 0.4595 -0.6631 0.3622, 0.4595 -0.662 0.3583, 0.4595 -0.662 0.3622, 0.4596 -0.6607 0.3583, 0.4596 -0.6607 0.3622, 0.46 -0.6595 0.3583, 0.46 -0.6595 0.3622, 0.4607 -0.6585 0.3583, 0.4607 -0.6585 0.3622, 0.462 -0.6574 0.3583, 0.462 -0.6574 0.3622, 0.4639 -0.6564 0.3583, 0.4639 -0.6564 0.3622, 0.4661 -0.6558 0.3583, 0.4661 -0.6558 0.3622, 0.4686 -0.6556 0.3583, 0.4686 -0.6556 0.3622, 0.4745 -0.6563 0.3583, 0.4745 -0.6563 0.3622, 0.4792 -0.6582 0.3583, 0.4792 -0.6582 0.3622, 0.4807 -0.659 0.3583, 0.4807 -0.659 0.3622, 0.4807 -0.6509 0.3622, 0.4807 -0.6509 0.3583, 0.4753 -0.6493 0.3583, 0.4753 -0.6493 0.3622, 0.4694 -0.6488 0.3583, 0.4694 -0.6488 0.3622, 0.4626 -0.6496 0.3583, 0.4626 -0.6496 0.3622, 0.4582 -0.6514 0.3583, 0.4582 -0.6514 0.3622, 0.4562 -0.6526 0.3583, 0.4562 -0.6526 0.3622, 0.4547 -0.654 0.3583, 0.4538 -0.6547 0.3622, 0.4538 -0.6547 0.3583, 0.4522 -0.657 0.3583, 0.4522 -0.657 0.3622, 0.4512 -0.6597 0.3583, 0.4512 -0.6597 0.3622, 0.4509 -0.6628 0.3583, 0.4509 -0.6628 0.3622, 0.4512 -0.6659 0.3583, 0.4512 -0.6659 0.3622, 0.4521 -0.6685 0.3583, 0.4521 -0.6685 0.3622, 0.4532 -0.6703 0.3583, 0.4532 -0.6703 0.3622, 0.4635 -0.6766 0.3583, 0.4635 -0.6766 0.3622, 0.4585 -0.6743 0.3622, 0.4546 -0.6717 0.3583, 0.4546 -0.6717 0.3622, 0.4547 -0.6718 0.3583, 0.4585 -0.6743 0.3583, 0.469 -0.6789 0.3583, 0.469 -0.6789 0.3622, 0.4723 -0.6809 0.3583, 0.4723 -0.6809 0.3622, 0.4733 -0.682 0.3583, 0.4733 -0.682 0.3622, 0.4739 -0.6831 0.3583, 0.4739 -0.6831 0.3622, 0.4743 -0.6844 0.3583, 0.4743 -0.6844 0.3622, 0.4744 -0.6854 0.3583, 0.4744 -0.6854 0.3622, 0.4742 -0.687 0.3583, 0.4742 -0.687 0.3622, 0.4738 -0.6882 0.3583, 0.4738 -0.6882 0.3622, 0.4731 -0.6893 0.3583, 0.4731 -0.6893 0.3622, 0.4721 -0.6901 0.3583, 0.4721 -0.6901 0.3622, 0.4714 -0.6906 0.3583, 0.4714 -0.6906 0.3622, 0.4692 -0.6914 0.3583, 0.4692 -0.6914 0.3622, 0.4649 -0.6919 0.3583, 0.4649 -0.6919 0.3622, 0.5244 -0.6499 0.3622, 0.5331 -0.6499 0.3622, 0.5244 -0.6499 0.3583, 0.5331 -0.6499 0.3583, 0.5114 -0.6858 0.3622, 0.5114 -0.6858 0.3583, 0.5108 -0.688 0.3583, 0.5108 -0.688 0.3622, 0.5104 -0.6896 0.3583, 0.5104 -0.6896 0.3622, 0.5102 -0.6896 0.3622, 0.5102 -0.6896 0.3583, 0.5091 -0.6857 0.3622, 0.5091 -0.6857 0.3583, 0.4967 -0.6499 0.3583, 0.4967 -0.6499 0.3622, 0.5007 -0.6615 0.3583, 0.4873 -0.6499 0.3622, 0.4873 -0.6499 0.3583, 0.506 -0.6975 0.3583, 0.506 -0.6975 0.3622, 0.5007 -0.6839 0.3583, 0.5024 -0.7061 0.3583, 0.5024 -0.7061 0.3622, 0.5057 -0.6981 0.3583, 0.5007 -0.7091 0.3583, 0.5007 -0.7091 0.3622, 0.5007 -0.7091 0.3583, 0.4992 -0.7108 0.3622, 0.4992 -0.7108 0.3583, 0.4976 -0.712 0.3583, 0.4976 -0.712 0.3622, 0.4957 -0.7126 0.3583, 0.4957 -0.7126 0.3622, 0.4938 -0.7128 0.3583, 0.4938 -0.7128 0.3622, 0.491 -0.7125 0.3583, 0.491 -0.7125 0.3622, 0.4891 -0.7119 0.3583, 0.4891 -0.7119 0.3622, 0.4891 -0.7193 0.3622, 0.4891 -0.7193 0.3583, 0.4915 -0.7198 0.3583, 0.4915 -0.7198 0.3622, 0.4944 -0.72 0.3583, 0.4944 -0.72 0.3622, 0.4976 -0.7197 0.3583, 0.4976 -0.7197 0.3622, 0.5007 -0.7185 0.3583, 0.5009 -0.7185 0.3622, 0.5009 -0.7185 0.3583, 0.5038 -0.7165 0.3583, 0.5038 -0.7165 0.3622, 0.5052 -0.7152 0.3583, 0.5052 -0.7152 0.3622, 0.5088 -0.7103 0.3583, 0.5088 -0.7103 0.3622, 0.5115 -0.7048 0.3583, 0.5115 -0.7048 0.3622, 0.5141 -0.6981 0.3583, 0.578 -0.6899 0.3622, 0.578 -0.6976 0.3622, 0.578 -0.6899 0.3583, 0.578 -0.6976 0.3583, 0.5507 -0.6899 0.3583, 0.5507 -0.6899 0.3622, 0.5632 -0.6899 0.3583, 0.5507 -0.6675 0.3622, 0.5507 -0.6675 0.3583, 0.5746 -0.6675 0.3622, 0.5632 -0.6675 0.3583, 0.5746 -0.6675 0.3583, 0.5746 -0.6599 0.3622, 0.5746 -0.6599 0.3583, 0.5507 -0.6599 0.3583, 0.5507 -0.6599 0.3622, 0.5632 -0.6599 0.3583, 0.5507 -0.6385 0.3622, 0.5507 -0.6385 0.3583, 0.5765 -0.6385 0.3583, 0.5765 -0.6385 0.3622, 0.5632 -0.6385 0.3583, 0.5765 -0.6308 0.3622, 0.5765 -0.6308 0.3583, 0.5421 -0.6308 0.3583, 0.5421 -0.6308 0.3622, 0.5632 -0.6308 0.3583, 0.5421 -0.6976 0.3622, 0.5421 -0.6976 0.3583, 0.5632 -0.6976 0.3583, 0.632 -0.6789 0.3622, 0.6287 -0.683 0.3622, 0.6348 -0.6882 0.3622, 0.6275 -0.6841 0.3622, 0.6279 -0.6932 0.3622, 0.6231 -0.687 0.3622, 0.6203 -0.6962 0.3622, 0.6173 -0.689 0.3622, 0.6089 -0.6976 0.3622, 0.6089 -0.6899 0.3622, 0.5906 -0.6976 0.3622, 0.5992 -0.6899 0.3622, 0.5906 -0.6308 0.3622, 0.5992 -0.6385 0.3622, 0.6096 -0.6308 0.3622, 0.6093 -0.6385 0.3622, 0.6198 -0.632 0.3622, 0.6179 -0.6395 0.3622, 0.6278 -0.6349 0.3622, 0.6237 -0.6415 0.3622, 0.6348 -0.6397 0.3622, 0.6285 -0.6448 0.3622, 0.6371 -0.6419 0.3622, 0.6307 -0.647 0.3622, 0.6413 -0.6477 0.3622, 0.6332 -0.6508 0.3622, 0.6437 -0.654 0.3622, 0.635 -0.6559 0.3622, 0.6449 -0.6633 0.3622, 0.6358 -0.6636 0.3622, 0.6447 -0.6675 0.3622, 0.6356 -0.6678 0.3622, 0.6431 -0.6754 0.3622, 0.6343 -0.6739 0.3622, 0.6398 -0.6823 0.3622, 0.6089 -0.6976 0.3583, 0.5906 -0.6976 0.3583, 0.6203 -0.6962 0.3583, 0.6279 -0.6932 0.3583, 0.6348 -0.6882 0.3583, 0.6398 -0.6823 0.3583, 0.6431 -0.6754 0.3583, 0.6447 -0.6675 0.3583, 0.6449 -0.6633 0.3583, 0.6437 -0.654 0.3583, 0.6413 -0.6477 0.3583, 0.6371 -0.6419 0.3583, 0.6348 -0.6397 0.3583, 0.6278 -0.6349 0.3583, 0.6198 -0.632 0.3583, 0.6096 -0.6308 0.3583, 0.5906 -0.6308 0.3583, 0.6093 -0.6385 0.3583, 0.5992 -0.6385 0.3583, 0.5992 -0.6899 0.3583, 0.6089 -0.6899 0.3583, 0.6287 -0.683 0.3583, 0.6275 -0.6841 0.3583, 0.6231 -0.687 0.3583, 0.6173 -0.689 0.3583, 0.6358 -0.6636 0.3583, 0.6356 -0.6678 0.3583, 0.6343 -0.6739 0.3583, 0.632 -0.6789 0.3583, 0.6285 -0.6448 0.3583, 0.6307 -0.647 0.3583, 0.6332 -0.6508 0.3583, 0.635 -0.6559 0.3583, 0.6179 -0.6395 0.3583, 0.6237 -0.6415 0.3583
            ]
        }
        coordIndex [
            0,1,2,-1,3,4,5,-1,3,5,6,-1,6,5,7,-1,6,7,2,-1,2,7,8,-1,2,8,0,-1,9,1,10,-1,10,1,0,-1,10,11,9,-1,9,11,12,-1,13,14,15,-1,15,14,12,-1,15,12,16,-1,16,12,11,-1,13,17,14,-1,14,17,18,-1,17,19,18,-1,18,19,20,-1,18,20,21,-1,21,20,22,-1,21,22,23,-1,23,22,24,-1,23,24,25,-1,25,24,26,-1,25,26,27,-1,27,26,28,-1,27,28,29,-1,29,28,30,-1,29,30,31,-1,31,30,32,-1,31,32,33,-1,33,32,34,-1,33,34,35,-1,35,34,36,-1,35,36,37,-1,37,36,38,-1,37,38,39,-1,39,38,40,-1,39,40,41,-1,41,40,42,-1,41,42,43,-1,43,42,44,-1,43,44,45,-1,45,44,46,-1,45,46,47,-1,47,46,48,-1,47,48,49,-1,49,48,50,-1,49,50,51,-1,51,50,52,-1,51,52,53,-1,53,52,54,-1,53,54,55,-1,55,54,56,-1,55,56,57,-1,57,56,58,-1,57,58,59,-1,59,58,60,-1,59,60,61,-1,61,60,62,-1,61,62,63,-1,63,62,64,-1,63,64,65,-1,65,64,66,-1,65,66,67,-1,67,66,68,-1,67,68,69,-1,69,68,70,-1,69,70,71,-1,71,70,72,-1,71,72,73,-1,73,72,74,-1,73,74,75,-1,76,75,77,-1,77,75,74,-1,76,77,78,-1,76,78,79,-1,79,78,80,-1,79,80,81,-1,81,80,82,-1,81,82,83,-1,83,82,84,-1,83,84,85,-1,85,84,86,-1,85,86,87,-1,86,88,87,-1,87,88,89,-1,88,90,89,-1,89,90,91,-1,89,91,92,-1,92,91,93,-1,92,93,94,-1,94,93,95,-1,94,95,96,-1,96,95,97,-1,96,97,98,-1,98,97,99,-1,98,99,100,-1,100,99,101,-1,100,101,102,-1,103,104,105,-1,102,101,106,-1,102,106,107,-1,107,106,108,-1,107,108,105,-1,105,108,109,-1,105,109,103,-1,104,103,110,-1,104,110,111,-1,111,110,112,-1,111,112,113,-1,113,112,114,-1,113,114,115,-1,115,114,116,-1,115,116,117,-1,117,116,118,-1,117,118,119,-1,119,118,120,-1,119,120,121,-1,121,120,122,-1,121,122,123,-1,123,122,124,-1,123,124,125,-1,125,124,126,-1,125,126,127,-1,127,126,128,-1,127,128,129,-1,129,128,130,-1,129,130,131,-1,131,130,132,-1,131,132,133,-1,133,132,134,-1,133,134,135,-1,135,134,4,-1,135,4,3,-1,61,63,85,-1,85,63,83,-1,111,43,104,-1,104,43,45,-1,21,23,127,-1,127,23,25,-1,127,25,125,-1,125,25,27,-1,125,27,123,-1,123,27,29,-1,123,29,121,-1,121,29,31,-1,121,31,119,-1,119,31,33,-1,119,33,117,-1,117,33,35,-1,117,35,115,-1,115,35,37,-1,115,37,113,-1,113,37,39,-1,113,39,111,-1,111,39,41,-1,111,41,43,-1,14,3,12,-1,12,3,6,-1,12,6,9,-1,9,6,2,-1,9,2,1,-1,63,65,83,-1,83,65,67,-1,83,67,81,-1,81,67,69,-1,81,69,79,-1,79,69,71,-1,79,71,76,-1,76,71,73,-1,76,73,75,-1,127,129,21,-1,21,129,131,-1,21,131,18,-1,18,131,133,-1,18,133,14,-1,14,133,135,-1,14,135,3,-1,85,87,61,-1,61,87,89,-1,61,89,59,-1,59,89,92,-1,59,92,57,-1,57,92,94,-1,57,94,55,-1,55,94,96,-1,55,96,53,-1,53,96,98,-1,53,98,51,-1,51,98,100,-1,51,100,49,-1,49,100,102,-1,49,102,47,-1,47,102,107,-1,47,107,45,-1,45,107,105,-1,45,105,104,-1,136,137,138,-1,138,137,139,-1,140,136,141,-1,141,136,138,-1,140,141,142,-1,140,142,143,-1,143,142,144,-1,143,144,145,-1,146,145,147,-1,147,145,144,-1,148,146,149,-1,149,146,147,-1,150,151,152,-1,152,151,148,-1,152,148,149,-1,153,151,154,-1,154,151,150,-1,155,156,157,-1,157,156,153,-1,157,153,154,-1,158,159,160,-1,160,159,156,-1,160,156,155,-1,159,158,161,-1,159,161,162,-1,162,161,163,-1,162,163,164,-1,163,165,164,-1,164,165,166,-1,164,166,167,-1,167,166,168,-1,167,168,169,-1,169,168,170,-1,169,170,171,-1,171,170,172,-1,171,172,173,-1,173,172,174,-1,173,174,175,-1,176,175,177,-1,177,175,174,-1,176,177,178,-1,176,178,179,-1,179,178,180,-1,179,180,181,-1,181,180,182,-1,181,182,183,-1,183,182,184,-1,183,184,185,-1,184,186,185,-1,185,186,187,-1,185,187,188,-1,188,187,189,-1,188,189,190,-1,190,189,191,-1,190,191,192,-1,192,191,193,-1,192,193,194,-1,139,137,195,-1,195,137,194,-1,195,194,193,-1,143,145,194,-1,137,136,194,-1,194,136,140,-1,194,140,143,-1,151,153,148,-1,148,153,156,-1,148,156,146,-1,175,176,173,-1,173,176,179,-1,173,179,171,-1,171,179,181,-1,171,181,169,-1,169,181,183,-1,169,183,167,-1,167,183,185,-1,167,185,164,-1,164,185,188,-1,164,188,162,-1,162,188,190,-1,162,190,159,-1,159,190,192,-1,159,192,156,-1,156,192,194,-1,156,194,146,-1,146,194,145,-1,196,197,198,-1,198,197,199,-1,200,201,202,-1,202,201,196,-1,202,196,198,-1,203,201,204,-1,204,201,200,-1,203,204,205,-1,205,204,206,-1,205,206,207,-1,208,205,209,-1,209,205,207,-1,210,211,212,-1,212,211,208,-1,212,208,209,-1,213,211,214,-1,214,211,210,-1,215,216,217,-1,217,216,213,-1,217,213,214,-1,218,216,219,-1,219,216,215,-1,220,221,222,-1,222,221,218,-1,222,218,219,-1,223,221,224,-1,224,221,220,-1,199,197,225,-1,225,197,223,-1,225,223,224,-1,223,197,196,-1,196,201,223,-1,223,201,203,-1,223,203,221,-1,216,218,213,-1,213,218,221,-1,213,221,211,-1,211,221,203,-1,211,203,208,-1,208,203,205,-1,226,227,228,-1,228,227,229,-1,228,229,230,-1,230,229,231,-1,230,231,232,-1,232,231,233,-1,232,233,234,-1,234,233,235,-1,234,235,236,-1,236,235,237,-1,236,237,238,-1,238,237,239,-1,238,239,240,-1,240,239,241,-1,240,241,242,-1,242,241,243,-1,242,243,244,-1,244,243,245,-1,244,245,246,-1,246,245,247,-1,246,247,248,-1,248,247,249,-1,248,249,250,-1,250,249,251,-1,250,251,252,-1,252,251,253,-1,252,253,254,-1,254,253,255,-1,254,255,256,-1,256,255,257,-1,256,257,258,-1,258,257,259,-1,258,259,260,-1,260,259,226,-1,260,226,228,-1,234,236,261,-1,261,236,262,-1,234,261,263,-1,234,263,232,-1,232,263,264,-1,232,264,230,-1,230,264,265,-1,230,265,228,-1,228,265,266,-1,228,266,260,-1,260,266,267,-1,260,267,258,-1,258,267,268,-1,258,268,256,-1,256,268,269,-1,256,269,254,-1,254,269,270,-1,254,270,252,-1,252,270,271,-1,252,271,250,-1,250,271,272,-1,250,272,248,-1,248,272,273,-1,248,273,246,-1,246,273,274,-1,246,274,244,-1,244,274,275,-1,244,275,242,-1,242,275,276,-1,242,276,240,-1,238,240,277,-1,277,240,276,-1,236,238,262,-1,262,238,277,-1,241,239,278,-1,278,239,279,-1,239,237,279,-1,279,237,280,-1,237,235,280,-1,280,235,281,-1,227,282,283,-1,227,283,229,-1,229,283,284,-1,229,284,231,-1,231,284,285,-1,231,285,233,-1,233,285,281,-1,233,281,235,-1,255,286,287,-1,255,287,257,-1,257,287,288,-1,257,288,259,-1,259,288,289,-1,259,289,226,-1,226,289,282,-1,226,282,227,-1,247,290,291,-1,247,291,249,-1,249,291,292,-1,249,292,251,-1,251,292,293,-1,251,293,253,-1,253,293,286,-1,253,286,255,-1,241,278,294,-1,241,294,243,-1,243,294,295,-1,243,295,245,-1,245,295,290,-1,245,290,247,-1,
        ]
    }
}
Shape{
    appearance Appearance {
        material  Material 	{
            diffuseColor 0.2235294117647059 0.2235294117647059 0.2235294117647059
            specularColor 0.11372549019607843 0.11372549019607843 0.11372549019607843
            ambientIntensity 0.2235
            transparency 0.0
            shininess 0.5
        }
    }
    geometry IndexedFaceSet {
        ccw TRUE
        solid FALSE
        coord DEF co Coordinate {
            point [
                0.5992 -0.6385 0.3583, 0.5992 -0.6899 0.3583, 0.6093 -0.6385 0.3583, 0.6089 -0.6899 0.3583, 0.6173 -0.689 0.3583, 0.6231 -0.687 0.3583, 0.6275 -0.6841 0.3583, 0.6287 -0.683 0.3583, 0.632 -0.6789 0.3583, 0.6343 -0.6739 0.3583, 0.6356 -0.6678 0.3583, 0.6358 -0.6636 0.3583, 0.635 -0.6559 0.3583, 0.6332 -0.6508 0.3583, 0.6307 -0.647 0.3583, 0.6285 -0.6448 0.3583, 0.6179 -0.6395 0.3583, 0.6237 -0.6415 0.3583
            ]
        }
        coordIndex [
            0,1,2,-1,2,1,3,-1,2,3,4,-1,4,5,2,-1,2,5,6,-1,2,6,7,-1,7,8,2,-1,2,8,9,-1,2,9,10,-1,10,11,2,-1,2,11,12,-1,2,12,13,-1,13,14,2,-1,2,14,15,-1,2,15,16,-1,16,15,17,-1,
        ]
    }
}
Shape{
    appearance Appearance {
        material  Material 	{
            diffuseColor 1.0 1.0 1.0
            specularColor 0.5019607843137255 0.5019607843137255 0.5019607843137255
            ambientIntensity 1.0
            transparency 0.0
            shininess 0.5
        }
    }
    geometry IndexedFaceSet {
        ccw TRUE
        solid FALSE
        coord DEF co Coordinate {
            point [
                0.6673 -0.6718 0.3622, 0.6645 -0.6793 0.3622, 0.6897 -0.6718 0.3622, 0.6923 -0.6793 0.3622, 0.6772 -0.644 0.3622, 0.674 -0.6308 0.3622, 0.6486 -0.6976 0.3622, 0.6581 -0.6976 0.3622, 0.6778 -0.642 0.3622, 0.6783 -0.6394 0.3622, 0.6832 -0.6308 0.3622, 0.6785 -0.6394 0.3622, 0.6791 -0.6422 0.3622, 0.6796 -0.644 0.3622, 0.7086 -0.6976 0.3622, 0.6991 -0.6976 0.3622, 0.6832 -0.6308 0.3583, 0.7086 -0.6976 0.3583, 0.674 -0.6308 0.3583, 0.6486 -0.6976 0.3583, 0.6581 -0.6976 0.3583, 0.6645 -0.6793 0.3583, 0.6923 -0.6793 0.3583, 0.6991 -0.6976 0.3583, 0.6673 -0.6718 0.3583, 0.6897 -0.6718 0.3583, 0.6796 -0.644 0.3583, 0.6785 -0.6394 0.3583, 0.6791 -0.6422 0.3583, 0.6783 -0.6394 0.3583, 0.6772 -0.644 0.3583, 0.6778 -0.642 0.3583
            ]
        }
        coordIndex [
            0,1,2,-1,2,1,3,-1,4,5,0,-1,0,5,6,-1,0,6,1,-1,1,6,7,-1,4,8,5,-1,5,8,9,-1,5,9,10,-1,10,9,11,-1,10,11,12,-1,12,13,10,-1,10,13,2,-1,10,2,14,-1,14,2,3,-1,14,3,15,-1,10,14,16,-1,16,14,17,-1,5,10,18,-1,18,10,16,-1,6,5,19,-1,19,5,18,-1,7,6,20,-1,20,6,19,-1,1,7,21,-1,21,7,20,-1,3,1,22,-1,22,1,21,-1,15,3,23,-1,23,3,22,-1,14,15,17,-1,17,15,23,-1,0,2,24,-1,24,2,25,-1,2,13,25,-1,25,13,26,-1,11,27,28,-1,11,28,12,-1,12,28,26,-1,12,26,13,-1,11,9,27,-1,27,9,29,-1,4,30,31,-1,4,31,8,-1,8,31,29,-1,8,29,9,-1,4,0,30,-1,30,0,24,-1,
        ]
    }
}
Shape{
    appearance Appearance {
        material  Material 	{
            diffuseColor 0.2235294117647059 0.2235294117647059 0.2235294117647059
            specularColor 0.11372549019607843 0.11372549019607843 0.11372549019607843
            ambientIntensity 0.2235
            transparency 0.0
            shininess 0.5
        }
    }
    geometry IndexedFaceSet {
        ccw TRUE
        solid FALSE
        coord DEF co Coordinate {
            point [
                0.6785 -0.6394 0.3583, 0.6783 -0.6394 0.3583, 0.6791 -0.6422 0.3583, 0.6778 -0.642 0.3583, 0.6796 -0.644 0.3583, 0.6772 -0.644 0.3583, 0.6897 -0.6718 0.3583, 0.6673 -0.6718 0.3583
            ]
        }
        coordIndex [
            0,1,2,-1,2,1,3,-1,2,3,4,-1,4,3,5,-1,4,5,6,-1,6,5,7,-1,
        ]
    }
}
Shape{
    appearance Appearance {
        material  Material 	{
            diffuseColor 1.0 1.0 1.0
            specularColor 0.5019607843137255 0.5019607843137255 0.5019607843137255
            ambientIntensity 1.0
            transparency 0.0
            shininess 0.5
        }
    }
    geometry IndexedFaceSet {
        ccw TRUE
        solid FALSE
        coord DEF co Coordinate {
            point [
                0.0625 -0.7069 0.3622, 0.0695 -0.7156 0.3622, 0.0583 -0.6651 0.3622, 0.0505 -0.5823 0.3622, 0.0612 -0.5768 0.3622, 0.0581 -0.5478 0.3622, 0.0877 -0.5464 0.3622, 0.1025 -0.5811 0.3622, 0.1097 -0.566 0.3622, 0.1504 -0.6817 0.3622, 0.1504 -0.6769 0.3622, 0.1101 -0.6653 0.3622, 0.1057 -0.6639 0.3622, 0.0768 -0.5455 0.3622, 0.1172 -0.671 0.3622, 0.1195 -0.6748 0.3622, 0.1502 -0.6861 0.3622, 0.2168 -0.6418 0.3622, 0.2021 -0.6167 0.3622, 0.1385 -0.6499 0.3622, 0.1025 -0.6636 0.3622, 0.098 -0.6642 0.3622, 0.0919 -0.6351 0.3622, 0.0938 -0.6658 0.3622, 0.0814 -0.639 0.3622, 0.0901 -0.6684 0.3622, 0.0716 -0.6457 0.3622, 0.0878 -0.6709 0.3622, 0.0638 -0.6546 0.3622, 0.0854 -0.6749 0.3622, 0.0841 -0.6794 0.3622, 0.1202 -0.637 0.3622, 0.1088 -0.6341 0.3622, 0.1029 -0.6337 0.3622, 0.1141 -0.6677 0.3622, 0.09 -0.6958 0.3622, 0.0938 -0.6985 0.3622, 0.0788 -0.7226 0.3622, 0.0981 -0.7001 0.3622, 0.2324 -0.5948 0.3622, 0.2362 -0.5948 0.3622, 0.2557 -0.5692 0.3622, 0.2452 -0.5959 0.3622, 0.2579 -0.57 0.3622, 0.2535 -0.5991 0.3622, 0.272 -0.5769 0.3622, 0.2849 -0.5878 0.3622, 0.0975 -0.5351 0.3622, 0.1204 -0.5533 0.3622, 0.1086 -0.5256 0.3622, 0.133 -0.5441 0.3622, 0.1202 -0.5184 0.3622, 0.0485 -0.659 0.3622, 0.0518 -0.695 0.3622, 0.0579 -0.6968 0.3622, 0.0729 -0.5742 0.3622, 0.0773 -0.574 0.3622, 0.0823 -0.5458 0.3622, 0.088 -0.5753 0.3622, 0.0987 -0.579 0.3622, 0.1303 -0.6424 0.3622, 0.2609 -0.6043 0.3622, 0.2664 -0.6105 0.3622, 0.2946 -0.6013 0.3622, 0.2708 -0.6187 0.3622, 0.3004 -0.6157 0.3622, 0.3026 -0.6314 0.3622, 0.273 -0.6278 0.3622, 0.2732 -0.6318 0.3622, 0.3005 -0.6482 0.3622, 0.2721 -0.6411 0.3622, 0.2946 -0.6632 0.3622, 0.2688 -0.6495 0.3622, 0.2851 -0.6764 0.3622, 0.0405 -0.5547 0.3622, 0.0254 -0.5653 0.3622, 0.0417 -0.5902 0.3622, 0.0223 -0.5683 0.3622, 0.0352 -0.5997 0.3622, 0.0108 -0.583 0.3622, 0.0312 -0.6103 0.3622, 0.087 -0.6923 0.3622, 0.085 -0.6884 0.3622, 0.084 -0.684 0.3622, 0.2301 -0.5317 0.3622, 0.2113 -0.5533 0.3622, 0.2457 -0.5498 0.3622, 0.222 -0.5661 0.3622, 0.2294 -0.5813 0.3622, 0.1207 -0.6791 0.3622, 0.1209 -0.6837 0.3622, 0.1475 -0.6978 0.3622, 0.1199 -0.6883 0.3622, 0.142 -0.7085 0.3622, 0.1178 -0.6925 0.3622, 0.1342 -0.7173 0.3622, 0.1148 -0.6959 0.3622, 0.1247 -0.7238 0.3622, 0.1111 -0.6985 0.3622, 0.1141 -0.7278 0.3622, 0.107 -0.7001 0.3622, 0.1029 -0.7291 0.3622, 0.1025 -0.7006 0.3622, 0.1009 -0.7291 0.3622, 0.0897 -0.7273 0.3622, 0.142 -0.51 0.3622, 0.1485 -0.5378 0.3622, 0.1655 -0.5071 0.3622, 0.166 -0.5355 0.3622, 0.1851 -0.5091 0.3622, 0.1822 -0.5375 0.3622, 0.2089 -0.5175 0.3622, 0.1971 -0.5433 0.3622, 0.2104 -0.5525 0.3622, 0.0033 -0.6001 0.3622, 0.0001 -0.6179 0.3622, 0.0299 -0.6214 0.3622, -0.0 -0.6224 0.3622, 0.0304 -0.6285 0.3622, 0.0023 -0.6411 0.3622, 0.0338 -0.6402 0.3622, 0.0091 -0.6587 0.3622, 0.0399 -0.6504 0.3622, 0.0199 -0.6741 0.3622, 0.0347 -0.6867 0.3622, 0.2005 -0.6861 0.3622, 0.2016 -0.6893 0.3622, 0.2153 -0.6684 0.3622, 0.2035 -0.6923 0.3622, 0.2002 -0.6831 0.3622, 0.2149 -0.6684 0.3622, 0.2003 -0.6813 0.3622, 0.2118 -0.6687 0.3622, 0.2085 -0.6698 0.3622, 0.2636 -0.6569 0.3622, 0.2629 -0.6577 0.3622, 0.2722 -0.6873 0.3622, 0.2559 -0.6634 0.3622, 0.2578 -0.6944 0.3622, 0.2475 -0.6672 0.3622, 0.2419 -0.6978 0.3622, 0.2391 -0.6688 0.3622, 0.2139 -0.6978 0.3622, 0.2177 -0.6688 0.3622, 0.2128 -0.6977 0.3622, 0.2168 -0.6687 0.3622, 0.2096 -0.6968 0.3622, 0.2063 -0.695 0.3622, 0.2055 -0.6718 0.3622, 0.203 -0.6744 0.3622, 0.2012 -0.6777 0.3622, 0.2881 -0.5923 0.3583, 0.2946 -0.6013 0.3583, 0.2989 -0.6118 0.3583, 0.3004 -0.6157 0.3583, 0.3026 -0.6314 0.3583, 0.2849 -0.5878 0.3583, 0.272 -0.5769 0.3583, 0.2579 -0.57 0.3583, 0.2557 -0.5692 0.3583, 0.2457 -0.5498 0.3583, 0.2301 -0.5317 0.3583, 0.2192 -0.5244 0.3583, 0.2089 -0.5175 0.3583, 0.1851 -0.5091 0.3583, 0.1655 -0.5071 0.3583, 0.1086 -0.5256 0.3583, 0.1105 -0.5244 0.3583, 0.1202 -0.5184 0.3583, 0.142 -0.51 0.3583, 0.0975 -0.5351 0.3583, 0.0877 -0.5464 0.3583, 0.0823 -0.5458 0.3583, 0.0768 -0.5455 0.3583, 0.0581 -0.5478 0.3583, 0.0405 -0.5547 0.3583, 0.0254 -0.5653 0.3583, 0.0223 -0.5683 0.3583, 0.0108 -0.583 0.3583, 0.0067 -0.5923 0.3583, 0.0033 -0.6001 0.3583, 0.0012 -0.6118 0.3583, 0.0001 -0.6179 0.3583, -0.0 -0.6224 0.3583, 0.0023 -0.6411 0.3583, 0.0091 -0.6587 0.3583, 0.0199 -0.6741 0.3583, 0.0347 -0.6867 0.3583, 0.0518 -0.695 0.3583, 0.0579 -0.6968 0.3583, 0.0585 -0.6981 0.3583, 0.0625 -0.7069 0.3583, 0.0695 -0.7156 0.3583, 0.0788 -0.7226 0.3583, 0.0833 -0.7245 0.3583, 0.0897 -0.7273 0.3583, 0.1009 -0.7291 0.3583, 0.1029 -0.7291 0.3583, 0.1141 -0.7278 0.3583, 0.1226 -0.7245 0.3583, 0.1247 -0.7238 0.3583, 0.1342 -0.7173 0.3583, 0.142 -0.7085 0.3583, 0.1474 -0.6981 0.3583, 0.1475 -0.6978 0.3583, 0.1502 -0.6861 0.3583, 0.1504 -0.6817 0.3583, 0.1504 -0.6769 0.3583, 0.2168 -0.6418 0.3583, 0.2021 -0.6167 0.3583, 0.1385 -0.6499 0.3583, 0.1303 -0.6424 0.3583, 0.1202 -0.637 0.3583, 0.1088 -0.6341 0.3583, 0.1029 -0.6337 0.3583, 0.0919 -0.6351 0.3583, 0.0814 -0.639 0.3583, 0.0716 -0.6457 0.3583, 0.0638 -0.6546 0.3583, 0.0583 -0.6651 0.3583, 0.0485 -0.659 0.3583, 0.0399 -0.6504 0.3583, 0.0338 -0.6402 0.3583, 0.0304 -0.6285 0.3583, 0.0299 -0.6214 0.3583, 0.031 -0.6118 0.3583, 0.0312 -0.6103 0.3583, 0.0352 -0.5997 0.3583, 0.0402 -0.5923 0.3583, 0.0417 -0.5902 0.3583, 0.0505 -0.5823 0.3583, 0.0612 -0.5768 0.3583, 0.0729 -0.5742 0.3583, 0.0773 -0.574 0.3583, 0.088 -0.5753 0.3583, 0.0987 -0.579 0.3583, 0.1025 -0.5811 0.3583, 0.1097 -0.566 0.3583, 0.1204 -0.5533 0.3583, 0.133 -0.5441 0.3583, 0.1485 -0.5378 0.3583, 0.166 -0.5355 0.3583, 0.1822 -0.5375 0.3583, 0.1971 -0.5433 0.3583, 0.2104 -0.5525 0.3583, 0.2113 -0.5533 0.3583, 0.222 -0.5661 0.3583, 0.2294 -0.5813 0.3583, 0.2319 -0.5923 0.3583, 0.2324 -0.5948 0.3583, 0.2362 -0.5948 0.3583, 0.2452 -0.5959 0.3583, 0.2535 -0.5991 0.3583, 0.2609 -0.6043 0.3583, 0.2664 -0.6105 0.3583, 0.2671 -0.6118 0.3583, 0.2708 -0.6187 0.3583, 0.273 -0.6278 0.3583, 0.2732 -0.6318 0.3583, 0.2721 -0.6411 0.3583, 0.2688 -0.6495 0.3583, 0.2636 -0.6569 0.3583, 0.2629 -0.6577 0.3583, 0.2559 -0.6634 0.3583, 0.2475 -0.6672 0.3583, 0.2391 -0.6688 0.3583, 0.2177 -0.6688 0.3583, 0.2168 -0.6687 0.3583, 0.2153 -0.6684 0.3583, 0.2149 -0.6684 0.3583, 0.2118 -0.6687 0.3583, 0.2085 -0.6698 0.3583, 0.2055 -0.6718 0.3583, 0.203 -0.6744 0.3583, 0.2012 -0.6777 0.3583, 0.2003 -0.6813 0.3583, 0.2002 -0.6831 0.3583, 0.2005 -0.6861 0.3583, 0.2016 -0.6893 0.3583, 0.2035 -0.6923 0.3583, 0.2063 -0.695 0.3583, 0.2096 -0.6968 0.3583, 0.2128 -0.6977 0.3583, 0.2139 -0.6978 0.3583, 0.2419 -0.6978 0.3583, 0.2578 -0.6944 0.3583, 0.2722 -0.6873 0.3583, 0.2851 -0.6764 0.3583, 0.2946 -0.6632 0.3583, 0.3005 -0.6482 0.3583, 0.1025 -0.6636 0.3583, 0.1057 -0.6639 0.3583, 0.1101 -0.6653 0.3583, 0.1141 -0.6677 0.3583, 0.1172 -0.671 0.3583, 0.1195 -0.6748 0.3583, 0.1207 -0.6791 0.3583, 0.1209 -0.6837 0.3583, 0.1199 -0.6883 0.3583, 0.1178 -0.6925 0.3583, 0.1148 -0.6959 0.3583, 0.1111 -0.6985 0.3583, 0.107 -0.7001 0.3583, 0.1025 -0.7006 0.3583, 0.0981 -0.7001 0.3583, 0.0938 -0.6985 0.3583, 0.09 -0.6958 0.3583, 0.087 -0.6923 0.3583, 0.085 -0.6884 0.3583, 0.084 -0.684 0.3583, 0.0841 -0.6794 0.3583, 0.0854 -0.6749 0.3583, 0.0878 -0.6709 0.3583, 0.0901 -0.6684 0.3583, 0.0938 -0.6658 0.3583, 0.098 -0.6642 0.3583
            ]
        }
        coordIndex [
            0,1,2,-1,3,4,5,-1,6,7,8,-1,9,10,11,-1,11,10,12,-1,5,4,13,-1,14,15,16,-1,17,18,10,-1,10,18,19,-1,10,19,12,-1,12,19,20,-1,21,22,23,-1,23,22,24,-1,23,24,25,-1,25,24,26,-1,25,26,27,-1,27,26,28,-1,27,28,29,-1,29,28,2,-1,29,2,30,-1,31,32,21,-1,21,32,33,-1,21,33,22,-1,9,11,16,-1,16,11,34,-1,16,34,14,-1,35,1,36,-1,36,1,37,-1,36,37,38,-1,39,40,41,-1,41,40,42,-1,41,42,43,-1,43,42,44,-1,43,44,45,-1,45,44,46,-1,6,8,47,-1,47,8,48,-1,47,48,49,-1,49,48,50,-1,49,50,51,-1,52,53,2,-1,2,53,54,-1,2,54,0,-1,4,55,13,-1,13,55,56,-1,13,56,57,-1,57,56,58,-1,57,58,6,-1,6,58,59,-1,6,59,7,-1,20,19,21,-1,21,19,60,-1,21,60,31,-1,44,61,46,-1,46,61,62,-1,46,62,63,-1,63,62,64,-1,63,64,65,-1,65,64,66,-1,64,67,66,-1,66,67,68,-1,66,68,69,-1,69,68,70,-1,69,70,71,-1,71,70,72,-1,71,72,73,-1,5,74,3,-1,3,74,75,-1,3,75,76,-1,76,75,77,-1,76,77,78,-1,78,77,79,-1,78,79,80,-1,35,81,1,-1,1,81,82,-1,1,82,2,-1,2,82,83,-1,2,83,30,-1,84,85,86,-1,86,85,87,-1,86,87,41,-1,41,87,88,-1,41,88,39,-1,15,89,16,-1,16,89,90,-1,16,90,91,-1,91,90,92,-1,91,92,93,-1,93,92,94,-1,93,94,95,-1,95,94,96,-1,95,96,97,-1,97,96,98,-1,97,98,99,-1,99,98,100,-1,99,100,101,-1,101,100,102,-1,101,102,103,-1,103,102,38,-1,103,38,104,-1,104,38,37,-1,51,50,105,-1,105,50,106,-1,105,106,107,-1,107,106,108,-1,107,108,109,-1,109,108,110,-1,109,110,111,-1,111,110,112,-1,111,112,84,-1,84,112,113,-1,84,113,85,-1,79,114,80,-1,80,114,115,-1,80,115,116,-1,116,115,117,-1,116,117,118,-1,118,117,119,-1,118,119,120,-1,120,119,121,-1,120,121,122,-1,122,121,123,-1,122,123,52,-1,52,123,124,-1,52,124,53,-1,125,126,127,-1,127,126,128,-1,125,127,129,-1,129,127,130,-1,129,130,131,-1,131,130,132,-1,131,132,133,-1,72,134,73,-1,73,134,135,-1,73,135,136,-1,136,135,137,-1,136,137,138,-1,138,137,139,-1,138,139,140,-1,140,139,141,-1,140,141,142,-1,142,141,143,-1,142,143,144,-1,144,143,145,-1,144,145,146,-1,146,145,127,-1,146,127,147,-1,147,127,128,-1,133,148,131,-1,131,148,149,-1,131,149,150,-1,151,46,152,-1,152,46,63,-1,152,63,153,-1,153,63,65,-1,153,65,154,-1,154,65,66,-1,154,66,155,-1,151,156,46,-1,46,156,157,-1,46,157,45,-1,45,157,158,-1,45,158,43,-1,43,158,159,-1,43,159,41,-1,41,159,160,-1,41,160,86,-1,86,160,161,-1,86,161,84,-1,111,84,162,-1,162,84,161,-1,162,163,111,-1,111,163,164,-1,111,164,109,-1,109,164,165,-1,109,165,107,-1,166,49,167,-1,167,49,51,-1,167,51,168,-1,168,51,105,-1,168,105,169,-1,169,105,107,-1,169,107,165,-1,49,166,170,-1,49,170,47,-1,47,170,171,-1,47,171,6,-1,6,171,172,-1,6,172,57,-1,57,172,173,-1,57,173,13,-1,13,173,174,-1,13,174,5,-1,5,174,175,-1,5,175,74,-1,74,175,176,-1,74,176,75,-1,75,176,177,-1,75,177,77,-1,114,79,178,-1,178,79,77,-1,178,77,177,-1,178,179,114,-1,114,179,180,-1,114,180,115,-1,115,180,181,-1,181,182,115,-1,115,182,183,-1,115,183,117,-1,117,183,184,-1,117,184,119,-1,119,184,185,-1,119,185,121,-1,121,185,186,-1,121,186,123,-1,123,186,187,-1,123,187,124,-1,124,187,188,-1,124,188,53,-1,53,188,189,-1,53,189,54,-1,54,189,190,-1,54,190,0,-1,190,191,0,-1,0,191,192,-1,0,192,1,-1,1,192,193,-1,1,193,37,-1,37,193,194,-1,37,194,104,-1,194,195,104,-1,104,195,196,-1,104,196,103,-1,103,196,197,-1,103,197,101,-1,101,197,198,-1,101,198,99,-1,99,198,199,-1,99,199,97,-1,199,200,97,-1,97,200,201,-1,97,201,95,-1,95,201,202,-1,95,202,93,-1,93,202,203,-1,93,203,91,-1,203,204,91,-1,91,204,205,-1,91,205,16,-1,16,205,206,-1,16,206,9,-1,10,9,207,-1,207,9,206,-1,17,10,208,-1,208,10,207,-1,18,17,209,-1,209,17,208,-1,19,18,210,-1,210,18,209,-1,19,210,211,-1,19,211,60,-1,60,211,212,-1,60,212,31,-1,31,212,213,-1,31,213,32,-1,32,213,214,-1,32,214,33,-1,33,214,215,-1,33,215,22,-1,22,215,216,-1,22,216,24,-1,24,216,217,-1,24,217,26,-1,26,217,218,-1,26,218,28,-1,28,218,219,-1,28,219,2,-1,2,219,220,-1,2,220,52,-1,52,220,221,-1,52,221,122,-1,122,221,222,-1,122,222,120,-1,120,222,223,-1,120,223,118,-1,118,223,224,-1,118,224,116,-1,116,224,225,-1,116,225,80,-1,80,225,226,-1,80,226,227,-1,228,76,227,-1,227,76,78,-1,227,78,80,-1,228,229,76,-1,76,229,230,-1,76,230,3,-1,3,230,231,-1,3,231,4,-1,4,231,232,-1,4,232,55,-1,55,232,233,-1,55,233,56,-1,56,233,234,-1,56,234,58,-1,58,234,235,-1,58,235,59,-1,59,235,236,-1,59,236,7,-1,7,236,237,-1,7,237,8,-1,8,237,238,-1,8,238,48,-1,48,238,239,-1,48,239,50,-1,50,239,240,-1,50,240,106,-1,106,240,241,-1,106,241,108,-1,108,241,242,-1,108,242,110,-1,110,242,243,-1,110,243,112,-1,112,243,244,-1,112,244,113,-1,113,244,245,-1,113,245,85,-1,85,245,246,-1,85,246,87,-1,87,246,247,-1,87,247,88,-1,88,247,39,-1,39,247,248,-1,39,248,249,-1,40,39,250,-1,250,39,249,-1,40,250,251,-1,40,251,42,-1,42,251,252,-1,42,252,44,-1,44,252,253,-1,44,253,61,-1,61,253,254,-1,61,254,62,-1,62,254,255,-1,62,255,64,-1,255,256,64,-1,64,256,257,-1,64,257,67,-1,67,257,258,-1,67,258,68,-1,68,258,259,-1,68,259,70,-1,70,259,260,-1,70,260,72,-1,72,260,261,-1,72,261,134,-1,134,261,262,-1,134,262,135,-1,135,262,263,-1,135,263,137,-1,137,263,264,-1,137,264,139,-1,139,264,265,-1,139,265,141,-1,143,141,266,-1,266,141,265,-1,143,266,267,-1,143,267,145,-1,145,267,268,-1,145,268,127,-1,127,268,269,-1,127,269,130,-1,130,269,270,-1,130,270,132,-1,132,270,271,-1,132,271,133,-1,133,271,272,-1,133,272,148,-1,148,272,273,-1,148,273,149,-1,149,273,274,-1,149,274,150,-1,150,274,275,-1,150,275,131,-1,131,275,276,-1,131,276,129,-1,129,276,277,-1,129,277,125,-1,125,277,278,-1,125,278,126,-1,126,278,279,-1,126,279,128,-1,128,279,280,-1,128,280,147,-1,147,280,281,-1,147,281,146,-1,146,281,282,-1,146,282,144,-1,144,282,283,-1,144,283,142,-1,140,142,284,-1,284,142,283,-1,140,284,285,-1,140,285,138,-1,138,285,286,-1,138,286,136,-1,136,286,287,-1,136,287,73,-1,73,287,288,-1,73,288,71,-1,71,288,289,-1,71,289,69,-1,69,289,155,-1,69,155,66,-1,20,290,291,-1,20,291,12,-1,12,291,292,-1,12,292,11,-1,11,292,293,-1,11,293,34,-1,34,293,294,-1,34,294,14,-1,14,294,295,-1,14,295,15,-1,15,295,296,-1,15,296,89,-1,89,296,297,-1,89,297,90,-1,90,297,298,-1,90,298,92,-1,92,298,299,-1,92,299,94,-1,94,299,300,-1,94,300,96,-1,96,300,301,-1,96,301,98,-1,98,301,302,-1,98,302,100,-1,100,302,303,-1,100,303,102,-1,102,303,304,-1,102,304,38,-1,38,304,305,-1,38,305,36,-1,36,305,306,-1,36,306,35,-1,35,306,307,-1,35,307,81,-1,81,307,308,-1,81,308,82,-1,82,308,309,-1,82,309,83,-1,83,309,310,-1,83,310,30,-1,30,310,311,-1,30,311,29,-1,29,311,312,-1,29,312,27,-1,27,312,313,-1,27,313,25,-1,25,313,314,-1,25,314,23,-1,23,314,315,-1,23,315,21,-1,21,315,290,-1,21,290,20,-1,
        ]
    }
}
Shape{
    appearance Appearance {
        material  Material 	{
            diffuseColor 0.2235294117647059 0.2235294117647059 0.2235294117647059
            specularColor 0.11372549019607843 0.11372549019607843 0.11372549019607843
            ambientIntensity 0.2235
            transparency 0.0
            shininess 0.5
        }
    }
    geometry IndexedFaceSet {
        ccw TRUE
        solid FALSE
        coord DEF co Coordinate {
            point [
                0.1025 -0.7006 0.3583, 0.0901 -0.6684 0.3583, 0.0878 -0.6709 0.3583, 0.1025 -0.6636 0.3583, 0.1057 -0.6639 0.3583, 0.107 -0.7001 0.3583, 0.098 -0.6642 0.3583, 0.0938 -0.6658 0.3583, 0.1148 -0.6959 0.3583, 0.1172 -0.671 0.3583, 0.1141 -0.6677 0.3583, 0.085 -0.6884 0.3583, 0.087 -0.6923 0.3583, 0.09 -0.6958 0.3583, 0.1111 -0.6985 0.3583, 0.1101 -0.6653 0.3583, 0.0854 -0.6749 0.3583, 0.0841 -0.6794 0.3583, 0.084 -0.684 0.3583, 0.0938 -0.6985 0.3583, 0.0981 -0.7001 0.3583, 0.1199 -0.6883 0.3583, 0.1209 -0.6837 0.3583, 0.1178 -0.6925 0.3583, 0.1207 -0.6791 0.3583, 0.1195 -0.6748 0.3583
            ]
        }
        coordIndex [
            0,1,2,-1,3,0,4,-1,4,0,5,-1,3,6,0,-1,0,6,7,-1,0,7,1,-1,8,9,10,-1,11,12,2,-1,2,12,13,-1,5,14,4,-1,4,14,8,-1,4,8,15,-1,15,8,10,-1,16,17,2,-1,2,17,18,-1,2,18,11,-1,13,19,2,-1,2,19,20,-1,2,20,0,-1,21,22,23,-1,23,22,24,-1,23,24,8,-1,8,24,25,-1,8,25,9,-1,
        ]
    }
}